,0,1,2,3,4,5,6,7,8,9,10,11,12,13,14,15,16,17,18,19,20,21,22,23,24,25,26,27,28,29,30,31,32,33,34,35,36,37,38,39,40,41,42,43,44,45,46,47,48,49,50,51,52,53,54,55,56,57,58,59,60,61,62,63,64,65,66,67,68,69,70,71,72,73,74,75,76,77,78,79,80,81,82,83,84,85,86,87,88,89,90,91,92,93,94,95,96,97,98,99,100
0,6.469214e-05,6.800052e-05,6.0121296e-05,4.770852e-05,3.7678674e-05,3.3165485e-05,3.3666704e-05,3.7885307e-05,4.4091634e-05,5.0541566e-05,5.6054243e-05,5.8779162e-05,5.837487e-05,5.8407844e-05,6.145863e-05,6.4727596e-05,6.421395e-05,6.0391227e-05,5.7444384e-05,5.7399666e-05,5.816682e-05,5.7999685e-05,5.7804777e-05,5.8359517e-05,5.927016e-05,6.113492e-05,6.5970045e-05,7.3041476e-05,7.775379e-05,7.93766e-05,8.3138795e-05,9.026329e-05,9.475109e-05,9.348133e-05,9.073315e-05,8.9470836e-05,8.830239e-05,8.8688634e-05,9.37498e-05,9.981325e-05,0.00010048214,9.6162454e-05,9.1349844e-05,8.842631e-05,8.8549044e-05,9.2548165e-05,9.881804e-05,0.00010499368,0.000110817076,0.00011591893,0.000118084456,0.00011591893,0.00011081707,0.00010499368,9.881805e-05,9.2548165e-05,8.8549044e-05,8.842631e-05,9.1349844e-05,9.6162454e-05,0.00010048214,9.981326e-05,9.37498e-05,8.868863e-05,8.830239e-05,8.9470836e-05,9.073315e-05,9.348133e-05,9.47511e-05,9.026328e-05,8.3138795e-05,7.93766e-05,7.77538e-05,7.3041476e-05,6.5970045e-05,6.113491e-05,5.927016e-05,5.835952e-05,5.7804777e-05,5.7999685e-05,5.8166825e-05,5.739967e-05,5.7444384e-05,6.039123e-05,6.421395e-05,6.47276e-05,6.1458624e-05,5.8407844e-05,5.8374873e-05,5.8779162e-05,5.6054247e-05,5.0541563e-05,4.4091634e-05,3.7885307e-05,3.3666704e-05,3.3165485e-05,3.7678674e-05,4.770852e-05,6.0121292e-05,6.800052e-05,6.469214e-05
1,6.352052e-05,6.385836e-05,5.6005716e-05,4.6902067e-05,4.2058036e-05,4.2412423e-05,4.6072008e-05,5.0274386e-05,5.194138e-05,5.150181e-05,5.2186922e-05,5.4094024e-05,5.5874058e-05,5.951484e-05,6.592653e-05,7.082347e-05,7.04396e-05,6.628207e-05,6.2347026e-05,6.091911e-05,6.1177605e-05,6.100614e-05,5.9591956e-05,5.818609e-05,5.8862468e-05,6.239009e-05,6.830944e-05,7.497748e-05,7.8971956e-05,8.053993e-05,8.536995e-05,9.44997e-05,0.000101003774,0.00010064535,9.6697724e-05,9.259618e-05,8.9138885e-05,8.8714965e-05,9.3269875e-05,9.9115e-05,0.00010120071,0.00010002582,9.888917e-05,9.8524615e-05,9.8488585e-05,9.931257e-05,0.00010115288,0.000103828235,0.00010750772,0.000111423564,0.00011321782,0.000111423564,0.00010750773,0.000103828235,0.00010115288,9.931258e-05,9.8488585e-05,9.8524615e-05,9.888917e-05,0.00010002583,0.000101200705,9.9115e-05,9.3269875e-05,8.8714965e-05,8.9138885e-05,9.259617e-05,9.6697724e-05,0.000100645346,0.00010100378,9.44997e-05,8.536996e-05,8.053993e-05,7.897196e-05,7.497748e-05,6.830944e-05,6.239009e-05,5.8862468e-05,5.818609e-05,5.9591956e-05,6.1006136e-05,6.1177605e-05,6.091911e-05,6.2347026e-05,6.628207e-05,7.043959e-05,7.082347e-05,6.592653e-05,5.951484e-05,5.5874058e-05,5.4094027e-05,5.2186922e-05,5.150181e-05,5.1941384e-05,5.027439e-05,4.6072004e-05,4.2412423e-05,4.2058033e-05,4.6902063e-05,5.6005716e-05,6.385836e-05,6.352052e-05
2,6.0654496e-05,5.914114e-05,5.1935087e-05,4.5732188e-05,4.5076908e-05,4.8924612e-05,5.432794e-05,5.75949e-05,5.49616e-05,4.9252052e-05,4.7085046e-05,4.8557955e-05,5.0356306e-05,5.408287e-05,6.1453495e-05,6.813738e-05,6.961198e-05,6.6866094e-05,6.352139e-05,6.241987e-05,6.4228574e-05,6.662233e-05,6.684578e-05,6.541446e-05,6.5219705e-05,6.728517e-05,7.089492e-05,7.541661e-05,7.906887e-05,8.2114944e-05,8.907163e-05,0.00010032471,0.00010869212,0.00010919358,0.000104447594,9.851501e-05,9.341912e-05,9.162112e-05,9.462454e-05,9.969853e-05,0.000103057566,0.000104515,0.000105765175,0.00010705824,0.00010759857,0.00010666635,0.0001043247,0.00010224028,0.000101976155,0.00010323094,0.00010408138,0.00010323094,0.00010197616,0.00010224029,0.0001043247,0.00010666635,0.00010759857,0.00010705824,0.000105765175,0.000104515,0.000103057566,9.969853e-05,9.462454e-05,9.162112e-05,9.341912e-05,9.851501e-05,0.00010444759,0.00010919357,0.00010869211,0.00010032471,8.907163e-05,8.2114944e-05,7.906888e-05,7.541661e-05,7.089492e-05,6.728517e-05,6.5219705e-05,6.541447e-05,6.684578e-05,6.6622335e-05,6.4228574e-05,6.241987e-05,6.352139e-05,6.6866094e-05,6.961198e-05,6.813737e-05,6.145349e-05,5.408287e-05,5.035631e-05,4.855795e-05,4.7085046e-05,4.9252056e-05,5.49616e-05,5.75949e-05,5.432794e-05,4.892461e-05,4.5076908e-05,4.5732188e-05,5.1935087e-05,5.914114e-05,6.06545e-05
3,5.7926405e-05,5.6969777e-05,5.1648134e-05,4.697682e-05,4.719191e-05,5.1123243e-05,5.5781915e-05,5.7658726e-05,5.3815445e-05,4.8407004e-05,4.7961523e-05,5.022104e-05,4.985268e-05,4.9507762e-05,5.406289e-05,6.100034e-05,6.4710126e-05,6.4254535e-05,6.244617e-05,6.248091e-05,6.634357e-05,7.261483e-05,7.713264e-05,7.783013e-05,7.651844e-05,7.499538e-05,7.414418e-05,7.542908e-05,7.8816636e-05,8.3953906e-05,9.3276205e-05,0.00010629822,0.000115792776,0.00011660962,0.00011163204,0.00010568746,0.00010090221,9.8664794e-05,9.9866076e-05,0.000102982114,0.00010570981,0.000107418906,0.00010848378,0.00010930828,0.00011009713,0.000109585744,0.00010639216,0.00010194816,9.841945e-05,9.658962e-05,9.612045e-05,9.658962e-05,9.8419456e-05,0.00010194815,0.000106392166,0.00010958574,0.000110097135,0.00010930828,0.00010848378,0.0001074189,0.00010570981,0.00010298212,9.9866076e-05,9.86648e-05,0.0001009022,0.00010568746,0.00011163204,0.00011660962,0.000115792776,0.00010629822,9.3276205e-05,8.3953906e-05,7.8816636e-05,7.5429074e-05,7.4144176e-05,7.499539e-05,7.651844e-05,7.783013e-05,7.7132645e-05,7.261483e-05,6.634357e-05,6.248091e-05,6.244617e-05,6.4254535e-05,6.4710126e-05,6.100034e-05,5.406289e-05,4.950776e-05,4.9852682e-05,5.0221042e-05,4.796152e-05,4.8407e-05,5.381544e-05,5.7658726e-05,5.5781915e-05,5.1123243e-05,4.719191e-05,4.697682e-05,5.1648138e-05,5.6969773e-05,5.79264e-05
4,5.720898e-05,5.7324516e-05,5.408264e-05,5.0186718e-05,4.9278664e-05,5.1195326e-05,5.370508e-05,5.4273267e-05,5.2103307e-05,5.141864e-05,5.5538778e-05,5.916949e-05,5.6367026e-05,5.1416966e-05,5.231041e-05,5.871272e-05,6.4277396e-05,6.6289795e-05,6.660917e-05,6.7511195e-05,7.128561e-05,7.889409e-05,8.683667e-05,9.026195e-05,8.821601e-05,8.255345e-05,7.6291006e-05,7.376194e-05,7.691652e-05,8.449872e-05,9.6272735e-05,0.0001104948,0.00012020668,0.000120979064,0.00011619193,0.000110983354,0.00010780243,0.00010699569,0.00010789203,0.000109276494,0.00011021821,0.000110156,0.000108674256,0.00010670463,0.00010615424,0.00010677857,0.0001061779,0.000103414655,9.909862e-05,9.477914e-05,9.291654e-05,9.477914e-05,9.909862e-05,0.000103414655,0.0001061779,0.00010677856,0.00010615424,0.000106704625,0.000108674256,0.000110156,0.0001102182,0.00010927649,0.00010789203,0.00010699569,0.000107802436,0.000110983354,0.00011619193,0.00012097907,0.00012020668,0.0001104948,9.627274e-05,8.449872e-05,7.691653e-05,7.376194e-05,7.6291006e-05,8.255346e-05,8.821601e-05,9.026195e-05,8.683668e-05,7.889408e-05,7.1285605e-05,6.751119e-05,6.660918e-05,6.6289795e-05,6.4277396e-05,5.8712718e-05,5.231041e-05,5.1416966e-05,5.6367022e-05,5.916949e-05,5.553878e-05,5.141864e-05,5.210331e-05,5.427327e-05,5.370508e-05,5.1195326e-05,4.927866e-05,5.0186718e-05,5.4082637e-05,5.7324516e-05,5.7208978e-05
5,5.763718e-05,5.8233403e-05,5.6187055e-05,5.3083833e-05,5.169514e-05,5.214384e-05,5.2856223e-05,5.269955e-05,5.2899988e-05,5.6908408e-05,6.474162e-05,6.9645415e-05,6.633646e-05,5.973219e-05,5.8612713e-05,6.406431e-05,7.052084e-05,7.500274e-05,7.814016e-05,7.9702375e-05,8.107779e-05,8.629212e-05,9.483121e-05,0.00010054672,9.866685e-05,8.957575e-05,7.835764e-05,7.246273e-05,7.5745615e-05,8.6199296e-05,0.00010022858,0.00011382216,0.00012164371,0.00012210594,0.0001186465,0.00011493224,0.00011342405,0.000114352806,0.00011566726,0.00011632676,0.000116545736,0.00011512782,0.000110604575,0.00010484423,0.000101706944,0.00010248561,0.00010473231,0.00010536189,0.000102667924,9.786529e-05,9.5354706e-05,9.78653e-05,0.00010266793,0.00010536189,0.0001047323,0.00010248561,0.00010170694,0.00010484422,0.000110604575,0.00011512783,0.00011654573,0.000116326766,0.00011566726,0.0001143528,0.00011342406,0.00011493225,0.0001186465,0.00012210594,0.00012164371,0.000113822156,0.000100228586,8.619929e-05,7.574561e-05,7.246273e-05,7.835764e-05,8.957575e-05,9.866686e-05,0.00010054672,9.483121e-05,8.629212e-05,8.107779e-05,7.9702375e-05,7.814016e-05,7.500274e-05,7.0520844e-05,6.406431e-05,5.8612706e-05,5.973219e-05,6.633646e-05,6.9645415e-05,6.474162e-05,5.6908408e-05,5.2899988e-05,5.2699554e-05,5.2856223e-05,5.214384e-05,5.1695137e-05,5.308383e-05,5.6187055e-05,5.8233403e-05,5.7637175e-05
6,5.845314e-05,5.941024e-05,5.7330366e-05,5.4531723e-05,5.3637414e-05,5.3845015e-05,5.3537336e-05,5.3008407e-05,5.4638753e-05,6.0975224e-05,7.0882284e-05,7.774248e-05,7.639786e-05,7.0668786e-05,6.81487e-05,7.106835e-05,7.677306e-05,8.364173e-05,9.042316e-05,9.344886e-05,9.286453e-05,9.501344e-05,0.00010258361,0.00010951191,0.00010823519,9.782373e-05,8.4703206e-05,7.745455e-05,8.067426e-05,9.2482165e-05,0.0001066663,0.00011700409,0.00012109315,0.00012158888,0.00012137311,0.00012056864,0.00012027166,0.000121181016,0.00012170446,0.00012203284,0.00012322253,0.00012230707,0.00011596242,0.00010709825,0.000101464364,0.00010122406,0.000104364706,0.000107479966,0.000107548054,0.00010436662,0.000102245074,0.00010436661,0.000107548054,0.000107479966,0.000104364706,0.00010122406,0.000101464364,0.00010709824,0.00011596243,0.00012230707,0.00012322253,0.00012203284,0.000121704456,0.000121181016,0.00012027166,0.00012056864,0.0001213731,0.00012158887,0.00012109315,0.00011700409,0.0001066663,9.2482165e-05,8.067426e-05,7.745455e-05,8.470321e-05,9.782374e-05,0.00010823519,0.000109511915,0.0001025836,9.501344e-05,9.286453e-05,9.344887e-05,9.042316e-05,8.364173e-05,7.677307e-05,7.106836e-05,6.81487e-05,7.0668786e-05,7.639786e-05,7.774247e-05,7.088229e-05,6.0975224e-05,5.4638753e-05,5.3008407e-05,5.3537336e-05,5.384501e-05,5.3637414e-05,5.453172e-05,5.7330366e-05,5.9410235e-05,5.8453137e-05
7,5.9465983e-05,6.133443e-05,5.8920068e-05,5.557601e-05,5.4746648e-05,5.5002678e-05,5.4367527e-05,5.36538e-05,5.5247896e-05,6.156706e-05,7.249594e-05,8.2090206e-05,8.400099e-05,7.978098e-05,7.540669e-05,7.4405165e-05,7.780011e-05,8.593437e-05,9.586072e-05,0.00010144153,0.00010196469,0.000104076986,0.00011111656,0.00011756322,0.000116456926,0.00010775296,9.741222e-05,9.162586e-05,9.387784e-05,0.00010335632,0.000113989205,0.00011954078,0.00012017337,0.00012120718,0.00012462438,0.00012744215,0.00012859091,0.0001287394,0.00012774637,0.00012760697,0.00012989386,0.00013006009,0.00012337725,0.00011349679,0.00010709629,0.000106112595,0.00010902839,0.000113422364,0.00011581235,0.00011444771,0.00011291225,0.00011444771,0.00011581235,0.000113422364,0.000109028384,0.0001061126,0.00010709629,0.00011349679,0.00012337725,0.00013006007,0.00012989386,0.00012760697,0.00012774637,0.00012873941,0.00012859091,0.00012744215,0.00012462439,0.00012120718,0.00012017337,0.00011954079,0.00011398921,0.00010335632,9.387783e-05,9.162586e-05,9.741222e-05,0.00010775296,0.000116456926,0.00011756322,0.00011111656,0.00010407699,0.00010196469,0.00010144153,9.586072e-05,8.593437e-05,7.780011e-05,7.4405165e-05,7.540669e-05,7.978098e-05,8.400099e-05,8.2090206e-05,7.249594e-05,6.156706e-05,5.5247892e-05,5.36538e-05,5.4367523e-05,5.5002678e-05,5.4746648e-05,5.5576005e-05,5.8920068e-05,6.133443e-05,5.946598e-05
8,5.916917e-05,6.231386e-05,6.0828057e-05,5.750789e-05,5.6496887e-05,5.72235e-05,5.7902955e-05,5.8171983e-05,5.882463e-05,6.275054e-05,7.205003e-05,8.212189e-05,8.6079766e-05,8.356471e-05,7.874397e-05,7.531305e-05,7.625995e-05,8.319158e-05,9.327572e-05,0.00010077897,0.00010493233,0.000110588946,0.000118749784,0.00012415065,0.00012320207,0.00011820879,0.00011311495,0.00011025982,0.0001112596,0.0001159399,0.00012071516,0.00012209013,0.00012120245,0.0001225619,0.00012746979,0.00013276542,0.00013612524,0.00013690337,0.0001354627,0.00013489835,0.0001370053,0.0001370936,0.00013080958,0.00012227686,0.00011753778,0.00011738656,0.000120559875,0.00012537355,0.00012821663,0.00012699788,0.00012546165,0.00012699788,0.00012821663,0.00012537354,0.000120559875,0.00011738656,0.000117537784,0.00012227686,0.00013080958,0.0001370936,0.00013700529,0.00013489835,0.0001354627,0.00013690337,0.00013612522,0.00013276542,0.00012746979,0.0001225619,0.00012120245,0.00012209012,0.000120715165,0.00011593991,0.0001112596,0.00011025982,0.00011311495,0.00011820877,0.00012320206,0.00012415065,0.00011874978,0.000110588946,0.00010493233,0.00010077896,9.327571e-05,8.319159e-05,7.625995e-05,7.531305e-05,7.874397e-05,8.356471e-05,8.6079766e-05,8.2121885e-05,7.205004e-05,6.275054e-05,5.8824633e-05,5.8171983e-05,5.7902955e-05,5.7223504e-05,5.6496887e-05,5.750789e-05,6.0828053e-05,6.231387e-05,5.916917e-05
9,5.7928766e-05,6.208787e-05,6.28892e-05,6.164634e-05,6.199789e-05,6.443612e-05,6.797655e-05,7.0579685e-05,7.0388836e-05,7.017894e-05,7.42054e-05,8.04367e-05,8.371665e-05,8.301613e-05,8.031946e-05,7.777475e-05,7.766477e-05,8.1629376e-05,8.884257e-05,9.629514e-05,0.0001035617,0.00011316341,0.00012348917,0.00012928163,0.00012969207,0.00012811137,0.00012651214,0.00012561053,0.00012618782,0.00012745285,0.000128088,0.00012799662,0.00012767524,0.00012852983,0.00013193116,0.00013717065,0.00014206687,0.0001443012,0.00014367342,0.00014326282,0.00014449841,0.00014344954,0.00013752842,0.00013128454,0.00012948542,0.00013162644,0.00013578746,0.00013992965,0.00014094077,0.00013823563,0.00013623651,0.00013823564,0.00014094077,0.00013992965,0.00013578747,0.00013162644,0.0001294854,0.00013128454,0.0001375284,0.00014344952,0.00014449841,0.00014326282,0.00014367343,0.00014430122,0.00014206687,0.00013717065,0.00013193116,0.00012852983,0.00012767524,0.00012799661,0.000128088,0.00012745283,0.00012618782,0.00012561053,0.00012651214,0.00012811137,0.00012969207,0.00012928165,0.00012348917,0.00011316342,0.0001035617,9.629514e-05,8.884257e-05,8.162938e-05,7.766478e-05,7.777474e-05,8.031946e-05,8.301613e-05,8.371666e-05,8.0436694e-05,7.4205396e-05,7.017894e-05,7.0388836e-05,7.0579685e-05,6.797655e-05,6.443612e-05,6.199788e-05,6.164633e-05,6.28892e-05,6.208786e-05,5.7928766e-05
10,5.8968442e-05,6.332113e-05,6.628096e-05,6.865546e-05,7.228023e-05,7.6933764e-05,8.227891e-05,8.6322725e-05,8.575307e-05,8.239046e-05,8.140572e-05,8.350472e-05,8.5730004e-05,8.6513246e-05,8.6124746e-05,8.536049e-05,8.481142e-05,8.569177e-05,8.986101e-05,9.686319e-05,0.00010544405,0.00011617271,0.0001271611,0.00013413021,0.00013656801,0.00013629266,0.00013423471,0.00013280883,0.00013402442,0.00013610676,0.00013781339,0.00013992851,0.00014113632,0.00014042135,0.0001404858,0.00014357004,0.00014814513,0.00015106786,0.00015169606,0.00015222168,0.00015285931,0.00015049658,0.00014461216,0.00014021686,0.00014121448,0.00014601028,0.00015104153,0.00015338053,0.00015161815,0.00014746585,0.00014525838,0.00014746585,0.00015161814,0.00015338053,0.00015104152,0.0001460103,0.00014121448,0.00014021687,0.00014461216,0.00015049658,0.00015285931,0.00015222169,0.00015169608,0.00015106786,0.00014814513,0.00014357004,0.0001404858,0.00014042135,0.00014113632,0.00013992851,0.0001378134,0.00013610677,0.00013402442,0.00013280881,0.00013423472,0.00013629266,0.00013656801,0.00013413021,0.0001271611,0.00011617271,0.00010544404,9.6863194e-05,8.9861016e-05,8.5691776e-05,8.481143e-05,8.536049e-05,8.612474e-05,8.6513246e-05,8.573001e-05,8.350472e-05,8.140572e-05,8.239047e-05,8.575307e-05,8.632272e-05,8.227891e-05,7.693377e-05,7.2280236e-05,6.865546e-05,6.628096e-05,6.332113e-05,5.8968446e-05
11,6.36342e-05,6.6591e-05,6.9618225e-05,7.468797e-05,8.151724e-05,8.7350505e-05,9.19007e-05,9.512564e-05,9.467294e-05,9.158933e-05,9.0708156e-05,9.397034e-05,9.849481e-05,0.000100871635,0.000100730955,9.933603e-05,9.701912e-05,9.5293355e-05,9.811763e-05,0.00010602018,0.00011556532,0.00012529007,0.00013440473,0.0001408489,0.00014373816,0.00014238397,0.00013742334,0.00013388705,0.00013590124,0.00014161805,0.00014815589,0.00015426535,0.0001569214,0.00015485645,0.00015229656,0.00015305044,0.00015620636,0.0001590273,0.00016078775,0.00016217501,0.00016203854,0.00015833712,0.00015249144,0.00014967154,0.00015308619,0.00016014393,0.00016539985,0.00016560925,0.00016207033,0.00015826075,0.00015673209,0.00015826075,0.00016207033,0.00016560926,0.00016539985,0.00016014393,0.00015308619,0.00014967153,0.00015249146,0.00015833712,0.00016203854,0.00016217501,0.00016078775,0.0001590273,0.00015620636,0.00015305044,0.00015229656,0.00015485645,0.0001569214,0.00015426535,0.00014815589,0.00014161803,0.00013590124,0.00013388706,0.00013742334,0.00014238397,0.00014373817,0.00014084889,0.00013440475,0.00012529007,0.00011556532,0.00010602018,9.811762e-05,9.5293355e-05,9.701912e-05,9.933603e-05,0.00010073095,0.000100871635,9.849481e-05,9.397034e-05,9.0708156e-05,9.1589325e-05,9.467294e-05,9.512564e-05,9.19007e-05,8.7350505e-05,8.151724e-05,7.468797e-05,6.9618225e-05,6.6591e-05,6.36342e-05
12,6.9228125e-05,6.962262e-05,6.993726e-05,7.437816e-05,8.2046296e-05,8.8280874e-05,9.2236325e-05,9.4881056e-05,9.5006755e-05,9.3863346e-05,9.6524855e-05,0.00010511404,0.00011468831,0.000119047676,0.00011785006,0.00011422856,0.00010981208,0.00010696793,0.00011006094,0.00011924113,0.0001296965,0.00013842546,0.0001451447,0.00015002422,0.00015234115,0.00014957508,0.00014218753,0.00013628192,0.00013737965,0.00014496446,0.00015512743,0.00016426538,0.00016858094,0.00016716533,0.00016437315,0.00016432401,0.00016687586,0.00016984332,0.00017203506,0.00017282167,0.00017085066,0.00016602289,0.00016114392,0.00016054115,0.00016622317,0.00017468951,0.00017913536,0.00017716749,0.00017340138,0.00017200335,0.00017205649,0.00017200335,0.00017340138,0.00017716749,0.00017913536,0.0001746895,0.00016622315,0.00016054115,0.00016114392,0.00016602289,0.00017085068,0.00017282169,0.00017203506,0.00016984332,0.00016687586,0.00016432401,0.00016437317,0.00016716533,0.00016858094,0.00016426537,0.00015512743,0.00014496446,0.00013737965,0.00013628192,0.00014218753,0.00014957508,0.00015234115,0.00015002422,0.0001451447,0.00013842546,0.0001296965,0.00011924113,0.00011006094,0.000106967935,0.00010981208,0.00011422856,0.00011785006,0.00011904768,0.0001146883,0.00010511404,9.652486e-05,9.3863346e-05,9.5006755e-05,9.488105e-05,9.2236325e-05,8.8280874e-05,8.2046296e-05,7.437816e-05,6.993726e-05,6.962262e-05,6.922812e-05
13,7.295871e-05,7.1423914e-05,6.8007655e-05,6.8983805e-05,7.526901e-05,8.282768e-05,8.960873e-05,9.442451e-05,9.506629e-05,9.3717616e-05,9.7622535e-05,0.00010971542,0.00012277893,0.00012840237,0.00012689435,0.00012297713,0.00011911378,0.00011784929,0.0001223991,0.00013166174,0.00014114029,0.00014819785,0.0001533959,0.00015854163,0.00016215179,0.00015967518,0.00015126933,0.00014304015,0.00014124173,0.00014737109,0.00015795228,0.00016849472,0.00017495675,0.0001756468,0.00017405837,0.00017488834,0.00017847023,0.00018203081,0.00018373707,0.00018300256,0.00017984062,0.00017575515,0.00017326977,0.00017490423,0.0001816198,0.00018963183,0.00019185383,0.00018760296,0.00018458346,0.00018658125,0.00018856562,0.00018658125,0.00018458345,0.00018760296,0.00019185382,0.00018963183,0.0001816198,0.00017490421,0.00017326977,0.00017575515,0.00017984062,0.00018300256,0.00018373705,0.00018203082,0.00017847022,0.00017488834,0.00017405837,0.00017564678,0.00017495675,0.0001684947,0.00015795226,0.00014737109,0.00014124173,0.00014304015,0.00015126931,0.00015967518,0.00016215179,0.00015854162,0.0001533959,0.00014819784,0.00014114029,0.00013166174,0.0001223991,0.00011784929,0.00011911378,0.00012297714,0.00012689435,0.00012840237,0.00012277893,0.00010971543,9.7622535e-05,9.3717616e-05,9.506629e-05,9.4424504e-05,8.960873e-05,8.282768e-05,7.526901e-05,6.89838e-05,6.8007655e-05,7.142392e-05,7.295871e-05
14,7.4721174e-05,7.2953044e-05,6.7462875e-05,6.552329e-05,7.062742e-05,8.0652484e-05,9.193369e-05,9.9846686e-05,0.00010034884,9.636172e-05,9.771112e-05,0.000108792316,0.000121455814,0.00012693906,0.00012683927,0.00012609223,0.00012583227,0.00012788187,0.00013433876,0.00014290611,0.0001497572,0.00015363272,0.00015705175,0.00016344392,0.0001695728,0.00016843402,0.00016024569,0.00015149079,0.00014826526,0.00015252603,0.00016158393,0.00017196611,0.00018013526,0.0001829161,0.00018272185,0.00018489863,0.00018935426,0.00019231455,0.00019271109,0.00019183342,0.00019099494,0.00019107983,0.00019216619,0.00019479307,0.00019993907,0.00020500249,0.00020431013,0.00019880079,0.00019731562,0.00020245512,0.00020605634,0.00020245514,0.00019731562,0.00019880079,0.00020431014,0.00020500249,0.00019993907,0.00019479307,0.00019216619,0.00019107983,0.00019099494,0.00019183342,0.00019271109,0.00019231453,0.00018935426,0.00018489864,0.00018272185,0.00018291609,0.00018013526,0.00017196611,0.00016158394,0.00015252602,0.00014826526,0.00015149079,0.00016024569,0.00016843404,0.00016957281,0.00016344392,0.00015705175,0.00015363272,0.0001497572,0.00014290611,0.00013433876,0.00012788187,0.00012583227,0.00012609223,0.00012683927,0.00012693906,0.000121455814,0.000108792316,9.771112e-05,9.636172e-05,0.00010034884,9.9846686e-05,9.193368e-05,8.0652484e-05,7.062742e-05,6.552329e-05,6.7462875e-05,7.2953044e-05,7.472118e-05
15,7.430251e-05,7.3838455e-05,6.9324175e-05,6.786708e-05,7.4139054e-05,8.642513e-05,9.9731194e-05,0.00010829457,0.00010784884,0.0001012389,9.884652e-05,0.000106216045,0.000116223215,0.00012139484,0.00012416932,0.00012820947,0.00013249625,0.00013780726,0.00014578582,0.00015423122,0.0001599373,0.00016148516,0.00016217404,0.0001673221,0.00017366186,0.00017352878,0.00016757366,0.0001620028,0.00016092739,0.00016483865,0.00017178309,0.0001804234,0.00018869096,0.00019292918,0.00019427063,0.00019719516,0.00020071016,0.00020135069,0.00020017193,0.00020055792,0.00020410134,0.00020976971,0.00021489683,0.00021833065,0.0002211539,0.00022267713,0.00022002192,0.00021513313,0.0002156826,0.00022284403,0.00022731532,0.00022284404,0.00021568261,0.00021513313,0.00022002193,0.00022267713,0.00022115391,0.00021833065,0.00021489683,0.0002097697,0.00020410134,0.0002005579,0.00020017191,0.0002013507,0.00020071016,0.00019719517,0.00019427063,0.00019292918,0.00018869094,0.0001804234,0.00017178309,0.00016483865,0.00016092739,0.0001620028,0.00016757366,0.0001735288,0.00017366186,0.0001673221,0.00016217404,0.00016148516,0.0001599373,0.00015423124,0.00014578583,0.00013780726,0.00013249625,0.00012820947,0.00012416931,0.00012139484,0.000116223215,0.000106216045,9.884652e-05,0.0001012389,0.00010784884,0.00010829457,9.9731194e-05,8.6425134e-05,7.4139054e-05,6.786708e-05,6.9324175e-05,7.3838455e-05,7.4302516e-05
16,7.12225e-05,7.312491e-05,7.179576e-05,7.348737e-05,8.272896e-05,9.6520635e-05,0.000109068,0.00011607603,0.00011470951,0.00010678425,0.00010091273,0.000103538936,0.000110811576,0.000117033465,0.00012323898,0.00013112737,0.00013907465,0.00014698131,0.00015560843,0.00016450288,0.00017198159,0.00017440743,0.00017285289,0.00017379326,0.00017715625,0.00017779334,0.0001761283,0.00017575819,0.00017805464,0.0001825821,0.00018841887,0.0001953253,0.00020246295,0.00020728365,0.00021000083,0.0002128713,0.0002145555,0.00021334577,0.00021152012,0.00021258678,0.00021807713,0.00022649088,0.00023425504,0.0002393894,0.00024236768,0.00024319167,0.00024075169,0.00023736292,0.000239327,0.00024709327,0.00025168256,0.0002470933,0.000239327,0.00023736292,0.0002407517,0.00024319168,0.00024236768,0.0002393894,0.00023425504,0.00022649087,0.00021807713,0.00021258676,0.00021152012,0.00021334576,0.00021455549,0.0002128713,0.00021000084,0.00020728367,0.00020246295,0.00019532528,0.00018841887,0.0001825821,0.00017805463,0.00017575819,0.00017612829,0.00017779334,0.00017715625,0.00017379325,0.00017285289,0.00017440743,0.0001719816,0.00016450288,0.00015560843,0.00014698131,0.00013907465,0.00013112737,0.00012323896,0.00011703346,0.000110811576,0.000103538936,0.00010091273,0.00010678425,0.00011470952,0.00011607603,0.000109068,9.6520635e-05,8.272897e-05,7.3487376e-05,7.179576e-05,7.312491e-05,7.12225e-05
17,6.7355904e-05,7.185862e-05,7.413744e-05,7.8778925e-05,9.018361e-05,0.000104918436,0.00011701321,0.00012343412,0.00012249133,0.00011463179,0.000105795945,0.00010345786,0.00010830824,0.00011610015,0.00012482578,0.00013432615,0.00014393721,0.00015295683,0.00016092377,0.0001695262,0.0001793522,0.00018488952,0.00018342427,0.00018056677,0.00018044045,0.00018229849,0.00018547496,0.00018971086,0.00019459384,0.00020045483,0.00020731807,0.00021455411,0.00022138172,0.00022663863,0.00023016329,0.00023232287,0.00023257818,0.00023159347,0.00023097602,0.0002319543,0.00023587034,0.00024249677,0.00024961127,0.00025600594,0.00026156454,0.00026505988,0.00026469765,0.00026259208,0.00026471174,0.0002717257,0.00027584645,0.0002717257,0.00026471174,0.0002625921,0.00026469765,0.00026505988,0.00026156454,0.0002560059,0.00024961127,0.00024249677,0.00023587034,0.00023195431,0.00023097602,0.00023159347,0.00023257817,0.00023232287,0.00023016329,0.00022663863,0.00022138174,0.00021455411,0.00020731807,0.00020045482,0.00019459383,0.00018971086,0.00018547496,0.0001822985,0.00018044043,0.00018056677,0.00018342429,0.00018488952,0.00017935221,0.0001695262,0.00016092377,0.00015295683,0.00014393721,0.00013432617,0.00012482579,0.00011610015,0.00010830824,0.00010345786,0.000105795945,0.00011463179,0.00012249133,0.0001234341,0.00011701322,0.000104918436,9.018361e-05,7.8778925e-05,7.413744e-05,7.185862e-05,6.73559e-05
18,6.5303364e-05,7.160018e-05,7.723832e-05,8.394329e-05,9.544244e-05,0.00010994235,0.00012250226,0.00013006627,0.00013098391,0.00012479088,0.00011518956,0.00010966239,0.00011213363,0.00011986414,0.0001289536,0.00013799201,0.0001468916,0.00015498805,0.00016136636,0.00016851028,0.00017860692,0.00018659135,0.0001873541,0.00018405488,0.00018313111,0.00018744686,0.00019537107,0.00020350603,0.00021041297,0.00021748451,0.00022585408,0.00023480323,0.00024320194,0.00024998555,0.00025430368,0.00025556696,0.00025495753,0.00025551545,0.00025757306,0.0002591859,0.00026064034,0.0002631631,0.000267212,0.00027353468,0.00028135526,0.0002874902,0.0002893802,0.00028903462,0.00029137288,0.00029689528,0.00030000773,0.0002968953,0.00029137288,0.00028903465,0.00028938017,0.0002874902,0.00028135526,0.00027353468,0.000267212,0.00026316306,0.00026064034,0.0002591859,0.00025757303,0.00025551545,0.00025495753,0.00025556696,0.0002543037,0.00024998558,0.00024320194,0.00023480324,0.00022585408,0.0002174845,0.00021041298,0.00020350603,0.00019537107,0.00018744686,0.00018313111,0.00018405486,0.0001873541,0.00018659135,0.00017860693,0.00016851028,0.00016136636,0.00015498805,0.00014689159,0.00013799203,0.0001289536,0.00011986414,0.000112133624,0.00010966238,0.00011518957,0.00012479087,0.00013098391,0.00013006628,0.00012250226,0.00010994235,9.544244e-05,8.394329e-05,7.723832e-05,7.1600174e-05,6.5303364e-05
19,6.557978e-05,7.245505e-05,8.112265e-05,8.981007e-05,0.000100456615,0.000113395785,0.00012554953,0.00013375469,0.00013656708,0.0001337277,0.00012690743,0.00012128317,0.00012174189,0.00012772977,0.00013554117,0.00014293054,0.0001499266,0.00015670233,0.00016246754,0.00016857575,0.0001772213,0.00018531844,0.00018801178,0.00018688999,0.00018843877,0.00019652938,0.000209062,0.00022078252,0.00022883606,0.00023531794,0.00024334386,0.000253166,0.00026329205,0.00027213004,0.00027778736,0.00027897555,0.00027819062,0.00028004363,0.0002844012,0.00028747838,0.00028818077,0.0002882911,0.00029048347,0.000296533,0.00030437083,0.0003102217,0.00031342666,0.0003163994,0.00032088597,0.00032559098,0.00032765663,0.00032559098,0.00032088597,0.0003163994,0.0003134267,0.0003102217,0.00030437083,0.000296533,0.00029048347,0.0002882911,0.00028818077,0.00028747838,0.00028440118,0.00028004366,0.00027819062,0.00027897555,0.00027778736,0.00027213004,0.00026329208,0.000253166,0.00024334385,0.00023531794,0.00022883606,0.00022078252,0.00020906198,0.00019652936,0.00018843877,0.00018689,0.00018801178,0.00018531844,0.00017722129,0.00016857575,0.00016246754,0.00015670234,0.0001499266,0.00014293053,0.00013554117,0.00012772977,0.00012174189,0.00012128317,0.00012690743,0.0001337277,0.00013656708,0.00013375467,0.00012554952,0.000113395785,0.000100456615,8.981007e-05,8.112265e-05,7.245505e-05,6.557978e-05
20,6.850555e-05,7.483238e-05,8.440115e-05,9.368156e-05,0.00010349329,0.000115245,0.00012648148,0.00013409198,0.00013816927,0.00013956965,0.00013736737,0.00013311866,0.0001321254,0.00013650022,0.00014295135,0.00014849888,0.00015405196,0.00016121787,0.00016881763,0.0001758566,0.00018342299,0.00019029691,0.00019370142,0.00019539779,0.00020038855,0.00021133541,0.00022657946,0.00024040174,0.0002482964,0.00025281764,0.00025930422,0.0002686973,0.00027890294,0.00028862822,0.00029606087,0.00029904128,0.0002994303,0.00030162,0.00030612995,0.00031006837,0.00031213457,0.00031381464,0.00031765757,0.00032414883,0.00032992574,0.00033308775,0.0003368035,0.00034376522,0.00035172424,0.00035692652,0.00035849685,0.00035692652,0.00035172424,0.00034376522,0.00033680352,0.00033308775,0.00032992574,0.00032414886,0.00031765757,0.00031381464,0.00031213457,0.00031006837,0.00030612995,0.00030162,0.0002994303,0.00029904125,0.0002960609,0.00028862822,0.00027890297,0.00026869727,0.00025930422,0.0002528176,0.0002482964,0.00024040174,0.00022657946,0.0002113354,0.00020038855,0.00019539779,0.00019370142,0.00019029691,0.00018342299,0.0001758566,0.00016881764,0.00016121787,0.00015405196,0.00014849886,0.00014295135,0.00013650024,0.0001321254,0.00013311866,0.00013736737,0.00013956963,0.00013816927,0.000134092,0.00012648148,0.000115245,0.00010349328,9.368156e-05,8.440116e-05,7.483238e-05,6.850554e-05
21,7.483503e-05,7.9356236e-05,8.549662e-05,9.1700276e-05,0.00010031091,0.00011245592,0.00012413002,0.00013178488,0.00013756106,0.00014343424,0.00014556813,0.0001424198,0.0001400839,0.00014292501,0.0001478703,0.00015187496,0.00015740076,0.00016701857,0.00017825866,0.0001877399,0.00019543893,0.00020170712,0.0002062709,0.00021117298,0.00021859782,0.00022930568,0.0002434859,0.00025700827,0.0002643684,0.00026789226,0.00027385826,0.00028267872,0.00029161468,0.00030095692,0.0003105061,0.00031735044,0.00032080602,0.0003232938,0.00032638846,0.00032984314,0.00033371313,0.00033898736,0.00034620773,0.00035321477,0.0003562084,0.00035637588,0.00036015274,0.00036954883,0.0003791997,0.00038428354,0.00038543355,0.00038428354,0.0003791997,0.00036954883,0.00036015274,0.00035637588,0.0003562084,0.00035321477,0.00034620773,0.0003389874,0.00033371313,0.00032984314,0.00032638846,0.0003232938,0.00032080602,0.00031735044,0.00031050606,0.00030095692,0.00029161468,0.0002826787,0.00027385826,0.00026789226,0.00026436837,0.00025700827,0.0002434859,0.00022930566,0.00021859782,0.00021117297,0.00020627091,0.00020170711,0.00019543893,0.00018773992,0.00017825868,0.00016701857,0.00015740078,0.00015187496,0.0001478703,0.000142925,0.00014008388,0.0001424198,0.00014556815,0.00014343424,0.00013756106,0.00013178488,0.00012413003,0.00011245592,0.00010031091,9.170027e-05,8.549662e-05,7.9356236e-05,7.483503e-05
22,8.173403e-05,8.351896e-05,8.3290215e-05,8.3723484e-05,9.030669e-05,0.000103526065,0.00011736666,0.00012733012,0.0001363229,0.00014660181,0.0001523922,0.00015047308,0.00014720674,0.00014766725,0.00014958181,0.00015178823,0.0001584795,0.00017160879,0.00018638908,0.00019786788,0.00020612602,0.00021314231,0.00022030587,0.00022887287,0.00023791383,0.00024661893,0.0002576049,0.00026964123,0.00027731044,0.00028189347,0.00028883188,0.000297321,0.0003046401,0.00031338976,0.0003253515,0.00033693996,0.00034466022,0.00034859963,0.00035077505,0.0003532804,0.00035806192,0.00036607604,0.00037557058,0.00038214616,0.00038253117,0.0003806035,0.0003841522,0.00039343053,0.00040118556,0.00040353075,0.00040341652,0.00040353078,0.00040118556,0.00039343053,0.0003841522,0.00038060354,0.00038253117,0.00038214616,0.00037557058,0.00036607604,0.00035806192,0.0003532804,0.00035077505,0.00034859963,0.00034466022,0.00033693996,0.0003253515,0.00031338976,0.0003046401,0.000297321,0.00028883188,0.00028189347,0.00027731046,0.00026964123,0.0002576049,0.00024661893,0.00023791383,0.00022887287,0.00022030587,0.00021314231,0.00020612602,0.00019786788,0.00018638908,0.00017160877,0.0001584795,0.00015178823,0.00014958183,0.00014766725,0.00014720674,0.00015047308,0.0001523922,0.00014660181,0.0001363229,0.00012733012,0.00011736666,0.000103526065,9.030668e-05,8.372348e-05,8.3290215e-05,8.351896e-05,8.173403e-05
23,8.502908e-05,8.437332e-05,7.948721e-05,7.569937e-05,8.0066646e-05,9.333772e-05,0.000109853834,0.00012424478,0.00013738268,0.00015062335,0.00015855372,0.00015834368,0.00015562796,0.00015402102,0.00015195365,0.00015153922,0.00015902829,0.00017478876,0.00019122021,0.00020307055,0.00021218159,0.00022164291,0.00023238556,0.00024422142,0.00025479612,0.00026275474,0.00027175233,0.00028270477,0.00029111537,0.0002973513,0.0003052392,0.0003130242,0.00031907254,0.00032808902,0.00034260284,0.0003579419,0.00036907464,0.00037516467,0.00037786193,0.00038008776,0.00038553675,0.00039544544,0.00040605618,0.0004116998,0.00041039038,0.00040747673,0.0004101802,0.00041721994,0.0004210553,0.00041949548,0.00041775935,0.00041949548,0.0004210553,0.00041721994,0.0004101802,0.00040747673,0.00041039038,0.00041169982,0.00040605618,0.00039544544,0.00038553675,0.00038008776,0.00037786196,0.00037516464,0.00036907464,0.0003579419,0.00034260284,0.00032808902,0.00031907254,0.0003130242,0.00030523923,0.0002973513,0.00029111537,0.00028270477,0.0002717523,0.00026275477,0.00025479612,0.00024422142,0.00023238556,0.00022164291,0.00021218159,0.00020307057,0.0001912202,0.00017478876,0.00015902829,0.00015153922,0.00015195365,0.00015402102,0.00015562796,0.00015834368,0.00015855374,0.00015062335,0.00013738268,0.00012424478,0.00010985383,9.333772e-05,8.0066646e-05,7.569937e-05,7.948721e-05,8.4373314e-05,8.502908e-05
24,8.532026e-05,8.308038e-05,7.7705394e-05,7.425465e-05,7.7969795e-05,9.0405796e-05,0.000108764645,0.00012739006,0.00014337618,0.00015677375,0.00016485772,0.00016664604,0.00016596442,0.00016369071,0.00015862973,0.00015557368,0.00016207667,0.00017749576,0.00019336876,0.0002055939,0.00021745493,0.00023116377,0.0002454446,0.0002592792,0.00027123507,0.00028012553,0.0002886493,0.00029828594,0.00030639744,0.00031341924,0.00032156316,0.0003286042,0.00033431634,0.0003445397,0.0003611203,0.00037788798,0.00039007372,0.00039789316,0.00040226334,0.00040545472,0.00041247992,0.00042483903,0.00043705868,0.00044302488,0.0004421196,0.00043944074,0.00044026034,0.00044338306,0.00044346234,0.000439574,0.00043705385,0.000439574,0.00044346234,0.00044338303,0.00044026034,0.00043944074,0.00044211964,0.00044302488,0.00043705868,0.00042483903,0.0004124799,0.00040545475,0.00040226334,0.0003978932,0.00039007372,0.00037788798,0.0003611203,0.0003445397,0.00033431634,0.0003286042,0.00032156316,0.00031341924,0.00030639744,0.00029828592,0.0002886493,0.00028012553,0.00027123507,0.0002592792,0.0002454446,0.00023116378,0.00021745493,0.00020559388,0.00019336875,0.00017749576,0.00016207667,0.00015557368,0.00015862974,0.00016369071,0.00016596442,0.00016664603,0.0001648577,0.00015677375,0.00014337618,0.00012739006,0.000108764645,9.040579e-05,7.7969795e-05,7.425465e-05,7.7705394e-05,8.308038e-05,8.5320265e-05
25,8.714806e-05,8.338712e-05,7.950839e-05,7.9417485e-05,8.505673e-05,9.781527e-05,0.000116863805,0.00013658928,0.00015205238,0.00016336006,0.00017099085,0.00017517188,0.00017688566,0.0001748647,0.00016912453,0.00016541124,0.00017007563,0.00018248569,0.00019686334,0.00021135854,0.00022819958,0.00024651273,0.0002632987,0.0002781115,0.00029078918,0.0002999719,0.00030680822,0.00031350218,0.00032028093,0.0003279575,0.0003370036,0.0003449515,0.00035205623,0.00036351624,0.0003799397,0.00039509602,0.00040621078,0.00041538672,0.0004226133,0.00042849802,0.00043830727,0.00045352522,0.00046768112,0.00047522326,0.0004765553,0.00047516034,0.00047384948,0.00047270127,0.0004699115,0.000465475,0.00046310487,0.000465475,0.0004699115,0.00047270127,0.00047384948,0.00047516034,0.00047655532,0.00047522323,0.0004676811,0.00045352522,0.00043830724,0.00042849802,0.0004226133,0.00041538672,0.00040621078,0.00039509602,0.0003799397,0.0003635162,0.00035205623,0.0003449515,0.0003370036,0.0003279575,0.00032028093,0.00031350218,0.00030680822,0.0002999719,0.0002907892,0.0002781115,0.0002632987,0.00024651273,0.00022819958,0.00021135854,0.00019686334,0.00018248569,0.00017007563,0.00016541124,0.00016912453,0.00017486469,0.00017688566,0.00017517188,0.00017099085,0.00016336005,0.00015205238,0.00013658928,0.00011686381,9.781527e-05,8.505673e-05,7.9417485e-05,7.950839e-05,8.338712e-05,8.714806e-05
26,9.39757e-05,8.8430745e-05,8.5003485e-05,8.7620334e-05,9.628209e-05,0.00011083486,0.00012929423,0.00014607882,0.0001578682,0.00016651877,0.00017423992,0.00018094204,0.00018465123,0.00018348542,0.00017985424,0.00017911736,0.00018419689,0.00019441714,0.00020819475,0.0002259026,0.0002471411,0.00026787884,0.00028545622,0.00030078067,0.00031346653,0.00032116732,0.0003244509,0.0003272873,0.000332944,0.0003420931,0.00035342848,0.00036452137,0.00037521083,0.00038807932,0.00040214183,0.0004132741,0.0004221925,0.00043252567,0.0004433095,0.0004534171,0.00046689896,0.0004841764,0.00049883046,0.00050726725,0.0005110563,0.00051182415,0.00051003974,0.0005064517,0.00050184096,0.0004971731,0.00049501786,0.0004971731,0.00050184096,0.00050645176,0.00051003974,0.00051182415,0.0005110563,0.00050726725,0.00049883046,0.0004841764,0.00046689893,0.0004534171,0.00044330946,0.00043252567,0.0004221925,0.00041327407,0.00040214183,0.00038807932,0.00037521083,0.00036452137,0.00035342848,0.0003420931,0.00033294398,0.0003272873,0.0003244509,0.0003211673,0.00031346653,0.00030078064,0.00028545622,0.00026787882,0.00024714114,0.00022590261,0.00020819476,0.00019441714,0.00018419689,0.00017911734,0.00017985424,0.0001834854,0.00018465123,0.00018094202,0.0001742399,0.00016651876,0.0001578682,0.00014607882,0.00012929423,0.000110834866,9.628209e-05,8.7620334e-05,8.5003485e-05,8.843075e-05,9.397571e-05
27,0.000103859435,9.715892e-05,9.362497e-05,9.7658645e-05,0.000108506705,0.00012400931,0.00013980875,0.00015094654,0.00015777085,0.0001644009,0.00017315774,0.00018245034,0.00018788606,0.00018805232,0.00018804712,0.0001928987,0.00020230157,0.00021454997,0.00022995728,0.00024971814,0.0002717559,0.00029138927,0.00030783,0.00032286893,0.00033513177,0.0003417357,0.00034300575,0.0003437677,0.00034913304,0.00035976886,0.0003733972,0.00038796847,0.00040325325,0.00041891407,0.00043133227,0.00043830066,0.00044427213,0.0004544172,0.00046782757,0.00048248578,0.0004998786,0.0005182213,0.0005318805,0.00054004753,0.00054594025,0.00055011996,0.0005507125,0.00054742006,0.0005420811,0.0005370788,0.000534963,0.0005370788,0.0005420811,0.00054742006,0.0005507125,0.00055011996,0.00054594025,0.00054004753,0.0005318805,0.0005182213,0.0004998786,0.00048248575,0.00046782757,0.0004544172,0.00044427215,0.00043830066,0.00043133227,0.00041891407,0.00040325322,0.00038796847,0.00037339717,0.0003597689,0.00034913304,0.0003437677,0.00034300575,0.0003417357,0.00033513177,0.00032286893,0.00030783,0.00029138927,0.0002717559,0.00024971814,0.00022995728,0.00021454997,0.00020230158,0.0001928987,0.00018804712,0.0001880523,0.00018788606,0.00018245034,0.00017315774,0.0001644009,0.00015777083,0.00015094654,0.00013980875,0.00012400933,0.00010850671,9.765864e-05,9.362497e-05,9.715892e-05,0.00010385943
28,0.00011059026,0.00010431504,0.00010242741,0.000108413944,0.0001203671,0.00013480321,0.00014665595,0.00015231683,0.00015504342,0.00016065883,0.00017097786,0.00018253239,0.00018925431,0.00019038473,0.00019328974,0.00020383456,0.00022028339,0.00023851256,0.000257136,0.00027679192,0.00029608607,0.00031251548,0.00032699067,0.00034096494,0.0003530439,0.00036119545,0.00036488945,0.00036715923,0.0003729774,0.00038398308,0.0003983629,0.0004147119,0.00043345278,0.000452613,0.0004655535,0.00047007887,0.00047307854,0.0004816539,0.00049613806,0.00051405875,0.00053410034,0.0005528086,0.00056580716,0.0005739044,0.00058157113,0.0005895744,0.00059406995,0.0005928322,0.00058826606,0.0005841863,0.000582664,0.00058418635,0.00058826606,0.0005928322,0.00059406995,0.0005895744,0.00058157113,0.0005739044,0.00056580716,0.0005528086,0.00053410034,0.00051405875,0.00049613806,0.0004816539,0.00047307854,0.0004700789,0.0004655535,0.000452613,0.00043345278,0.0004147119,0.0003983629,0.00038398308,0.00037297737,0.00036715923,0.00036488948,0.00036119545,0.0003530439,0.00034096494,0.00032699067,0.00031251548,0.00029608607,0.00027679192,0.000257136,0.00023851256,0.00022028339,0.00020383456,0.00019328974,0.00019038472,0.0001892543,0.00018253239,0.00017097786,0.00016065883,0.00015504342,0.00015231683,0.00014665596,0.00013480321,0.0001203671,0.000108413944,0.00010242741,0.00010431504,0.00011059026
29,0.00011151053,0.00010703798,0.0001080679,0.000116056304,0.00012807688,0.00014079067,0.0001501867,0.00015379966,0.0001554307,0.00016125245,0.00017262233,0.00018492469,0.0001917732,0.00019290767,0.00019680697,0.00021103471,0.00023390126,0.00025840825,0.00027999852,0.00029866773,0.00031501084,0.00032919415,0.00034273835,0.00035624282,0.00036895077,0.00038030127,0.0003890637,0.00039545042,0.0004028367,0.00041399885,0.00042853318,0.00044528977,0.00046501725,0.00048578047,0.0005002833,0.00050556025,0.0005080982,0.0005155236,0.0005296176,0.0005481881,0.0005684912,0.0005871845,0.0006010032,0.00060996343,0.00061820954,0.0006279466,0.00063535286,0.00063699967,0.0006352966,0.0006342187,0.0006341604,0.0006342187,0.0006352966,0.00063699967,0.00063535286,0.0006279465,0.00061820954,0.00060996343,0.00060100324,0.0005871845,0.0005684912,0.0005481881,0.0005296176,0.00051552366,0.0005080983,0.00050556025,0.0005002833,0.00048578047,0.00046501725,0.00044528977,0.0004285332,0.00041399887,0.0004028367,0.00039545042,0.00038906367,0.00038030127,0.00036895077,0.00035624282,0.00034273835,0.00032919415,0.00031501087,0.00029866773,0.00027999852,0.00025840825,0.00023390126,0.0002110347,0.00019680697,0.00019290768,0.0001917732,0.00018492469,0.00017262233,0.00016125245,0.0001554307,0.00015379966,0.0001501867,0.00014079067,0.00012807688,0.0001160563,0.00010806791,0.00010703799,0.00011151054
30,0.000110223205,0.00010790408,0.00011087467,0.000119187986,0.00013012945,0.00014148267,0.0001508083,0.0001560923,0.00016004803,0.00016779173,0.0001797968,0.00019135776,0.00019747531,0.00019836357,0.0002018768,0.00021642918,0.00024144395,0.00026887478,0.0002922078,0.00031102347,0.00032711003,0.00034169012,0.00035605347,0.0003704207,0.000384508,0.00039870202,0.0004121836,0.0004236843,0.0004345732,0.000447725,0.0004636593,0.00048088576,0.00049944664,0.00051897066,0.0005351222,0.0005447732,0.0005506376,0.0005580317,0.000570226,0.0005870168,0.0006062529,0.00062537816,0.0006413957,0.0006521262,0.00066006294,0.00066903746,0.00067768915,0.000682883,0.00068546727,0.00068765087,0.00068878714,0.00068765087,0.00068546727,0.000682883,0.00067768915,0.00066903746,0.00066006294,0.0006521262,0.0006413957,0.00062537816,0.0006062529,0.00058701687,0.000570226,0.0005580317,0.0005506376,0.0005447732,0.0005351222,0.00051897066,0.00049944664,0.00048088576,0.0004636593,0.000447725,0.0004345732,0.0004236843,0.0004121836,0.00039870202,0.000384508,0.00037042072,0.00035605347,0.00034169012,0.00032711003,0.0003110235,0.0002922078,0.00026887478,0.00024144397,0.00021642918,0.00020187681,0.00019836356,0.00019747531,0.00019135777,0.00017979681,0.00016779173,0.00016004803,0.0001560923,0.00015080828,0.00014148267,0.00013012944,0.000119187986,0.00011087467,0.00010790408,0.000110223205
31,0.00011100067,0.00011040978,0.00011343437,0.00012045988,0.00012989377,0.00014043125,0.00015054196,0.00015867865,0.00016673346,0.00017799619,0.00019105403,0.00020135316,0.00020664153,0.00020827765,0.00021210039,0.00022519744,0.00024823163,0.00027454257,0.00029755992,0.0003165853,0.00033388654,0.00035053588,0.00036697678,0.0003832096,0.00039926177,0.00041616205,0.0004338478,0.00045077232,0.0004668119,0.00048374812,0.00050221814,0.0005203681,0.0005373131,0.0005544919,0.00057171914,0.000586349,0.00059663825,0.00060473336,0.0006151898,0.0006303695,0.00064921676,0.0006695065,0.0006881538,0.00070173433,0.00071076024,0.00071894925,0.0007278191,0.00073616393,0.0007425204,0.00074622093,0.0007473831,0.00074622093,0.00074252044,0.00073616393,0.0007278191,0.00071894925,0.00071076024,0.00070173433,0.0006881538,0.0006695065,0.00064921676,0.0006303695,0.0006151898,0.00060473336,0.00059663825,0.00058634894,0.00057171914,0.0005544919,0.0005373131,0.0005203681,0.00050221814,0.00048374812,0.0004668119,0.0004507723,0.0004338478,0.00041616207,0.00039926177,0.0003832096,0.00036697678,0.00035053588,0.00033388654,0.00031658527,0.0002975599,0.00027454257,0.00024823163,0.00022519745,0.00021210039,0.00020827766,0.00020664152,0.00020135316,0.00019105404,0.0001779962,0.00016673346,0.00015867865,0.00015054196,0.00014043125,0.00012989377,0.00012045988,0.00011343438,0.00011040978,0.00011100067
32,0.00011382333,0.00011400509,0.000115604314,0.00012079766,0.00012961989,0.00014079397,0.00015239426,0.00016326216,0.00017534824,0.00019015456,0.00020420973,0.0002133802,0.00021830975,0.00022199245,0.00022803724,0.00024058874,0.00026045262,0.00028302765,0.0003030058,0.00032018544,0.000337624,0.00035657652,0.0003762072,0.00039534352,0.00041413808,0.0004342346,0.00045587914,0.0004774354,0.0004982425,0.0005191556,0.00054029684,0.0005595532,0.00057582615,0.00059178134,0.0006096137,0.00062715745,0.0006405943,0.00065040693,0.00066154863,0.0006773963,0.0006972038,0.00071863824,0.00073912943,0.00075590226,0.0007678144,0.000776379,0.0007846537,0.0007944349,0.00080320064,0.00080745755,0.00080822397,0.00080745755,0.00080320064,0.0007944349,0.0007846537,0.000776379,0.0007678144,0.00075590226,0.0007391294,0.00071863824,0.00069720374,0.00067739637,0.00066154863,0.00065040693,0.0006405943,0.00062715745,0.0006096137,0.00059178134,0.00057582615,0.0005595532,0.00054029684,0.0005191556,0.0004982425,0.0004774354,0.00045587914,0.00043423456,0.0004141381,0.00039534352,0.0003762072,0.00035657655,0.000337624,0.00032018544,0.0003030058,0.00028302765,0.00026045262,0.00024058874,0.00022803724,0.00022199244,0.00021830975,0.0002133802,0.00020420973,0.00019015456,0.00017534824,0.00016326216,0.00015239426,0.00014079397,0.00012961989,0.00012079766,0.000115604314,0.00011400509,0.000113823335
33,0.00011594184,0.000115372066,0.00011499701,0.000118972916,0.00012882866,0.00014284247,0.00015755529,0.00017127779,0.00018592805,0.0002020247,0.00021574387,0.00022443949,0.00023044362,0.00023715389,0.00024642388,0.0002596263,0.00027658796,0.00029440533,0.0003103019,0.00032523094,0.00034242263,0.00036325594,0.0003860859,0.00040870818,0.0004311687,0.00045485838,0.00047929143,0.0005029688,0.0005263551,0.0005505865,0.0005744382,0.0005948711,0.00061164296,0.0006286225,0.0006483246,0.000668318,0.0006847163,0.00069787155,0.00071201293,0.0007298391,0.00075053505,0.0007720393,0.00079306605,0.00081214285,0.00082669145,0.00083588954,0.00084350334,0.00085371773,0.00086420967,0.0008695486,0.00087042945,0.00086954865,0.00086420967,0.00085371773,0.00084350334,0.00083588954,0.00082669145,0.00081214285,0.0007930661,0.0007720393,0.00075053505,0.0007298391,0.00071201293,0.00069787155,0.0006847163,0.000668318,0.0006483246,0.0006286225,0.00061164296,0.0005948711,0.0005744382,0.00055058656,0.0005263551,0.0005029688,0.00047929143,0.00045485838,0.0004311687,0.00040870815,0.0003860859,0.00036325594,0.00034242263,0.00032523097,0.0003103019,0.00029440533,0.00027658796,0.0002596263,0.00024642388,0.00023715389,0.00023044362,0.00022443949,0.00021574387,0.0002020247,0.00018592803,0.00017127779,0.00015755529,0.00014284247,0.00012882866,0.00011897291,0.000114997005,0.000115372066,0.000115941846
34,0.00011766113,0.000114891154,0.00011247309,0.00011615319,0.00012799638,0.00014545955,0.00016356754,0.00017952624,0.00019478145,0.0002096734,0.00022182491,0.00023100166,0.00023970088,0.0002499621,0.0002626702,0.00027768832,0.00029318008,0.00030744815,0.0003209849,0.00033557919,0.00035303118,0.00037415675,0.0003980478,0.00042355366,0.0004506916,0.00047861948,0.0005045608,0.0005277238,0.0005515736,0.0005785777,0.000605446,0.0006274949,0.00064580265,0.00066576654,0.000689476,0.0007132272,0.00073316763,0.00075027125,0.0007679386,0.0007875345,0.0008081266,0.0008287504,0.00084977713,0.0008703264,0.000886404,0.0008965527,0.0009050513,0.0009160684,0.0009273722,0.0009335391,0.0009347779,0.0009335391,0.0009273722,0.0009160684,0.0009050513,0.00089655264,0.00088640396,0.0008703264,0.00084977713,0.0008287504,0.0008081266,0.0007875345,0.0007679386,0.00075027125,0.0007331676,0.00071322726,0.000689476,0.00066576654,0.00064580265,0.0006274949,0.000605446,0.0005785777,0.0005515736,0.0005277238,0.0005045608,0.00047861945,0.0004506916,0.0004235537,0.0003980478,0.00037415675,0.00035303118,0.00033557919,0.0003209849,0.00030744815,0.0002931801,0.00027768832,0.0002626702,0.0002499621,0.0002397009,0.00023100166,0.00022182491,0.00020967338,0.00019478145,0.00017952625,0.00016356754,0.00014545956,0.00012799638,0.00011615318,0.00011247309,0.000114891154,0.000117661126
35,0.00012239796,0.00011764878,0.00011331267,0.000116693416,0.00012984741,0.00014908033,0.00016846502,0.0001847499,0.00019923892,0.00021254164,0.00022349218,0.000233424,0.00024462427,0.00025808744,0.0002747965,0.00029375032,0.0003109224,0.00032477034,0.0003379389,0.00035245094,0.00036879483,0.00038787402,0.0004109724,0.0004389598,0.00047117658,0.00050354516,0.0005307338,0.00055289397,0.0005766979,0.00060605037,0.00063600944,0.0006606617,0.0006818265,0.0007058451,0.00073444843,0.0007623167,0.00078514265,0.0008050567,0.00082568324,0.000847335,0.0008685263,0.00088922435,0.00091109297,0.00093302084,0.0009504524,0.0009628933,0.0009743283,0.0009862953,0.0009965205,0.0010018304,0.0010029497,0.0010018304,0.0009965205,0.0009862953,0.0009743283,0.0009628933,0.0009504524,0.00093302084,0.00091109297,0.00088922435,0.0008685263,0.000847335,0.00082568324,0.00080505677,0.00078514265,0.0007623167,0.00073444843,0.0007058451,0.00068182644,0.00066066167,0.0006360095,0.00060605037,0.0005766979,0.00055289397,0.0005307338,0.00050354516,0.00047117655,0.0004389598,0.0004109724,0.00038787402,0.00036879486,0.00035245094,0.00033793892,0.00032477034,0.0003109224,0.00029375032,0.0002747965,0.00025808744,0.00024462427,0.000233424,0.0002234922,0.00021254164,0.00019923892,0.0001847499,0.00016846502,0.00014908033,0.00012984741,0.000116693416,0.000113312664,0.000117648786,0.00012239796
36,0.00013028279,0.00012559287,0.000120452576,0.00012292765,0.00013562117,0.00015443191,0.00017292064,0.00018804353,0.00020171175,0.00021487375,0.00022590495,0.0002358171,0.0002474985,0.00026303646,0.00028410903,0.00030872182,0.00033070162,0.0003470769,0.00036017844,0.0003726051,0.00038583679,0.0004023283,0.00042540193,0.00045629012,0.00049221586,0.00052718894,0.0005555847,0.0005780989,0.00060249446,0.0006334215,0.0006659087,0.00069411553,0.00071980176,0.0007488608,0.00078233366,0.0008138906,0.00083923794,0.0008617149,0.0008855882,0.00091070373,0.0009346181,0.0009571832,0.0009803972,0.0010032043,0.0010220573,0.0010377837,0.0010528519,0.0010657961,0.0010744651,0.001078449,0.0010792966,0.001078449,0.0010744651,0.0010657961,0.0010528519,0.0010377837,0.0010220573,0.0010032043,0.0009803972,0.0009571832,0.00093461806,0.00091070373,0.0008855882,0.0008617149,0.00083923794,0.0008138906,0.00078233366,0.00074886077,0.00071980176,0.00069411553,0.0006659087,0.0006334216,0.00060249446,0.0005780989,0.0005555847,0.00052718894,0.00049221586,0.00045629012,0.00042540196,0.00040232833,0.00038583679,0.0003726051,0.00036017847,0.0003470769,0.00033070162,0.00030872182,0.00028410903,0.00026303646,0.0002474985,0.0002358171,0.00022590497,0.00021487375,0.00020171174,0.00018804354,0.00017292064,0.00015443191,0.00013562117,0.00012292764,0.000120452576,0.00012559287,0.0001302828
37,0.00013568279,0.00013346481,0.00012985736,0.00013144343,0.00014180811,0.00015828671,0.00017504358,0.00018940806,0.0002036588,0.00021832195,0.00023027943,0.00023970334,0.00025092557,0.00026791074,0.0002925746,0.00032225435,0.00034993046,0.00037025136,0.00038339465,0.00039311493,0.00040354804,0.0004190894,0.00044398097,0.000477924,0.00051528047,0.00055016583,0.00057912746,0.00060294085,0.00062826544,0.0006598797,0.0006941472,0.00072636333,0.0007577693,0.0007925958,0.0008308432,0.0008664738,0.000896238,0.0009236917,0.0009527069,0.0009828031,0.0010108833,0.0010359939,0.0010598568,0.0010823417,0.0011019137,0.001120202,0.0011383098,0.0011532536,0.0011629052,0.0011678208,0.0011692551,0.0011678208,0.0011629052,0.0011532536,0.0011383098,0.001120202,0.0011019137,0.0010823417,0.0010598568,0.0010359939,0.0010108833,0.0009828031,0.00095270685,0.0009236917,0.000896238,0.00086647377,0.0008308432,0.0007925958,0.0007577693,0.00072636333,0.00069414714,0.0006598797,0.00062826544,0.00060294085,0.0005791275,0.0005501658,0.00051528047,0.000477924,0.00044398097,0.00041908943,0.00040354804,0.00039311493,0.00038339465,0.00037025136,0.00034993043,0.00032225435,0.0002925746,0.0002679107,0.0002509256,0.00023970334,0.00023027943,0.00021832195,0.0002036588,0.00018940808,0.00017504356,0.00015828671,0.00014180811,0.00013144343,0.00012985736,0.00013346481,0.00013568279
38,0.00013249685,0.00013443986,0.00013470209,0.00013660273,0.00014424691,0.00015788287,0.00017375486,0.00018905937,0.00020469107,0.00022031537,0.00023267057,0.00024244288,0.00025496626,0.00027436967,0.00030160917,0.00033396741,0.00036510534,0.000388549,0.00040277932,0.00041211917,0.00042222138,0.000438535,0.00046555916,0.00050158263,0.0005392608,0.00057345716,0.000602706,0.00062776223,0.0006539705,0.000686226,0.0007226843,0.00075977476,0.000797324,0.000837,0.00087851763,0.0009185128,0.00095525495,0.0009907556,0.0010271566,0.001063683,0.0010969654,0.0011252343,0.00114997,0.001172439,0.0011927079,0.0012126277,0.0012330526,0.0012511233,0.0012643674,0.0012725596,0.0012754197,0.0012725596,0.0012643674,0.0012511233,0.0012330526,0.0012126277,0.0011927079,0.001172439,0.00114997,0.0011252343,0.0010969654,0.001063683,0.0010271566,0.0009907556,0.00095525495,0.0009185128,0.00087851763,0.000837,0.000797324,0.00075977476,0.0007226843,0.000686226,0.0006539705,0.00062776223,0.000602706,0.00057345716,0.0005392608,0.00050158263,0.00046555916,0.00043853503,0.00042222138,0.00041211917,0.00040277932,0.000388549,0.00036510534,0.00033396741,0.00030160917,0.00027436967,0.00025496626,0.00024244288,0.00023267059,0.00022031537,0.00020469105,0.00018905937,0.00017375486,0.00015788287,0.00014424691,0.00013660273,0.00013470209,0.00013443988,0.00013249685
39,0.0001215166,0.00012770781,0.00013295255,0.00013731515,0.00014441475,0.00015717474,0.00017409159,0.0001910456,0.00020625055,0.00021980354,0.00023128574,0.0002427772,0.00025876923,0.00028175782,0.00031154498,0.0003453007,0.00037724877,0.00040169424,0.0004176279,0.0004290561,0.0004410919,0.00045902957,0.0004869313,0.00052291196,0.00056059414,0.00059565326,0.0006263642,0.000652962,0.0006806329,0.0007149316,0.0007552486,0.00079828786,0.00084155577,0.00088368665,0.000925775,0.00096960424,0.0010147286,0.0010597914,0.0011047323,0.0011489685,0.0011891329,0.0012225138,0.0012506513,0.0012760957,0.001299323,0.0013214932,0.0013438397,0.0013644784,0.001381085,0.0013924168,0.0013966172,0.0013924168,0.001381085,0.0013644784,0.0013438397,0.0013214933,0.001299323,0.0012760957,0.0012506513,0.0012225138,0.0011891329,0.0011489685,0.0011047323,0.0010597914,0.0010147286,0.00096960424,0.0009257749,0.00088368665,0.00084155577,0.00079828786,0.0007552486,0.0007149316,0.0006806329,0.000652962,0.0006263642,0.0005956532,0.00056059414,0.00052291196,0.0004869313,0.00045902957,0.0004410919,0.0004290561,0.0004176279,0.00040169424,0.00037724877,0.0003453007,0.00031154498,0.00028175785,0.00025876923,0.0002427772,0.00023128575,0.00021980354,0.00020625054,0.00019104562,0.00017409159,0.00015717474,0.00014441476,0.00013731515,0.00013295257,0.00012770783,0.0001215166
40,0.000111469446,0.00012001737,0.00012983644,0.00013856034,0.00014805756,0.00016217394,0.00018046833,0.00019727815,0.00020915386,0.00021863748,0.00022950913,0.00024408309,0.00026382977,0.00028944603,0.00032113126,0.0003562983,0.00038880578,0.00041390397,0.00043177514,0.00044577743,0.0004601056,0.00047943112,0.00050659623,0.0005401084,0.0005766773,0.0006137298,0.0006479548,0.000677817,0.0007087011,0.0007469819,0.000792011,0.0008400149,0.0008873133,0.000930976,0.0009740744,0.001023039,0.0010775758,0.0011323891,0.0011857585,0.0012382683,0.0012871376,0.0013287957,0.0013644248,0.0013969165,0.0014259521,0.0014513794,0.0014746878,0.0014956007,0.0015129516,0.0015254457,0.0015302323,0.0015254457,0.0015129516,0.0014956007,0.0014746878,0.0014513794,0.0014259521,0.0013969165,0.0013644248,0.0013287957,0.0012871376,0.0012382683,0.0011857585,0.0011323891,0.0010775758,0.001023039,0.0009740744,0.000930976,0.0008873132,0.0008400149,0.0007920109,0.0007469819,0.0007087011,0.000677817,0.0006479548,0.0006137298,0.0005766773,0.0005401084,0.00050659623,0.00047943112,0.0004601056,0.00044577743,0.00043177514,0.00041390397,0.00038880578,0.0003562983,0.00032113126,0.00028944606,0.00026382977,0.00024408309,0.00022950914,0.00021863748,0.00020915386,0.00019727813,0.00018046833,0.00016217395,0.00014805756,0.00013856034,0.00012983644,0.00012001737,0.000111469446
41,0.00011084633,0.00011881551,0.00013099157,0.00014380651,0.00015678219,0.00017278998,0.00019105356,0.00020532816,0.00021294245,0.00021972232,0.00023214449,0.00025060814,0.00027261997,0.0002979761,0.00032880274,0.00036385114,0.00039712453,0.00042425378,0.0004452228,0.0004620757,0.0004784095,0.0004983906,0.000523552,0.00055311085,0.0005872891,0.00062608236,0.0006651816,0.000700635,0.0007369755,0.000780392,0.0008291829,0.0008794061,0.0009290236,0.0009763104,0.0010250474,0.0010824166,0.0011472568,0.001212074,0.0012743772,0.0013360251,0.0013954607,0.0014490376,0.0014966599,0.0015397571,0.0015765519,0.0016056221,0.0016286969,0.0016472102,0.001661819,0.0016723715,0.0016764783,0.0016723715,0.001661819,0.0016472102,0.0016286969,0.0016056221,0.0015765519,0.0015397571,0.0014966599,0.0014490376,0.0013954606,0.0013360252,0.0012743772,0.001212074,0.0011472568,0.0010824166,0.0010250474,0.0009763104,0.0009290236,0.0008794061,0.0008291829,0.000780392,0.0007369755,0.000700635,0.0006651816,0.00062608236,0.0005872891,0.0005531109,0.000523552,0.0004983906,0.0004784095,0.0004620757,0.0004452228,0.00042425378,0.00039712453,0.00036385114,0.00032880274,0.0002979761,0.00027261997,0.00025060814,0.00023214449,0.00021972232,0.00021294245,0.00020532816,0.00019105358,0.00017279,0.00015678219,0.00014380651,0.00013099158,0.0001188155,0.00011084633
42,0.0001211715,0.00012634532,0.00013708386,0.0001508969,0.00016610844,0.00018342375,0.00020071637,0.00021230304,0.0002178542,0.00022527642,0.00024067068,0.0002616648,0.00028340195,0.0003060266,0.0003334066,0.0003658812,0.00039876316,0.00042823047,0.00045317318,0.00047385524,0.0004930563,0.00051426806,0.0005382281,0.00056502485,0.0005973061,0.00063700613,0.00068023667,0.0007221741,0.00076551695,0.00081425696,0.00086542196,0.0009162032,0.0009678572,0.0010211649,0.0010791111,0.0011465717,0.0012218265,0.0012980098,0.0013720943,0.0014454039,0.0015176939,0.0015864796,0.0016502324,0.0017075334,0.001754537,0.0017887098,0.0018117864,0.001826467,0.0018354361,0.0018409297,0.0018429601,0.0018409297,0.0018354361,0.001826467,0.0018117864,0.0017887098,0.001754537,0.0017075334,0.0016502324,0.0015864796,0.0015176939,0.001445404,0.0013720943,0.0012980098,0.0012218265,0.0011465717,0.0010791111,0.0010211649,0.0009678572,0.0009162032,0.00086542196,0.00081425696,0.00076551695,0.0007221741,0.00068023667,0.00063700613,0.0005973061,0.00056502485,0.0005382281,0.00051426806,0.0004930563,0.00047385524,0.0004531732,0.00042823047,0.00039876316,0.00036588116,0.00033340658,0.0003060266,0.00028340195,0.0002616648,0.00024067068,0.00022527642,0.0002178542,0.00021230304,0.00020071637,0.00018342375,0.00016610842,0.0001508969,0.00013708384,0.00012634532,0.00012117149
43,0.00013742762,0.00013985213,0.00014665621,0.00015812684,0.00017332964,0.00019087274,0.000207246,0.00021806889,0.00022487383,0.0002352166,0.0002526392,0.00027295545,0.00029208668,0.0003116067,0.00033559138,0.00036472507,0.00039601285,0.00042660182,0.000454734,0.00047971046,0.00050313096,0.0005272369,0.0005525274,0.0005798365,0.0006123683,0.0006523568,0.00069743645,0.00074460835,0.00079497637,0.00084869366,0.000901654,0.00095338916,0.0010082904,0.0010687286,0.0011362614,0.001213273,0.0012986263,0.0013878478,0.0014775896,0.0015670467,0.0016561273,0.0017437267,0.0018274782,0.0019030756,0.0019640813,0.0020063356,0.0020309088,0.0020417355,0.0020443143,0.0020440135,0.0020436875,0.0020440135,0.0020443143,0.0020417355,0.0020309088,0.0020063356,0.0019640813,0.0019030756,0.0018274782,0.0017437267,0.0016561273,0.0015670469,0.0014775896,0.0013878478,0.0012986263,0.001213273,0.0011362614,0.0010687286,0.0010082904,0.00095338916,0.0009016541,0.00084869366,0.00079497637,0.00074460835,0.00069743645,0.0006523568,0.0006123683,0.0005798365,0.0005525274,0.0005272369,0.00050313096,0.00047971046,0.000454734,0.00042660182,0.00039601285,0.00036472507,0.00033559138,0.0003116067,0.0002920867,0.00027295545,0.00025263918,0.0002352166,0.00022487382,0.00021806889,0.00020724602,0.00019087274,0.00017332965,0.00015812684,0.00014665621,0.00013985213,0.00013742763
44,0.00015187028,0.00015372646,0.00015770702,0.00016599701,0.00017949076,0.00019637778,0.00021244981,0.0002242455,0.00023370524,0.0002465806,0.00026392407,0.00028140098,0.0002975417,0.0003155778,0.0003381977,0.00036500357,0.00039456316,0.00042544652,0.00045590353,0.0004851027,0.00051311275,0.0005400427,0.0005667389,0.00059543125,0.0006293638,0.00067000353,0.0007161463,0.0007671991,0.00082340743,0.0008813276,0.00093610096,0.0009900853,0.0010501397,0.001118864,0.0011960967,0.0012826719,0.0013784709,0.001481682,0.0015900234,0.0017011737,0.0018134962,0.00192576,0.0020349277,0.0021340558,0.0022134394,0.002266232,0.0022928196,0.0022997067,0.002296423,0.002291489,0.0022894517,0.0022914892,0.002296423,0.0022997067,0.0022928196,0.002266232,0.0022134394,0.0021340558,0.0020349277,0.00192576,0.0018134962,0.0017011737,0.0015900234,0.001481682,0.0013784709,0.0012826719,0.0011960967,0.001118864,0.0010501397,0.0009900853,0.00093610096,0.00088132755,0.00082340743,0.0007671991,0.0007161463,0.00067000353,0.0006293639,0.00059543125,0.0005667389,0.0005400427,0.00051311275,0.00048510273,0.00045590353,0.00042544652,0.00039456313,0.00036500357,0.00033819766,0.00031557778,0.0002975417,0.00028140098,0.00026392407,0.0002465806,0.00023370524,0.0002242455,0.00021244981,0.00019637779,0.00017949077,0.00016599701,0.00015770702,0.00015372645,0.00015187028
45,0.00015922048,0.00016284238,0.00016686766,0.00017321703,0.00018477463,0.000200974,0.00021713236,0.00022984922,0.0002411294,0.00025523076,0.0002715657,0.0002864413,0.00030095968,0.00031946742,0.00034259312,0.0003682609,0.00039652613,0.0004278607,0.00046080246,0.00049418485,0.00052603614,0.0005537328,0.00057882705,0.0006064876,0.0006411198,0.00068345177,0.00073195423,0.0007867345,0.00084750453,0.0009089619,0.0009662326,0.0010236521,0.0010896701,0.0011671606,0.0012549058,0.0013526774,0.0014608572,0.001579555,0.0017086372,0.0018461864,0.0019892284,0.0021356149,0.0022810784,0.00241513,0.0025221447,0.002589306,0.002615776,0.002614021,0.002601028,0.00258964,0.002585477,0.00258964,0.002601028,0.002614021,0.002615776,0.002589306,0.0025221447,0.00241513,0.0022810784,0.0021356149,0.0019892284,0.0018461864,0.0017086372,0.001579555,0.0014608572,0.0013526772,0.0012549058,0.0011671607,0.0010896701,0.0010236521,0.0009662326,0.0009089619,0.00084750453,0.0007867345,0.00073195423,0.00068345177,0.0006411198,0.0006064876,0.00057882705,0.0005537328,0.00052603614,0.0004941848,0.00046080246,0.00042786068,0.00039652613,0.0003682609,0.00034259312,0.00031946742,0.00030095968,0.00028644127,0.0002715657,0.00025523076,0.00024112938,0.00022984923,0.00021713236,0.000200974,0.00018477463,0.00017321703,0.00016686764,0.00016284236,0.0001592205
46,0.000157743,0.0001644153,0.00017094053,0.00017777343,0.00018897242,0.00020486423,0.00022019874,0.00023228796,0.0002440461,0.00025863212,0.0002744261,0.00028854815,0.00030345656,0.00032333116,0.00034706088,0.00037175065,0.0003986304,0.00042974803,0.00046450607,0.00050148356,0.0005365489,0.00056427723,0.00058676605,0.0006125835,0.00064781663,0.0006925147,0.0007441896,0.0008023313,0.0008662005,0.0009306498,0.0009916609,0.001053737,0.0011253053,0.0012104239,0.0013085702,0.0014188741,0.0015416642,0.0016779382,0.0018293975,0.0019965672,0.0021783207,0.0023738365,0.0025795961,0.0027830035,0.0029551089,0.0030555741,0.0030693647,0.0030290051,0.002980372,0.002947892,0.0029370645,0.002947892,0.002980372,0.0030290051,0.0030693647,0.003055574,0.0029551089,0.0027830033,0.0025795961,0.0023738365,0.0021783207,0.0019965672,0.0018293975,0.0016779382,0.0015416642,0.0014188741,0.0013085702,0.0012104239,0.0011253052,0.001053737,0.0009916609,0.0009306498,0.0008662005,0.00080233125,0.0007441896,0.0006925147,0.0006478166,0.0006125835,0.00058676605,0.00056427723,0.0005365489,0.00050148356,0.00046450607,0.00042974803,0.0003986304,0.00037175068,0.00034706088,0.00032333116,0.00030345656,0.00028854815,0.0002744261,0.00025863212,0.0002440461,0.00023228794,0.00022019874,0.00020486423,0.00018897242,0.00017777343,0.00017094053,0.00016441528,0.000157743
47,0.0001495944,0.00015938282,0.00016949067,0.00017931862,0.00019241641,0.00020833638,0.00022151803,0.00023130237,0.00024209265,0.0002563316,0.00027234724,0.00028798362,0.000304945,0.00032554538,0.00034808766,0.00037091743,0.00039611664,0.00042591817,0.00046057842,0.0004993688,0.0005371396,0.00056634354,0.00058871973,0.00061506155,0.0006525507,0.0007003419,0.0007549274,0.00081500073,0.0008796825,0.00094560196,0.001011002,0.0010797527,0.001157973,0.0012499405,0.0013570329,0.0014791815,0.0016167535,0.0017708528,0.0019446992,0.002143584,0.0023731915,0.0026408795,0.0029587443,0.003330545,0.0036918295,0.0038899484,0.003839404,0.0036472706,0.003472422,0.003374749,0.0033453517,0.0033747489,0.003472422,0.0036472706,0.003839404,0.0038899484,0.0036918293,0.0033305453,0.0029587443,0.0026408795,0.0023731915,0.002143584,0.0019446992,0.0017708528,0.0016167535,0.0014791815,0.0013570329,0.0012499405,0.001157973,0.0010797527,0.001011002,0.00094560196,0.0008796825,0.00081500073,0.0007549274,0.0007003419,0.0006525507,0.00061506155,0.00058871973,0.00056634354,0.0005371396,0.0004993688,0.00046057842,0.00042591817,0.00039611664,0.00037091743,0.0003480877,0.00032554538,0.000304945,0.00028798362,0.00027234724,0.00025633164,0.00024209265,0.00023130237,0.00022151803,0.00020833638,0.0001924164,0.00017931864,0.00016949067,0.00015938282,0.00014959442
48,0.00014222223,0.00015406715,0.00016656934,0.00017943117,0.00019503356,0.00021115204,0.00022206438,0.00022884505,0.00023725833,0.00025032723,0.0002673341,0.00028605814,0.0003054532,0.00032487162,0.00034375722,0.00036391866,0.00038798497,0.0004164457,0.00044935578,0.00048735505,0.00052626757,0.00055782986,0.0005827336,0.0006124299,0.0006545032,0.0007066137,0.0007636994,0.00082386244,0.000886937,0.0009524778,0.001022401,0.0011004308,0.0011881606,0.0012869029,0.0014001087,0.0015311224,0.0016810292,0.0018503314,0.002044084,0.0022743049,0.002558048,0.002923528,0.003434436,0.0041566347,0.0049511124,0.005372666,0.00514359,0.0045649074,0.0040870374,0.0038462854,0.0037797973,0.0038462854,0.0040870374,0.0045649074,0.00514359,0.005372666,0.0049511124,0.0041566347,0.003434436,0.002923528,0.002558048,0.0022743049,0.002044084,0.0018503314,0.0016810292,0.0015311224,0.0014001087,0.0012869029,0.0011881606,0.0011004308,0.001022401,0.0009524778,0.000886937,0.00082386244,0.0007636994,0.0007066137,0.0006545032,0.0006124299,0.0005827336,0.00055782986,0.00052626757,0.00048735505,0.0004493558,0.0004164457,0.00038798497,0.00036391866,0.00034375722,0.00032487162,0.0003054532,0.00028605814,0.0002673341,0.0002503272,0.00023725833,0.00022884505,0.00022206438,0.00021115204,0.00019503356,0.00017943117,0.00016656936,0.00015406715,0.00014222223
49,0.00014150224,0.00015400047,0.00016649615,0.00018004426,0.00019668382,0.00021287234,0.00022241074,0.00022670087,0.00023241284,0.00024429706,0.00026283925,0.00028490543,0.00030616106,0.0003231808,0.0003375939,0.00035539223,0.00037911203,0.0004064671,0.0004368177,0.0004723438,0.0005105561,0.0005436658,0.0005715686,0.00060566614,0.0006534212,0.00071032636,0.00076918857,0.00082806544,0.0008884978,0.0009531992,0.0010275892,0.001115281,0.0012127116,0.0013165827,0.0014322513,0.0015678643,0.0017256538,0.0019051818,0.0021133227,0.0023683712,0.0026991556,0.0031633137,0.0039036241,0.0050863605,0.00647532,0.0072031766,0.006710564,0.0055804984,0.004683118,0.004254014,0.00414123,0.004254014,0.0046831183,0.0055804984,0.006710564,0.0072031766,0.00647532,0.0050863605,0.003903624,0.0031633137,0.0026991556,0.0023683712,0.0021133227,0.0019051818,0.0017256538,0.0015678643,0.0014322513,0.0013165827,0.0012127116,0.001115281,0.0010275892,0.0009531992,0.0008884978,0.00082806544,0.00076918857,0.00071032636,0.0006534212,0.00060566614,0.0005715686,0.0005436658,0.0005105561,0.0004723438,0.00043681773,0.00040646706,0.00037911203,0.00035539223,0.0003375939,0.0003231808,0.00030616106,0.00028490543,0.00026283925,0.00024429706,0.00023241284,0.00022670087,0.00022241073,0.00021287236,0.00019668382,0.00018004424,0.00016649615,0.00015400047,0.00014150224
50,0.00014302108,0.00015552944,0.00016746187,0.00018064128,0.0001972872,0.00021340985,0.00022252447,0.00022583167,0.00023032888,0.00024174395,0.00026112527,0.00028473535,0.00030673062,0.00032251136,0.00033488125,0.00035176746,0.0003754298,0.00040220318,0.00043119732,0.00046533183,0.0005028751,0.00053637975,0.00056558964,0.0006018336,0.0006523986,0.00071155187,0.0007710508,0.0008290638,0.0008881823,0.0009525923,0.0010291183,0.001121181,0.0012228031,0.0013285163,0.0014445136,0.0015813028,0.0017417228,0.0019248662,0.0021383928,0.0024031592,0.0027532154,0.0032612036,0.004111763,0.005525252,0.0072171553,0.0081010815,0.0074706622,0.006055876,0.004944507,0.0044213785,0.0042860266,0.0044213785,0.004944507,0.006055876,0.0074706622,0.0081010815,0.0072171553,0.005525252,0.004111763,0.0032612034,0.0027532154,0.0024031592,0.0021383928,0.0019248662,0.0017417228,0.0015813028,0.0014445137,0.0013285163,0.0012228031,0.001121181,0.0010291183,0.0009525923,0.0008881823,0.0008290638,0.0007710508,0.00071155187,0.0006523987,0.0006018336,0.00056558964,0.00053637975,0.0005028751,0.00046533183,0.0004311973,0.00040220318,0.0003754298,0.00035176746,0.00033488125,0.00032251133,0.00030673062,0.00028473535,0.00026112527,0.00024174395,0.00023032888,0.00022583167,0.00022252445,0.00021340985,0.00019728721,0.00018064129,0.00016746187,0.00015552944,0.00014302107
51,0.00014150224,0.00015400047,0.00016649615,0.00018004424,0.00019668382,0.00021287234,0.00022241074,0.00022670087,0.00023241284,0.00024429703,0.00026283925,0.00028490543,0.00030616106,0.0003231808,0.0003375939,0.00035539223,0.00037911203,0.0004064671,0.0004368177,0.0004723438,0.0005105561,0.0005436658,0.0005715686,0.00060566614,0.0006534212,0.00071032636,0.00076918857,0.00082806544,0.0008884978,0.0009531992,0.0010275892,0.001115281,0.0012127116,0.0013165827,0.0014322513,0.0015678643,0.0017256538,0.0019051817,0.0021133227,0.0023683712,0.0026991556,0.0031633137,0.0039036241,0.0050863605,0.00647532,0.0072031766,0.006710564,0.0055804984,0.004683118,0.004254014,0.00414123,0.004254014,0.0046831183,0.0055804984,0.006710564,0.0072031766,0.00647532,0.0050863605,0.003903624,0.0031633137,0.0026991556,0.0023683712,0.0021133227,0.0019051818,0.0017256538,0.0015678643,0.0014322513,0.0013165827,0.0012127116,0.001115281,0.0010275892,0.0009531992,0.0008884978,0.00082806544,0.00076918857,0.00071032636,0.0006534212,0.00060566614,0.0005715686,0.0005436658,0.0005105561,0.0004723438,0.00043681773,0.00040646706,0.00037911203,0.00035539223,0.0003375939,0.0003231808,0.00030616106,0.00028490543,0.00026283925,0.00024429706,0.00023241284,0.00022670087,0.00022241074,0.00021287236,0.00019668382,0.00018004424,0.00016649615,0.00015400047,0.00014150224
52,0.00014222223,0.00015406715,0.00016656934,0.00017943117,0.00019503356,0.00021115204,0.00022206438,0.00022884505,0.00023725833,0.0002503272,0.0002673341,0.00028605814,0.0003054532,0.00032487162,0.00034375724,0.00036391866,0.00038798497,0.0004164457,0.00044935578,0.00048735505,0.00052626757,0.00055782986,0.0005827336,0.0006124299,0.0006545032,0.0007066137,0.0007636994,0.00082386244,0.000886937,0.0009524778,0.001022401,0.0011004308,0.0011881606,0.0012869029,0.0014001087,0.0015311224,0.0016810292,0.0018503314,0.002044084,0.0022743049,0.002558048,0.002923528,0.003434436,0.0041566347,0.0049511124,0.005372666,0.00514359,0.0045649074,0.0040870374,0.0038462854,0.0037797973,0.0038462854,0.0040870374,0.0045649074,0.00514359,0.005372666,0.0049511124,0.0041566347,0.003434436,0.002923528,0.002558048,0.0022743049,0.002044084,0.0018503314,0.0016810292,0.0015311224,0.0014001087,0.0012869029,0.0011881606,0.0011004308,0.001022401,0.0009524778,0.000886937,0.00082386244,0.0007636994,0.0007066137,0.0006545032,0.0006124299,0.0005827336,0.00055782986,0.00052626757,0.00048735505,0.0004493558,0.0004164457,0.00038798497,0.00036391866,0.00034375722,0.00032487162,0.0003054532,0.00028605814,0.0002673341,0.0002503272,0.00023725833,0.00022884505,0.00022206438,0.00021115204,0.00019503356,0.00017943117,0.00016656936,0.00015406715,0.00014222223
53,0.0001495944,0.00015938282,0.00016949067,0.00017931864,0.00019241641,0.00020833638,0.00022151801,0.00023130237,0.00024209265,0.0002563316,0.00027234724,0.00028798362,0.000304945,0.00032554535,0.00034808766,0.00037091746,0.00039611664,0.00042591817,0.00046057842,0.0004993688,0.0005371396,0.00056634354,0.00058871973,0.00061506155,0.0006525507,0.0007003419,0.0007549274,0.00081500073,0.0008796825,0.0009456019,0.0010110021,0.0010797527,0.001157973,0.0012499405,0.0013570329,0.0014791815,0.0016167535,0.0017708527,0.0019446992,0.002143584,0.0023731915,0.0026408795,0.0029587443,0.003330545,0.0036918295,0.0038899484,0.003839404,0.0036472706,0.003472422,0.003374749,0.0033453517,0.0033747489,0.003472422,0.0036472706,0.003839404,0.0038899484,0.0036918293,0.0033305453,0.0029587443,0.0026408795,0.0023731915,0.002143584,0.0019446992,0.0017708528,0.0016167535,0.0014791815,0.0013570329,0.0012499405,0.001157973,0.0010797527,0.001011002,0.00094560196,0.0008796825,0.00081500073,0.0007549274,0.0007003419,0.0006525507,0.00061506155,0.00058871973,0.00056634354,0.0005371396,0.0004993688,0.00046057842,0.0004259182,0.00039611664,0.00037091743,0.00034808766,0.00032554535,0.000304945,0.00028798362,0.00027234724,0.00025633164,0.00024209265,0.00023130237,0.00022151801,0.00020833638,0.0001924164,0.00017931864,0.00016949067,0.00015938282,0.00014959442
54,0.000157743,0.0001644153,0.00017094053,0.00017777344,0.00018897242,0.00020486423,0.00022019874,0.00023228796,0.0002440461,0.00025863212,0.0002744261,0.00028854815,0.00030345656,0.00032333116,0.00034706088,0.00037175065,0.0003986304,0.00042974803,0.00046450607,0.00050148356,0.0005365489,0.00056427723,0.00058676605,0.0006125835,0.00064781663,0.0006925147,0.0007441896,0.0008023313,0.0008662005,0.0009306498,0.0009916609,0.001053737,0.0011253053,0.0012104239,0.0013085702,0.0014188741,0.0015416642,0.0016779382,0.0018293975,0.0019965672,0.0021783207,0.0023738365,0.0025795961,0.0027830035,0.0029551089,0.0030555741,0.0030693647,0.0030290051,0.002980372,0.002947892,0.0029370645,0.002947892,0.002980372,0.0030290051,0.0030693647,0.0030555741,0.0029551089,0.0027830033,0.0025795961,0.0023738365,0.0021783207,0.0019965672,0.0018293975,0.0016779382,0.0015416642,0.0014188741,0.0013085702,0.0012104239,0.0011253053,0.001053737,0.0009916609,0.0009306498,0.0008662005,0.0008023313,0.0007441896,0.0006925147,0.0006478166,0.0006125835,0.00058676605,0.00056427723,0.0005365489,0.00050148356,0.00046450607,0.00042974803,0.0003986304,0.00037175068,0.00034706088,0.00032333116,0.00030345656,0.00028854815,0.0002744261,0.00025863212,0.0002440461,0.00023228794,0.00022019874,0.00020486423,0.00018897242,0.00017777343,0.00017094053,0.00016441528,0.000157743
55,0.00015922048,0.00016284238,0.00016686766,0.00017321703,0.00018477463,0.000200974,0.00021713236,0.00022984922,0.0002411294,0.00025523076,0.0002715657,0.0002864413,0.00030095968,0.00031946742,0.00034259312,0.0003682609,0.00039652613,0.00042786068,0.00046080246,0.00049418485,0.00052603614,0.0005537328,0.0005788271,0.0006064876,0.0006411198,0.00068345177,0.00073195423,0.0007867345,0.00084750453,0.0009089619,0.0009662326,0.0010236521,0.0010896701,0.0011671606,0.0012549058,0.0013526772,0.0014608572,0.001579555,0.0017086372,0.0018461864,0.0019892284,0.0021356149,0.0022810784,0.00241513,0.0025221447,0.002589306,0.002615776,0.002614021,0.002601028,0.00258964,0.002585477,0.00258964,0.002601028,0.002614021,0.002615776,0.002589306,0.0025221447,0.00241513,0.0022810784,0.0021356149,0.0019892284,0.0018461864,0.0017086372,0.001579555,0.0014608572,0.0013526772,0.0012549058,0.0011671606,0.0010896701,0.0010236521,0.0009662326,0.0009089619,0.00084750453,0.0007867345,0.00073195423,0.00068345177,0.0006411198,0.0006064876,0.00057882705,0.0005537328,0.00052603614,0.00049418485,0.00046080246,0.0004278607,0.00039652613,0.0003682609,0.00034259312,0.00031946742,0.00030095968,0.00028644127,0.0002715657,0.00025523076,0.0002411294,0.00022984923,0.00021713236,0.000200974,0.00018477463,0.00017321703,0.00016686764,0.00016284236,0.0001592205
56,0.00015187028,0.00015372645,0.00015770702,0.00016599701,0.00017949077,0.00019637778,0.00021244981,0.00022424551,0.00023370524,0.0002465806,0.00026392407,0.00028140098,0.0002975417,0.0003155778,0.0003381977,0.00036500357,0.00039456316,0.00042544652,0.00045590353,0.0004851027,0.00051311275,0.0005400427,0.0005667389,0.00059543125,0.0006293638,0.00067000353,0.0007161463,0.0007671991,0.00082340743,0.0008813276,0.00093610096,0.0009900853,0.0010501397,0.001118864,0.0011960967,0.0012826719,0.0013784709,0.001481682,0.0015900234,0.0017011737,0.0018134962,0.00192576,0.0020349277,0.0021340558,0.0022134394,0.002266232,0.0022928196,0.0022997067,0.002296423,0.0022914892,0.0022894517,0.0022914892,0.002296423,0.0022997067,0.0022928196,0.002266232,0.0022134394,0.0021340558,0.0020349277,0.00192576,0.0018134962,0.0017011737,0.0015900234,0.001481682,0.0013784709,0.0012826719,0.0011960967,0.001118864,0.0010501397,0.0009900853,0.00093610096,0.00088132755,0.00082340743,0.0007671991,0.0007161463,0.00067000353,0.0006293639,0.00059543125,0.0005667389,0.0005400427,0.00051311275,0.00048510273,0.00045590353,0.00042544652,0.00039456313,0.00036500357,0.0003381977,0.00031557778,0.0002975417,0.00028140098,0.00026392407,0.0002465806,0.00023370524,0.0002242455,0.00021244981,0.00019637778,0.00017949077,0.00016599701,0.00015770702,0.00015372645,0.00015187028
57,0.00013742763,0.00013985213,0.00014665621,0.00015812684,0.00017332964,0.00019087274,0.000207246,0.00021806889,0.00022487383,0.0002352166,0.0002526392,0.00027295545,0.00029208668,0.0003116067,0.00033559138,0.00036472507,0.00039601288,0.00042660182,0.000454734,0.00047971046,0.00050313096,0.0005272369,0.0005525274,0.0005798365,0.0006123683,0.0006523568,0.00069743645,0.00074460835,0.00079497637,0.00084869366,0.0009016541,0.00095338916,0.0010082904,0.0010687286,0.0011362613,0.001213273,0.0012986263,0.0013878478,0.0014775896,0.0015670467,0.0016561273,0.0017437267,0.0018274782,0.0019030756,0.0019640813,0.0020063356,0.0020309088,0.0020417355,0.0020443143,0.0020440135,0.0020436875,0.0020440135,0.0020443143,0.0020417355,0.0020309088,0.0020063356,0.0019640813,0.0019030756,0.0018274782,0.0017437267,0.0016561273,0.0015670469,0.0014775896,0.0013878478,0.0012986263,0.001213273,0.0011362614,0.0010687286,0.0010082904,0.00095338916,0.0009016541,0.00084869366,0.00079497637,0.00074460835,0.00069743645,0.0006523568,0.0006123683,0.0005798365,0.0005525274,0.0005272369,0.00050313096,0.00047971046,0.000454734,0.00042660182,0.00039601285,0.00036472507,0.00033559138,0.00031160674,0.0002920867,0.00027295545,0.00025263918,0.0002352166,0.00022487382,0.00021806889,0.000207246,0.00019087274,0.00017332965,0.00015812684,0.00014665621,0.00013985213,0.00013742763
58,0.0001211715,0.00012634532,0.00013708386,0.0001508969,0.00016610844,0.00018342375,0.00020071637,0.00021230304,0.00021785419,0.00022527642,0.00024067066,0.0002616648,0.00028340195,0.0003060266,0.0003334066,0.0003658812,0.00039876316,0.00042823047,0.00045317318,0.0004738552,0.0004930563,0.00051426806,0.0005382281,0.00056502485,0.0005973061,0.00063700613,0.00068023667,0.0007221741,0.00076551695,0.00081425696,0.00086542196,0.0009162032,0.0009678572,0.0010211649,0.0010791111,0.0011465717,0.0012218265,0.0012980098,0.0013720943,0.001445404,0.0015176939,0.0015864796,0.0016502324,0.0017075334,0.001754537,0.0017887098,0.0018117864,0.001826467,0.0018354361,0.0018409297,0.0018429601,0.0018409297,0.0018354361,0.001826467,0.0018117864,0.0017887098,0.001754537,0.0017075334,0.0016502324,0.0015864796,0.0015176939,0.001445404,0.0013720944,0.0012980098,0.0012218265,0.0011465717,0.0010791111,0.0010211649,0.0009678572,0.0009162032,0.00086542196,0.00081425696,0.00076551695,0.0007221741,0.00068023667,0.00063700613,0.0005973061,0.00056502485,0.0005382281,0.00051426806,0.0004930563,0.0004738552,0.00045317318,0.00042823047,0.00039876316,0.0003658812,0.00033340658,0.0003060266,0.00028340195,0.0002616648,0.00024067068,0.00022527642,0.0002178542,0.00021230304,0.00020071637,0.00018342375,0.00016610844,0.0001508969,0.00013708384,0.00012634532,0.00012117149
59,0.00011084634,0.00011881551,0.00013099157,0.00014380651,0.00015678219,0.00017279,0.00019105356,0.00020532816,0.00021294245,0.00021972232,0.00023214449,0.00025060814,0.00027261997,0.0002979761,0.00032880274,0.00036385114,0.00039712453,0.00042425378,0.0004452228,0.0004620757,0.0004784095,0.0004983906,0.000523552,0.00055311085,0.0005872891,0.00062608236,0.00066518167,0.000700635,0.0007369755,0.000780392,0.0008291829,0.0008794061,0.0009290236,0.0009763104,0.0010250474,0.0010824166,0.0011472568,0.001212074,0.0012743772,0.0013360251,0.0013954607,0.0014490376,0.0014966599,0.0015397571,0.0015765519,0.0016056221,0.0016286969,0.0016472102,0.001661819,0.0016723715,0.0016764783,0.0016723716,0.001661819,0.0016472102,0.0016286969,0.0016056222,0.0015765519,0.0015397571,0.0014966599,0.0014490376,0.0013954606,0.0013360251,0.0012743772,0.001212074,0.0011472568,0.0010824166,0.0010250474,0.0009763104,0.0009290236,0.0008794061,0.0008291829,0.000780392,0.0007369755,0.000700635,0.00066518167,0.00062608236,0.0005872891,0.0005531109,0.000523552,0.0004983906,0.0004784095,0.0004620757,0.0004452228,0.00042425378,0.00039712453,0.00036385114,0.00032880274,0.0002979761,0.00027261997,0.00025060814,0.00023214449,0.00021972231,0.00021294245,0.00020532816,0.00019105358,0.00017279,0.00015678219,0.00014380651,0.00013099158,0.0001188155,0.00011084633
60,0.000111469446,0.00012001737,0.00012983644,0.00013856034,0.00014805756,0.00016217394,0.00018046833,0.00019727813,0.00020915386,0.00021863748,0.00022950913,0.00024408309,0.00026382977,0.00028944603,0.00032113126,0.0003562983,0.00038880578,0.00041390397,0.00043177514,0.00044577743,0.0004601056,0.00047943112,0.00050659623,0.0005401084,0.0005766773,0.0006137298,0.0006479548,0.000677817,0.0007087011,0.0007469818,0.000792011,0.0008400149,0.0008873132,0.00093097595,0.0009740744,0.001023039,0.0010775758,0.0011323891,0.0011857585,0.0012382683,0.0012871376,0.0013287957,0.0013644248,0.0013969165,0.0014259521,0.0014513794,0.0014746878,0.0014956007,0.0015129516,0.0015254457,0.0015302323,0.0015254457,0.0015129516,0.0014956007,0.0014746878,0.0014513794,0.0014259521,0.0013969165,0.0013644248,0.0013287957,0.0012871376,0.0012382683,0.0011857585,0.0011323891,0.0010775758,0.001023039,0.0009740744,0.000930976,0.0008873132,0.0008400149,0.0007920109,0.0007469818,0.0007087011,0.000677817,0.0006479548,0.0006137298,0.0005766773,0.0005401084,0.0005065963,0.00047943112,0.0004601056,0.00044577743,0.00043177514,0.00041390397,0.00038880578,0.0003562983,0.00032113126,0.00028944606,0.00026382977,0.00024408309,0.00022950914,0.00021863748,0.00020915386,0.00019727815,0.00018046833,0.00016217395,0.00014805756,0.00013856034,0.00012983644,0.00012001737,0.000111469446
61,0.0001215166,0.00012770783,0.00013295255,0.00013731515,0.00014441475,0.00015717474,0.00017409159,0.0001910456,0.00020625055,0.00021980354,0.00023128574,0.0002427772,0.00025876923,0.00028175782,0.00031154498,0.0003453007,0.00037724877,0.00040169424,0.0004176279,0.0004290561,0.00044109192,0.00045902957,0.0004869313,0.00052291196,0.00056059414,0.00059565326,0.0006263642,0.000652962,0.0006806329,0.0007149316,0.0007552486,0.00079828786,0.00084155577,0.00088368665,0.000925775,0.00096960424,0.0010147286,0.0010597914,0.0011047323,0.0011489685,0.0011891329,0.0012225138,0.0012506513,0.0012760957,0.001299323,0.0013214932,0.0013438397,0.0013644784,0.001381085,0.0013924168,0.0013966172,0.0013924168,0.001381085,0.0013644784,0.0013438396,0.0013214933,0.001299323,0.0012760957,0.0012506513,0.0012225138,0.0011891329,0.0011489685,0.0011047323,0.0010597914,0.0010147286,0.00096960424,0.0009257749,0.00088368665,0.00084155577,0.00079828786,0.0007552486,0.0007149316,0.0006806329,0.000652962,0.0006263642,0.0005956532,0.00056059414,0.0005229119,0.0004869313,0.00045902957,0.00044109192,0.0004290561,0.0004176279,0.00040169427,0.00037724877,0.0003453007,0.00031154498,0.00028175785,0.00025876923,0.0002427772,0.00023128575,0.00021980354,0.00020625055,0.00019104562,0.00017409159,0.00015717474,0.00014441475,0.00013731515,0.00013295257,0.00012770783,0.0001215166
62,0.00013249685,0.00013443986,0.00013470209,0.00013660273,0.00014424691,0.00015788287,0.00017375484,0.00018905938,0.00020469107,0.00022031537,0.00023267059,0.00024244288,0.00025496626,0.00027436967,0.00030160917,0.00033396741,0.00036510534,0.000388549,0.00040277932,0.00041211917,0.00042222138,0.000438535,0.00046555913,0.00050158263,0.0005392608,0.00057345716,0.000602706,0.00062776223,0.0006539705,0.000686226,0.0007226843,0.00075977476,0.000797324,0.000837,0.00087851763,0.0009185128,0.00095525495,0.0009907556,0.0010271566,0.001063683,0.0010969654,0.0011252343,0.00114997,0.001172439,0.0011927079,0.0012126277,0.0012330526,0.0012511233,0.0012643674,0.0012725596,0.0012754197,0.0012725596,0.0012643674,0.0012511233,0.0012330526,0.0012126277,0.0011927079,0.001172439,0.00114997,0.0011252343,0.0010969654,0.001063683,0.0010271566,0.0009907556,0.00095525495,0.0009185128,0.00087851763,0.000837,0.000797324,0.00075977476,0.0007226843,0.000686226,0.0006539705,0.00062776223,0.000602706,0.00057345716,0.0005392608,0.00050158263,0.00046555916,0.00043853503,0.00042222138,0.00041211917,0.00040277932,0.000388549,0.00036510534,0.00033396741,0.00030160917,0.00027436967,0.00025496626,0.00024244288,0.00023267059,0.00022031537,0.00020469105,0.00018905938,0.00017375486,0.00015788287,0.00014424691,0.00013660273,0.00013470209,0.00013443986,0.00013249685
63,0.00013568279,0.00013346481,0.00012985736,0.00013144343,0.00014180811,0.00015828671,0.00017504358,0.00018940808,0.0002036588,0.00021832195,0.00023027943,0.00023970334,0.00025092557,0.00026791074,0.0002925746,0.00032225435,0.00034993046,0.00037025136,0.00038339465,0.00039311493,0.00040354804,0.0004190894,0.00044398097,0.000477924,0.00051528047,0.00055016583,0.0005791275,0.0006029409,0.00062826544,0.00065987965,0.00069414714,0.00072636333,0.0007577693,0.0007925958,0.0008308432,0.0008664738,0.000896238,0.0009236917,0.0009527069,0.0009828031,0.0010108833,0.0010359939,0.0010598568,0.0010823417,0.0011019137,0.001120202,0.0011383098,0.0011532536,0.0011629052,0.0011678208,0.0011692551,0.0011678208,0.0011629052,0.0011532536,0.0011383098,0.001120202,0.0011019137,0.0010823417,0.0010598568,0.0010359939,0.0010108833,0.0009828031,0.00095270685,0.0009236917,0.000896238,0.0008664738,0.0008308432,0.0007925958,0.0007577693,0.00072636333,0.0006941472,0.0006598797,0.00062826544,0.00060294085,0.0005791275,0.0005501658,0.00051528047,0.000477924,0.00044398097,0.0004190894,0.00040354804,0.0003931149,0.00038339465,0.00037025136,0.00034993043,0.00032225435,0.0002925746,0.00026791074,0.0002509256,0.00023970334,0.00023027943,0.00021832195,0.0002036588,0.00018940808,0.00017504356,0.00015828671,0.00014180811,0.00013144343,0.00012985736,0.00013346481,0.00013568279
64,0.00013028279,0.00012559287,0.000120452576,0.00012292764,0.00013562117,0.00015443191,0.00017292066,0.00018804354,0.00020171175,0.00021487375,0.00022590495,0.0002358171,0.0002474985,0.00026303646,0.00028410903,0.00030872182,0.00033070162,0.0003470769,0.00036017844,0.0003726051,0.00038583679,0.00040232833,0.00042540193,0.00045629012,0.00049221586,0.00052718894,0.0005555847,0.0005780989,0.00060249446,0.0006334215,0.0006659087,0.00069411553,0.00071980176,0.00074886077,0.00078233366,0.0008138906,0.00083923794,0.0008617149,0.0008855882,0.00091070373,0.00093461806,0.0009571832,0.0009803972,0.0010032043,0.0010220573,0.0010377837,0.0010528519,0.0010657961,0.0010744651,0.001078449,0.0010792966,0.001078449,0.0010744651,0.0010657961,0.0010528519,0.0010377837,0.0010220573,0.0010032043,0.0009803972,0.0009571832,0.00093461806,0.00091070373,0.0008855882,0.0008617149,0.00083923794,0.0008138906,0.00078233366,0.00074886077,0.00071980176,0.00069411553,0.0006659087,0.0006334216,0.00060249446,0.0005780989,0.0005555847,0.00052718894,0.00049221586,0.00045629012,0.00042540196,0.00040232833,0.00038583679,0.0003726051,0.00036017844,0.0003470769,0.00033070162,0.00030872182,0.00028410903,0.00026303646,0.0002474985,0.0002358171,0.00022590497,0.00021487375,0.00020171174,0.00018804354,0.00017292064,0.00015443191,0.00013562117,0.00012292764,0.000120452576,0.00012559287,0.0001302828
65,0.00012239796,0.00011764878,0.000113312664,0.00011669342,0.00012984741,0.00014908033,0.00016846502,0.0001847499,0.00019923893,0.00021254164,0.0002234922,0.000233424,0.00024462427,0.00025808744,0.0002747965,0.00029375032,0.0003109224,0.00032477034,0.0003379389,0.00035245094,0.00036879486,0.00038787402,0.0004109724,0.0004389598,0.00047117658,0.00050354516,0.0005307338,0.00055289397,0.0005766979,0.00060605037,0.00063600944,0.00066066167,0.00068182644,0.0007058451,0.00073444843,0.0007623167,0.00078514265,0.0008050567,0.00082568324,0.000847335,0.0008685263,0.00088922435,0.00091109297,0.00093302084,0.0009504524,0.00096289336,0.0009743283,0.0009862953,0.0009965205,0.0010018304,0.0010029497,0.0010018304,0.0009965205,0.0009862953,0.0009743283,0.0009628933,0.0009504524,0.00093302084,0.00091109297,0.00088922435,0.0008685263,0.000847335,0.0008256833,0.0008050567,0.00078514265,0.0007623167,0.00073444843,0.0007058451,0.00068182644,0.00066066167,0.0006360095,0.00060605037,0.0005766979,0.00055289397,0.0005307338,0.00050354516,0.00047117658,0.0004389598,0.0004109724,0.00038787402,0.00036879486,0.00035245094,0.00033793892,0.00032477034,0.0003109224,0.00029375032,0.0002747965,0.00025808747,0.00024462427,0.000233424,0.0002234922,0.00021254164,0.00019923892,0.0001847499,0.00016846502,0.00014908033,0.00012984741,0.000116693416,0.000113312664,0.000117648786,0.00012239796
66,0.000117661126,0.000114891154,0.00011247309,0.00011615319,0.00012799638,0.00014545956,0.00016356754,0.00017952624,0.00019478145,0.0002096734,0.00022182491,0.00023100166,0.00023970088,0.0002499621,0.0002626702,0.00027768832,0.00029318008,0.00030744815,0.0003209849,0.00033557919,0.00035303118,0.00037415675,0.0003980478,0.00042355366,0.0004506916,0.00047861948,0.0005045608,0.0005277238,0.0005515736,0.0005785777,0.000605446,0.0006274949,0.00064580265,0.00066576654,0.000689476,0.00071322726,0.00073316763,0.00075027125,0.0007679386,0.0007875345,0.0008081266,0.0008287504,0.00084977713,0.0008703264,0.00088640396,0.0008965527,0.0009050513,0.0009160684,0.0009273722,0.0009335391,0.0009347779,0.0009335391,0.0009273722,0.0009160684,0.0009050513,0.00089655264,0.00088640396,0.0008703264,0.00084977713,0.0008287504,0.0008081266,0.0007875345,0.0007679386,0.00075027125,0.0007331676,0.00071322726,0.000689476,0.00066576654,0.00064580265,0.0006274949,0.000605446,0.0005785777,0.0005515736,0.0005277238,0.0005045608,0.00047861945,0.0004506916,0.00042355366,0.0003980478,0.00037415675,0.00035303118,0.00033557919,0.0003209849,0.00030744815,0.0002931801,0.00027768832,0.0002626702,0.0002499621,0.0002397009,0.00023100166,0.00022182491,0.00020967338,0.00019478145,0.00017952624,0.00016356754,0.00014545956,0.00012799638,0.00011615318,0.00011247309,0.000114891154,0.000117661126
67,0.000115941846,0.000115372066,0.00011499701,0.000118972916,0.00012882866,0.00014284247,0.00015755529,0.00017127779,0.00018592805,0.0002020247,0.00021574387,0.00022443949,0.0002304436,0.00023715389,0.00024642388,0.0002596263,0.00027658796,0.00029440533,0.0003103019,0.00032523097,0.00034242263,0.0003632559,0.0003860859,0.00040870815,0.0004311687,0.00045485838,0.0004792914,0.0005029688,0.0005263551,0.0005505865,0.0005744382,0.0005948711,0.00061164296,0.0006286225,0.0006483246,0.000668318,0.0006847163,0.00069787155,0.00071201293,0.0007298391,0.00075053505,0.0007720393,0.00079306605,0.00081214285,0.00082669145,0.00083588954,0.00084350334,0.00085371773,0.00086420967,0.0008695486,0.00087042945,0.00086954865,0.00086420967,0.00085371773,0.00084350334,0.00083588954,0.00082669145,0.00081214285,0.0007930661,0.0007720393,0.00075053505,0.0007298391,0.00071201293,0.00069787155,0.0006847163,0.000668318,0.0006483246,0.0006286225,0.00061164296,0.0005948711,0.0005744382,0.00055058656,0.0005263551,0.0005029688,0.00047929143,0.00045485838,0.0004311687,0.00040870815,0.0003860859,0.0003632559,0.00034242263,0.00032523097,0.0003103019,0.00029440533,0.00027658796,0.0002596263,0.00024642388,0.00023715387,0.00023044362,0.00022443949,0.00021574387,0.0002020247,0.00018592805,0.0001712778,0.00015755529,0.00014284247,0.00012882866,0.00011897291,0.00011499701,0.000115372066,0.00011594184
68,0.000113823335,0.00011400509,0.000115604314,0.00012079766,0.00012961989,0.00014079397,0.00015239426,0.00016326217,0.00017534824,0.00019015456,0.00020420975,0.0002133802,0.00021830975,0.00022199245,0.00022803724,0.00024058874,0.00026045262,0.00028302765,0.0003030058,0.00032018544,0.000337624,0.00035657652,0.0003762072,0.00039534352,0.00041413808,0.00043423456,0.00045587914,0.0004774354,0.0004982425,0.0005191556,0.00054029684,0.0005595532,0.00057582615,0.00059178134,0.0006096137,0.00062715745,0.0006405943,0.00065040693,0.00066154863,0.0006773963,0.00069720374,0.00071863824,0.00073912943,0.00075590226,0.0007678144,0.000776379,0.0007846537,0.0007944349,0.0008032007,0.00080745755,0.00080822397,0.00080745755,0.00080320064,0.0007944349,0.0007846537,0.000776379,0.0007678144,0.00075590226,0.00073912943,0.00071863824,0.0006972038,0.00067739637,0.00066154863,0.00065040693,0.0006405943,0.00062715745,0.0006096137,0.00059178134,0.00057582615,0.0005595532,0.00054029684,0.0005191556,0.0004982425,0.0004774354,0.00045587914,0.0004342346,0.0004141381,0.00039534352,0.0003762072,0.00035657655,0.000337624,0.00032018544,0.0003030058,0.00028302765,0.00026045262,0.00024058874,0.00022803724,0.00022199244,0.00021830974,0.0002133802,0.00020420975,0.00019015456,0.00017534824,0.00016326216,0.00015239426,0.00014079397,0.00012961989,0.00012079766,0.000115604314,0.00011400509,0.000113823335
69,0.00011100067,0.00011040978,0.00011343437,0.00012045988,0.00012989377,0.00014043125,0.00015054196,0.00015867865,0.00016673346,0.0001779962,0.00019105403,0.00020135316,0.00020664153,0.00020827765,0.00021210039,0.00022519745,0.00024823163,0.00027454257,0.00029755992,0.0003165853,0.0003338865,0.00035053588,0.00036697678,0.0003832096,0.00039926177,0.00041616205,0.0004338478,0.00045077232,0.0004668119,0.00048374812,0.00050221814,0.0005203681,0.0005373131,0.0005544919,0.00057171914,0.000586349,0.00059663825,0.00060473336,0.0006151898,0.0006303695,0.00064921676,0.0006695065,0.0006881538,0.00070173433,0.00071076024,0.00071894925,0.0007278191,0.00073616393,0.0007425204,0.00074622093,0.0007473831,0.00074622093,0.00074252044,0.00073616393,0.0007278191,0.00071894925,0.00071076024,0.00070173433,0.0006881538,0.0006695065,0.00064921676,0.0006303695,0.0006151898,0.00060473336,0.00059663825,0.000586349,0.00057171914,0.0005544919,0.0005373131,0.0005203681,0.00050221814,0.00048374812,0.0004668119,0.0004507723,0.0004338478,0.00041616207,0.00039926177,0.0003832096,0.00036697678,0.00035053588,0.0003338865,0.00031658527,0.0002975599,0.00027454254,0.00024823163,0.00022519744,0.00021210039,0.00020827765,0.00020664152,0.00020135316,0.00019105403,0.0001779962,0.00016673346,0.00015867865,0.00015054196,0.00014043125,0.00012989377,0.00012045988,0.00011343438,0.00011040978,0.00011100067
70,0.000110223205,0.00010790409,0.00011087468,0.000119187986,0.00013012945,0.00014148265,0.0001508083,0.0001560923,0.00016004803,0.00016779173,0.0001797968,0.00019135777,0.00019747531,0.00019836356,0.0002018768,0.00021642918,0.00024144395,0.00026887475,0.0002922078,0.00031102347,0.00032711003,0.00034169012,0.00035605347,0.0003704207,0.000384508,0.00039870202,0.0004121836,0.0004236843,0.0004345732,0.000447725,0.0004636593,0.00048088576,0.00049944664,0.00051897066,0.0005351222,0.0005447732,0.0005506376,0.0005580317,0.000570226,0.0005870168,0.0006062529,0.00062537816,0.0006413957,0.0006521262,0.00066006294,0.00066903746,0.00067768915,0.000682883,0.00068546727,0.00068765087,0.00068878714,0.00068765087,0.00068546727,0.0006828831,0.00067768915,0.00066903746,0.00066006294,0.0006521262,0.0006413957,0.0006253781,0.0006062529,0.00058701687,0.000570226,0.0005580317,0.0005506376,0.0005447732,0.0005351222,0.00051897066,0.00049944664,0.00048088576,0.0004636593,0.000447725,0.0004345732,0.0004236843,0.0004121836,0.00039870202,0.000384508,0.00037042072,0.00035605347,0.00034169012,0.00032711003,0.0003110235,0.0002922078,0.00026887478,0.00024144397,0.00021642918,0.00020187681,0.00019836356,0.00019747531,0.00019135777,0.00017979681,0.00016779173,0.00016004805,0.0001560923,0.00015080828,0.00014148267,0.00013012944,0.000119187986,0.00011087467,0.00010790408,0.000110223205
71,0.00011151054,0.00010703798,0.0001080679,0.0001160563,0.00012807688,0.00014079065,0.0001501867,0.00015379966,0.0001554307,0.00016125245,0.00017262233,0.00018492469,0.0001917732,0.00019290768,0.00019680697,0.0002110347,0.00023390126,0.00025840825,0.00027999852,0.00029866773,0.00031501084,0.00032919415,0.00034273835,0.00035624285,0.00036895077,0.00038030127,0.0003890637,0.00039545042,0.0004028367,0.00041399885,0.00042853318,0.00044528977,0.00046501725,0.00048578047,0.0005002833,0.0005055602,0.0005080982,0.0005155236,0.0005296176,0.0005481881,0.0005684912,0.0005871845,0.0006010032,0.00060996343,0.00061820954,0.0006279466,0.00063535286,0.00063699967,0.0006352966,0.0006342187,0.0006341604,0.0006342187,0.0006352966,0.00063699967,0.00063535286,0.0006279465,0.00061820954,0.00060996343,0.00060100324,0.0005871845,0.0005684912,0.0005481881,0.0005296176,0.00051552366,0.0005080983,0.00050556025,0.0005002833,0.00048578047,0.00046501725,0.00044528977,0.00042853318,0.00041399887,0.0004028367,0.00039545042,0.0003890637,0.00038030127,0.00036895077,0.00035624285,0.00034273835,0.00032919415,0.00031501087,0.00029866773,0.00027999852,0.00025840825,0.00023390126,0.00021103471,0.00019680697,0.00019290768,0.0001917732,0.00018492469,0.00017262233,0.00016125245,0.0001554307,0.00015379966,0.00015018671,0.00014079067,0.00012807688,0.0001160563,0.0001080679,0.00010703799,0.00011151054
72,0.00011059026,0.00010431504,0.0001024274,0.000108413944,0.0001203671,0.00013480321,0.00014665596,0.00015231683,0.00015504342,0.00016065883,0.00017097786,0.0001825324,0.00018925431,0.00019038473,0.00019328974,0.00020383456,0.00022028339,0.00023851256,0.000257136,0.00027679192,0.00029608607,0.00031251548,0.00032699067,0.00034096494,0.0003530439,0.00036119545,0.00036488945,0.0003671592,0.0003729774,0.00038398308,0.0003983629,0.0004147119,0.00043345278,0.000452613,0.0004655535,0.00047007887,0.00047307854,0.0004816539,0.00049613806,0.00051405875,0.00053410034,0.0005528086,0.00056580716,0.0005739044,0.00058157113,0.0005895744,0.00059406995,0.0005928322,0.00058826606,0.0005841863,0.000582664,0.00058418635,0.00058826606,0.0005928322,0.00059406995,0.0005895744,0.00058157113,0.0005739044,0.00056580716,0.0005528086,0.00053410034,0.00051405875,0.00049613806,0.0004816539,0.00047307854,0.0004700789,0.00046555352,0.000452613,0.00043345278,0.0004147119,0.0003983629,0.00038398308,0.00037297737,0.00036715923,0.00036488948,0.00036119545,0.00035304393,0.00034096494,0.00032699067,0.00031251548,0.00029608607,0.00027679192,0.000257136,0.00023851256,0.00022028339,0.00020383456,0.00019328974,0.00019038473,0.0001892543,0.00018253239,0.00017097786,0.00016065883,0.00015504341,0.00015231683,0.00014665596,0.00013480321,0.000120367105,0.00010841394,0.00010242741,0.00010431504,0.00011059026
73,0.000103859435,9.715892e-05,9.362497e-05,9.7658645e-05,0.000108506705,0.00012400931,0.00013980875,0.00015094652,0.00015777083,0.0001644009,0.00017315774,0.00018245034,0.00018788608,0.00018805232,0.00018804712,0.0001928987,0.00020230157,0.00021454997,0.00022995728,0.00024971814,0.0002717559,0.00029138927,0.00030783,0.00032286893,0.00033513177,0.00034173572,0.00034300575,0.0003437677,0.00034913304,0.00035976886,0.00037339717,0.00038796847,0.00040325325,0.00041891407,0.00043133227,0.00043830066,0.00044427213,0.00045441723,0.00046782757,0.00048248578,0.0004998786,0.0005182213,0.0005318805,0.00054004753,0.00054594025,0.00055011996,0.0005507125,0.00054742006,0.0005420811,0.0005370788,0.000534963,0.0005370788,0.0005420811,0.00054742006,0.0005507125,0.00055012,0.00054594025,0.00054004753,0.0005318805,0.0005182213,0.0004998786,0.00048248575,0.00046782757,0.0004544172,0.00044427215,0.00043830066,0.00043133227,0.00041891407,0.00040325322,0.00038796847,0.00037339717,0.0003597689,0.00034913307,0.0003437677,0.00034300575,0.0003417357,0.00033513177,0.00032286893,0.00030783,0.00029138927,0.0002717559,0.00024971814,0.00022995728,0.00021454997,0.00020230157,0.0001928987,0.00018804712,0.0001880523,0.00018788606,0.00018245034,0.00017315774,0.0001644009,0.00015777083,0.00015094654,0.00013980875,0.00012400933,0.00010850671,9.765864e-05,9.362497e-05,9.715892e-05,0.00010385943
74,9.397571e-05,8.8430745e-05,8.5003485e-05,8.7620334e-05,9.628209e-05,0.00011083486,0.00012929423,0.00014607882,0.0001578682,0.00016651877,0.00017423992,0.00018094202,0.00018465123,0.00018348542,0.00017985424,0.00017911734,0.00018419689,0.00019441714,0.00020819476,0.0002259026,0.0002471411,0.00026787884,0.00028545622,0.00030078067,0.00031346653,0.00032116732,0.0003244509,0.0003272873,0.000332944,0.0003420931,0.00035342848,0.00036452134,0.00037521083,0.00038807932,0.00040214183,0.00041327407,0.0004221925,0.00043252567,0.00044330946,0.0004534171,0.00046689893,0.00048417636,0.00049883046,0.00050726725,0.0005110563,0.00051182415,0.00051003974,0.0005064517,0.00050184096,0.0004971731,0.00049501786,0.0004971731,0.00050184096,0.00050645176,0.00051003974,0.00051182415,0.0005110563,0.00050726725,0.00049883046,0.00048417636,0.00046689896,0.00045341713,0.0004433095,0.00043252565,0.0004221925,0.0004132741,0.00040214183,0.00038807932,0.00037521083,0.00036452137,0.00035342848,0.0003420931,0.00033294398,0.0003272873,0.0003244509,0.0003211673,0.00031346653,0.00030078064,0.00028545622,0.00026787882,0.00024714114,0.00022590261,0.00020819476,0.00019441714,0.00018419689,0.00017911734,0.00017985424,0.00018348542,0.00018465123,0.00018094202,0.0001742399,0.00016651877,0.0001578682,0.00014607882,0.00012929423,0.00011083486,9.628209e-05,8.762033e-05,8.5003485e-05,8.843075e-05,9.39757e-05
75,8.7148066e-05,8.338712e-05,7.950839e-05,7.9417485e-05,8.505673e-05,9.781526e-05,0.000116863805,0.00013658928,0.00015205238,0.00016336005,0.00017099085,0.00017517188,0.00017688566,0.00017486469,0.00016912453,0.00016541124,0.00017007563,0.00018248569,0.00019686334,0.00021135854,0.00022819958,0.00024651273,0.0002632987,0.0002781115,0.00029078918,0.0002999719,0.00030680822,0.00031350218,0.00032028093,0.0003279575,0.0003370036,0.0003449515,0.00035205623,0.00036351624,0.0003799397,0.00039509602,0.00040621078,0.00041538672,0.0004226133,0.00042849802,0.00043830727,0.00045352522,0.0004676811,0.00047522326,0.0004765553,0.00047516034,0.00047384948,0.00047270127,0.0004699115,0.000465475,0.0004631049,0.000465475,0.0004699115,0.00047270127,0.00047384948,0.00047516034,0.00047655532,0.00047522326,0.0004676811,0.00045352522,0.00043830724,0.00042849802,0.0004226133,0.00041538672,0.00040621078,0.00039509602,0.0003799397,0.0003635162,0.00035205623,0.0003449515,0.0003370036,0.0003279575,0.00032028093,0.00031350218,0.00030680822,0.0002999719,0.0002907892,0.0002781115,0.0002632987,0.00024651273,0.00022819958,0.00021135854,0.00019686336,0.0001824857,0.00017007563,0.00016541124,0.00016912453,0.0001748647,0.00017688566,0.00017517188,0.00017099085,0.00016336005,0.00015205238,0.00013658928,0.00011686381,9.781527e-05,8.505673e-05,7.9417485e-05,7.950839e-05,8.338712e-05,8.714806e-05
76,8.532026e-05,8.308038e-05,7.7705394e-05,7.425465e-05,7.7969795e-05,9.0405796e-05,0.000108764645,0.00012739006,0.00014337618,0.00015677375,0.00016485772,0.00016664604,0.00016596442,0.00016369071,0.00015862973,0.00015557368,0.00016207667,0.00017749576,0.00019336876,0.00020559388,0.00021745493,0.00023116377,0.0002454446,0.00025927922,0.00027123507,0.00028012553,0.0002886493,0.00029828594,0.00030639744,0.00031341924,0.00032156316,0.0003286042,0.00033431634,0.0003445397,0.0003611203,0.00037788798,0.00039007372,0.00039789316,0.00040226334,0.00040545472,0.00041247992,0.00042483903,0.00043705865,0.00044302488,0.00044211964,0.00043944077,0.00044026034,0.00044338306,0.00044346234,0.000439574,0.00043705385,0.000439574,0.00044346234,0.00044338306,0.00044026034,0.00043944074,0.00044211964,0.00044302488,0.00043705865,0.00042483903,0.0004124799,0.00040545475,0.00040226334,0.0003978932,0.0003900737,0.00037788798,0.0003611203,0.0003445397,0.00033431634,0.00032860422,0.00032156316,0.00031341924,0.00030639744,0.00029828594,0.0002886493,0.00028012553,0.00027123507,0.0002592792,0.0002454446,0.00023116377,0.00021745493,0.00020559388,0.00019336875,0.00017749575,0.00016207667,0.00015557368,0.00015862974,0.00016369071,0.00016596442,0.00016664603,0.00016485772,0.00015677375,0.00014337618,0.00012739006,0.00010876465,9.0405796e-05,7.7969795e-05,7.425465e-05,7.7705394e-05,8.308038e-05,8.5320265e-05
77,8.502908e-05,8.437332e-05,7.948721e-05,7.569937e-05,8.0066646e-05,9.333772e-05,0.000109853834,0.00012424478,0.00013738268,0.00015062335,0.00015855372,0.00015834368,0.00015562796,0.00015402102,0.00015195363,0.00015153922,0.00015902828,0.00017478876,0.0001912202,0.00020307057,0.00021218159,0.00022164291,0.00023238556,0.00024422142,0.00025479612,0.00026275474,0.00027175233,0.00028270477,0.00029111537,0.0002973513,0.0003052392,0.0003130242,0.00031907257,0.00032808902,0.00034260287,0.0003579419,0.00036907464,0.00037516467,0.00037786193,0.00038008776,0.00038553675,0.00039544547,0.00040605618,0.0004116998,0.00041039038,0.00040747673,0.0004101802,0.00041721994,0.0004210553,0.00041949548,0.00041775935,0.00041949548,0.0004210553,0.00041721994,0.0004101802,0.00040747676,0.00041039038,0.0004116998,0.00040605618,0.00039544547,0.00038553675,0.00038008776,0.00037786193,0.00037516467,0.00036907464,0.0003579419,0.00034260284,0.00032808902,0.00031907254,0.0003130242,0.00030523923,0.0002973513,0.00029111537,0.00028270477,0.00027175233,0.00026275477,0.00025479612,0.00024422142,0.00023238556,0.00022164291,0.00021218159,0.00020307057,0.0001912202,0.00017478876,0.00015902829,0.00015153922,0.00015195365,0.00015402102,0.00015562796,0.00015834367,0.00015855374,0.00015062335,0.00013738268,0.00012424478,0.00010985383,9.333772e-05,8.0066646e-05,7.569937e-05,7.948722e-05,8.437332e-05,8.502908e-05
78,8.173403e-05,8.351895e-05,8.3290215e-05,8.3723484e-05,9.030669e-05,0.00010352607,0.00011736666,0.0001273301,0.0001363229,0.00014660181,0.0001523922,0.00015047308,0.00014720674,0.00014766725,0.00014958183,0.00015178823,0.0001584795,0.00017160879,0.00018638908,0.00019786788,0.00020612602,0.00021314231,0.00022030587,0.00022887287,0.00023791383,0.00024661893,0.0002576049,0.00026964123,0.00027731044,0.00028189347,0.00028883188,0.000297321,0.0003046401,0.00031338976,0.0003253515,0.00033693996,0.00034466022,0.00034859963,0.00035077505,0.0003532804,0.00035806192,0.00036607604,0.00037557055,0.00038214616,0.00038253117,0.00038060354,0.0003841522,0.00039343053,0.00040118556,0.00040353075,0.00040341652,0.00040353078,0.00040118556,0.00039343053,0.0003841522,0.00038060354,0.00038253117,0.00038214616,0.00037557058,0.00036607604,0.00035806192,0.0003532804,0.00035077505,0.00034859963,0.00034466022,0.00033693996,0.0003253515,0.00031338976,0.0003046401,0.000297321,0.00028883188,0.00028189347,0.00027731046,0.00026964123,0.0002576049,0.00024661893,0.00023791383,0.00022887287,0.00022030587,0.00021314231,0.00020612602,0.00019786788,0.00018638908,0.00017160877,0.0001584795,0.00015178823,0.00014958183,0.00014766725,0.00014720674,0.00015047308,0.0001523922,0.00014660181,0.0001363229,0.00012733012,0.00011736666,0.000103526065,9.030668e-05,8.372348e-05,8.3290215e-05,8.351896e-05,8.173403e-05
79,7.483503e-05,7.9356236e-05,8.549661e-05,9.170027e-05,0.00010031091,0.00011245592,0.00012413002,0.00013178488,0.00013756106,0.00014343424,0.00014556815,0.0001424198,0.0001400839,0.00014292501,0.0001478703,0.00015187496,0.00015740078,0.00016701857,0.00017825866,0.0001877399,0.00019543893,0.00020170712,0.0002062709,0.00021117297,0.00021859782,0.00022930568,0.0002434859,0.0002570083,0.0002643684,0.00026789226,0.00027385826,0.00028267872,0.00029161468,0.00030095695,0.0003105061,0.00031735044,0.00032080602,0.0003232938,0.00032638846,0.00032984314,0.00033371313,0.00033898736,0.00034620773,0.00035321474,0.00035620836,0.00035637588,0.00036015274,0.00036954883,0.0003791997,0.00038428354,0.00038543355,0.00038428354,0.0003791997,0.00036954883,0.00036015274,0.00035637585,0.0003562084,0.00035321477,0.0003462077,0.00033898736,0.00033371313,0.00032984314,0.00032638846,0.0003232938,0.00032080602,0.00031735044,0.00031050606,0.00030095692,0.00029161468,0.00028267872,0.00027385826,0.00026789226,0.00026436837,0.00025700827,0.0002434859,0.00022930566,0.00021859782,0.00021117297,0.00020627091,0.00020170711,0.00019543893,0.00018773992,0.00017825866,0.00016701859,0.00015740078,0.00015187496,0.0001478703,0.000142925,0.00014008388,0.0001424198,0.00014556815,0.00014343424,0.00013756106,0.00013178488,0.00012413003,0.00011245592,0.00010031091,9.170027e-05,8.549662e-05,7.9356236e-05,7.483503e-05
80,6.850554e-05,7.483238e-05,8.440116e-05,9.368156e-05,0.00010349328,0.000115245,0.00012648148,0.00013409198,0.00013816927,0.00013956965,0.00013736737,0.00013311866,0.0001321254,0.00013650024,0.00014295135,0.00014849888,0.00015405196,0.00016121787,0.00016881763,0.0001758566,0.00018342299,0.0001902969,0.00019370142,0.00019539779,0.00020038855,0.00021133541,0.00022657946,0.00024040174,0.00024829636,0.00025281764,0.00025930422,0.0002686973,0.00027890294,0.00028862822,0.0002960609,0.00029904128,0.0002994303,0.00030162,0.00030612995,0.00031006837,0.00031213457,0.00031381464,0.00031765757,0.00032414883,0.00032992577,0.00033308775,0.0003368035,0.00034376522,0.00035172424,0.00035692652,0.00035849685,0.00035692652,0.00035172424,0.00034376522,0.0003368035,0.00033308775,0.00032992577,0.00032414886,0.00031765754,0.00031381464,0.00031213457,0.00031006837,0.00030612995,0.00030162,0.0002994303,0.00029904125,0.0002960609,0.00028862822,0.00027890297,0.00026869727,0.00025930422,0.0002528176,0.0002482964,0.00024040174,0.00022657946,0.00021133541,0.00020038855,0.00019539779,0.00019370142,0.00019029691,0.00018342299,0.0001758566,0.00016881764,0.00016121787,0.00015405196,0.00014849886,0.00014295135,0.00013650024,0.0001321254,0.00013311866,0.00013736737,0.00013956963,0.00013816927,0.000134092,0.00012648146,0.000115245,0.00010349328,9.368157e-05,8.440116e-05,7.483238e-05,6.850554e-05
81,6.557978e-05,7.245505e-05,8.112265e-05,8.981007e-05,0.000100456615,0.000113395785,0.00012554953,0.00013375469,0.00013656708,0.0001337277,0.00012690743,0.00012128317,0.00012174189,0.00012772977,0.00013554117,0.00014293054,0.0001499266,0.00015670233,0.00016246754,0.00016857576,0.0001772213,0.00018531845,0.00018801176,0.00018689,0.00018843877,0.00019652938,0.000209062,0.0002207825,0.00022883606,0.00023531793,0.00024334386,0.000253166,0.00026329208,0.00027213007,0.00027778736,0.00027897555,0.00027819062,0.00028004366,0.0002844012,0.00028747838,0.00028818077,0.0002882911,0.00029048347,0.000296533,0.00030437083,0.0003102217,0.00031342666,0.0003163994,0.00032088597,0.00032559098,0.00032765663,0.00032559098,0.00032088597,0.0003163994,0.0003134267,0.0003102217,0.00030437083,0.000296533,0.00029048347,0.0002882911,0.00028818077,0.00028747838,0.00028440118,0.00028004366,0.00027819062,0.00027897555,0.00027778736,0.00027213004,0.00026329208,0.000253166,0.00024334385,0.00023531793,0.00022883606,0.00022078252,0.00020906198,0.00019652936,0.00018843877,0.00018689,0.00018801178,0.00018531844,0.00017722129,0.00016857575,0.00016246754,0.00015670234,0.0001499266,0.00014293053,0.00013554117,0.00012772976,0.00012174188,0.00012128317,0.00012690743,0.0001337277,0.00013656708,0.00013375467,0.00012554952,0.000113395785,0.000100456615,8.981007e-05,8.112265e-05,7.245505e-05,6.557978e-05
82,6.5303364e-05,7.1600174e-05,7.723832e-05,8.394329e-05,9.544244e-05,0.00010994235,0.00012250224,0.00013006627,0.00013098391,0.00012479087,0.00011518956,0.00010966239,0.000112133624,0.00011986414,0.0001289536,0.00013799201,0.00014689159,0.00015498805,0.00016136636,0.00016851028,0.00017860692,0.00018659135,0.0001873541,0.00018405486,0.00018313111,0.00018744686,0.00019537106,0.00020350603,0.00021041297,0.0002174845,0.00022585408,0.00023480323,0.00024320194,0.00024998555,0.00025430368,0.00025556696,0.00025495753,0.00025551545,0.00025757306,0.0002591859,0.00026064034,0.0002631631,0.000267212,0.00027353468,0.00028135526,0.0002874902,0.0002893802,0.00028903462,0.00029137288,0.00029689528,0.00030000773,0.0002968953,0.00029137288,0.00028903465,0.00028938017,0.0002874902,0.00028135526,0.00027353468,0.000267212,0.00026316306,0.00026064034,0.0002591859,0.00025757306,0.00025551545,0.00025495753,0.00025556696,0.0002543037,0.00024998558,0.00024320194,0.00023480324,0.00022585408,0.00021748451,0.00021041297,0.00020350603,0.00019537106,0.00018744686,0.00018313111,0.00018405486,0.0001873541,0.00018659135,0.00017860693,0.00016851028,0.00016136636,0.00015498805,0.00014689159,0.00013799201,0.0001289536,0.00011986414,0.000112133624,0.00010966238,0.00011518957,0.00012479087,0.00013098391,0.00013006628,0.00012250226,0.00010994235,9.544244e-05,8.394329e-05,7.723832e-05,7.160017e-05,6.5303364e-05
83,6.73559e-05,7.185862e-05,7.413744e-05,7.877892e-05,9.018362e-05,0.000104918436,0.00011701321,0.00012343412,0.00012249133,0.00011463179,0.000105795945,0.00010345786,0.000108308246,0.00011610015,0.00012482579,0.00013432615,0.00014393721,0.00015295684,0.00016092377,0.0001695262,0.00017935221,0.00018488952,0.00018342427,0.00018056677,0.00018044045,0.00018229849,0.00018547496,0.00018971086,0.00019459384,0.00020045483,0.00020731807,0.00021455411,0.00022138172,0.00022663863,0.00023016329,0.00023232287,0.00023257817,0.00023159347,0.00023097602,0.0002319543,0.00023587034,0.00024249675,0.00024961127,0.00025600594,0.00026156456,0.00026505988,0.00026469765,0.00026259208,0.00026471174,0.0002717257,0.00027584645,0.0002717257,0.00026471174,0.0002625921,0.00026469765,0.00026505988,0.00026156454,0.0002560059,0.00024961127,0.00024249677,0.00023587032,0.00023195431,0.00023097602,0.00023159345,0.00023257818,0.00023232287,0.00023016329,0.00022663863,0.00022138174,0.00021455411,0.00020731807,0.00020045482,0.00019459383,0.00018971086,0.00018547496,0.0001822985,0.00018044045,0.00018056677,0.00018342429,0.0001848895,0.00017935221,0.0001695262,0.00016092377,0.00015295683,0.00014393721,0.00013432617,0.00012482579,0.00011610016,0.000108308246,0.00010345786,0.000105795945,0.000114631795,0.00012249133,0.0001234341,0.00011701322,0.000104918436,9.018361e-05,7.8778925e-05,7.413744e-05,7.185862e-05,6.73559e-05
84,7.12225e-05,7.312491e-05,7.179576e-05,7.348737e-05,8.272896e-05,9.652063e-05,0.000109068,0.00011607603,0.00011470952,0.00010678425,0.00010091273,0.000103538936,0.000110811576,0.00011703346,0.00012323898,0.00013112737,0.00013907465,0.00014698131,0.00015560843,0.00016450288,0.00017198159,0.00017440743,0.00017285289,0.00017379326,0.00017715625,0.00017779334,0.0001761283,0.00017575819,0.00017805463,0.0001825821,0.00018841887,0.0001953253,0.00020246295,0.00020728365,0.00021000083,0.0002128713,0.00021455549,0.00021334576,0.00021152012,0.00021258678,0.00021807713,0.00022649088,0.00023425504,0.0002393894,0.00024236768,0.00024319167,0.0002407517,0.00023736292,0.000239327,0.00024709327,0.00025168256,0.0002470933,0.000239327,0.00023736294,0.0002407517,0.00024319168,0.00024236768,0.0002393894,0.00023425504,0.00022649088,0.00021807713,0.00021258678,0.0002115201,0.00021334576,0.0002145555,0.0002128713,0.00021000083,0.00020728365,0.00020246295,0.00019532528,0.00018841887,0.0001825821,0.00017805464,0.00017575819,0.00017612829,0.00017779334,0.00017715624,0.00017379326,0.00017285289,0.00017440743,0.0001719816,0.00016450288,0.00015560843,0.00014698131,0.00013907465,0.00013112737,0.00012323896,0.00011703346,0.000110811576,0.00010353894,0.00010091273,0.00010678425,0.00011470952,0.00011607603,0.000109068,9.6520635e-05,8.272897e-05,7.3487376e-05,7.179576e-05,7.312491e-05,7.12225e-05
85,7.430251e-05,7.3838455e-05,6.9324175e-05,6.786708e-05,7.4139054e-05,8.6425134e-05,9.9731194e-05,0.00010829457,0.00010784884,0.0001012389,9.884652e-05,0.000106216045,0.00011622321,0.00012139484,0.00012416932,0.00012820947,0.00013249625,0.00013780726,0.00014578582,0.00015423122,0.0001599373,0.00016148516,0.00016217404,0.0001673221,0.00017366186,0.00017352878,0.00016757366,0.0001620028,0.00016092739,0.00016483867,0.00017178309,0.0001804234,0.00018869096,0.00019292918,0.00019427063,0.00019719516,0.00020071016,0.00020135069,0.00020017193,0.00020055792,0.00020410134,0.00020976971,0.00021489683,0.00021833065,0.0002211539,0.00022267713,0.00022002192,0.00021513313,0.0002156826,0.00022284404,0.00022731532,0.00022284403,0.00021568261,0.00021513313,0.00022002193,0.00022267713,0.00022115391,0.00021833065,0.00021489683,0.0002097697,0.00020410135,0.0002005579,0.00020017193,0.0002013507,0.00020071016,0.00019719517,0.00019427063,0.00019292918,0.00018869094,0.0001804234,0.00017178309,0.00016483865,0.00016092739,0.0001620028,0.00016757366,0.00017352878,0.00017366186,0.00016732208,0.00016217404,0.00016148516,0.0001599373,0.00015423124,0.00014578582,0.00013780726,0.00013249625,0.00012820947,0.00012416932,0.00012139484,0.000116223215,0.000106216045,9.884652e-05,0.0001012389,0.00010784884,0.00010829457,9.973119e-05,8.6425134e-05,7.4139054e-05,6.786708e-05,6.9324175e-05,7.383845e-05,7.4302516e-05
86,7.472118e-05,7.2953044e-05,6.7462875e-05,6.552329e-05,7.062743e-05,8.065248e-05,9.193368e-05,9.9846686e-05,0.00010034884,9.636172e-05,9.771112e-05,0.00010879232,0.000121455814,0.00012693906,0.00012683927,0.00012609223,0.00012583227,0.00012788187,0.00013433876,0.00014290611,0.0001497572,0.00015363272,0.00015705175,0.00016344394,0.0001695728,0.00016843402,0.00016024569,0.00015149079,0.00014826526,0.00015252603,0.00016158393,0.00017196611,0.00018013528,0.00018291609,0.00018272184,0.00018489863,0.00018935426,0.00019231453,0.0001927111,0.00019183342,0.00019099494,0.00019107983,0.00019216619,0.00019479306,0.00019993907,0.0002050025,0.00020431014,0.00019880079,0.00019731562,0.00020245514,0.00020605634,0.00020245514,0.00019731562,0.00019880079,0.00020431014,0.00020500249,0.00019993907,0.00019479307,0.00019216619,0.00019107983,0.00019099492,0.00019183342,0.00019271109,0.00019231453,0.00018935426,0.00018489863,0.00018272185,0.0001829161,0.00018013526,0.00017196612,0.00016158394,0.00015252602,0.00014826526,0.00015149079,0.00016024569,0.00016843402,0.00016957281,0.00016344394,0.00015705175,0.00015363272,0.0001497572,0.00014290611,0.00013433876,0.00012788187,0.00012583227,0.00012609223,0.00012683927,0.00012693908,0.000121455814,0.000108792316,9.771113e-05,9.636172e-05,0.00010034884,9.9846686e-05,9.193369e-05,8.0652484e-05,7.062742e-05,6.552329e-05,6.746287e-05,7.2953044e-05,7.472118e-05
87,7.295871e-05,7.142392e-05,6.8007655e-05,6.8983805e-05,7.526901e-05,8.282768e-05,8.960873e-05,9.442451e-05,9.5066294e-05,9.3717616e-05,9.762253e-05,0.00010971543,0.00012277893,0.00012840237,0.00012689435,0.00012297713,0.00011911378,0.00011784929,0.0001223991,0.00013166174,0.00014114029,0.00014819785,0.0001533959,0.00015854162,0.00016215179,0.00015967518,0.00015126933,0.00014304015,0.00014124173,0.00014737109,0.00015795226,0.00016849472,0.00017495675,0.0001756468,0.00017405837,0.00017488834,0.00017847023,0.00018203082,0.00018373705,0.00018300256,0.00017984062,0.00017575515,0.00017326977,0.00017490423,0.0001816198,0.00018963183,0.00019185383,0.00018760294,0.00018458346,0.00018658125,0.00018856562,0.00018658125,0.00018458346,0.00018760296,0.00019185383,0.00018963183,0.0001816198,0.00017490421,0.00017326977,0.00017575515,0.00017984062,0.00018300256,0.00018373705,0.00018203082,0.00017847022,0.00017488832,0.00017405837,0.00017564678,0.00017495675,0.0001684947,0.00015795226,0.00014737109,0.00014124173,0.00014304015,0.00015126931,0.00015967518,0.00016215179,0.00015854162,0.0001533959,0.00014819784,0.0001411403,0.00013166174,0.0001223991,0.00011784929,0.00011911378,0.00012297714,0.00012689435,0.00012840237,0.00012277893,0.00010971543,9.762253e-05,9.371762e-05,9.5066294e-05,9.4424504e-05,8.960873e-05,8.282768e-05,7.526902e-05,6.89838e-05,6.8007655e-05,7.142392e-05,7.295871e-05
88,6.9228125e-05,6.962262e-05,6.993726e-05,7.437816e-05,8.2046296e-05,8.8280874e-05,9.2236325e-05,9.4881056e-05,9.500676e-05,9.3863346e-05,9.6524855e-05,0.00010511404,0.0001146883,0.00011904768,0.00011785005,0.00011422856,0.00010981208,0.00010696793,0.00011006093,0.00011924113,0.0001296965,0.00013842546,0.0001451447,0.00015002422,0.00015234115,0.00014957508,0.00014218753,0.00013628192,0.00013737965,0.00014496446,0.00015512743,0.00016426538,0.00016858094,0.00016716533,0.00016437317,0.00016432401,0.00016687586,0.00016984332,0.00017203506,0.00017282169,0.00017085066,0.00016602289,0.00016114392,0.00016054115,0.00016622317,0.00017468951,0.00017913536,0.0001771675,0.00017340138,0.00017200335,0.00017205649,0.00017200335,0.00017340138,0.00017716749,0.00017913536,0.0001746895,0.00016622315,0.00016054115,0.00016114392,0.00016602289,0.00017085066,0.00017282169,0.00017203506,0.00016984332,0.00016687586,0.00016432401,0.00016437315,0.00016716533,0.00016858094,0.00016426537,0.00015512743,0.00014496446,0.00013737965,0.00013628192,0.00014218755,0.00014957508,0.00015234115,0.00015002422,0.0001451447,0.00013842546,0.0001296965,0.00011924113,0.00011006093,0.000106967935,0.00010981208,0.00011422856,0.00011785006,0.00011904768,0.0001146883,0.00010511404,9.652486e-05,9.386335e-05,9.5006755e-05,9.488105e-05,9.2236325e-05,8.8280874e-05,8.204629e-05,7.437816e-05,6.993726e-05,6.962262e-05,6.922812e-05
89,6.36342e-05,6.6591e-05,6.9618225e-05,7.468797e-05,8.151724e-05,8.7350505e-05,9.19007e-05,9.512564e-05,9.467294e-05,9.1589325e-05,9.070816e-05,9.397034e-05,9.849481e-05,0.000100871635,0.000100730955,9.933603e-05,9.701912e-05,9.529335e-05,9.811763e-05,0.00010602018,0.00011556532,0.00012529007,0.00013440473,0.0001408489,0.00014373816,0.00014238397,0.00013742334,0.00013388705,0.00013590124,0.00014161805,0.00014815587,0.00015426535,0.0001569214,0.00015485645,0.00015229656,0.00015305044,0.00015620636,0.0001590273,0.00016078775,0.00016217501,0.00016203854,0.00015833712,0.00015249144,0.00014967154,0.00015308619,0.00016014393,0.00016539985,0.00016560925,0.00016207033,0.00015826075,0.00015673209,0.00015826075,0.00016207033,0.00016560925,0.00016539985,0.00016014391,0.00015308619,0.00014967153,0.00015249146,0.00015833712,0.00016203854,0.00016217501,0.00016078775,0.0001590273,0.00015620636,0.00015305044,0.00015229656,0.00015485645,0.0001569214,0.00015426535,0.00014815589,0.00014161803,0.00013590124,0.00013388706,0.00013742334,0.00014238397,0.00014373817,0.00014084889,0.00013440475,0.00012529007,0.00011556532,0.00010602018,9.811762e-05,9.529335e-05,9.701912e-05,9.933603e-05,0.00010073095,0.00010087163,9.849481e-05,9.397034e-05,9.070816e-05,9.1589325e-05,9.467294e-05,9.512564e-05,9.19007e-05,8.7350505e-05,8.151724e-05,7.468797e-05,6.9618225e-05,6.6591e-05,6.36342e-05
90,5.8968442e-05,6.332113e-05,6.628096e-05,6.8655456e-05,7.228023e-05,7.693377e-05,8.227891e-05,8.6322725e-05,8.575306e-05,8.239046e-05,8.140571e-05,8.350472e-05,8.573001e-05,8.651325e-05,8.6124746e-05,8.536049e-05,8.481143e-05,8.5691776e-05,8.986101e-05,9.686319e-05,0.00010544404,0.00011617271,0.0001271611,0.00013413021,0.00013656801,0.00013629266,0.00013423471,0.00013280883,0.00013402442,0.00013610676,0.00013781339,0.00013992851,0.00014113632,0.00014042135,0.0001404858,0.00014357004,0.00014814513,0.00015106786,0.00015169608,0.00015222168,0.00015285931,0.00015049658,0.00014461216,0.00014021686,0.00014121448,0.0001460103,0.00015104153,0.00015338053,0.00015161815,0.00014746585,0.00014525838,0.00014746585,0.00015161814,0.00015338053,0.00015104152,0.0001460103,0.00014121448,0.00014021686,0.00014461216,0.00015049658,0.00015285931,0.00015222169,0.00015169608,0.00015106786,0.00014814513,0.00014357004,0.0001404858,0.00014042135,0.00014113632,0.00013992851,0.0001378134,0.00013610677,0.00013402442,0.00013280881,0.00013423472,0.00013629266,0.00013656801,0.00013413021,0.0001271611,0.00011617271,0.00010544404,9.6863194e-05,8.986101e-05,8.5691776e-05,8.481143e-05,8.536049e-05,8.6124746e-05,8.6513246e-05,8.5730004e-05,8.350472e-05,8.140572e-05,8.239047e-05,8.575307e-05,8.6322725e-05,8.227891e-05,7.693377e-05,7.228023e-05,6.865546e-05,6.628096e-05,6.332113e-05,5.8968446e-05
91,5.7928766e-05,6.208786e-05,6.28892e-05,6.164634e-05,6.199789e-05,6.443612e-05,6.797655e-05,7.0579685e-05,7.0388836e-05,7.017894e-05,7.42054e-05,8.04367e-05,8.371665e-05,8.301613e-05,8.031946e-05,7.777475e-05,7.766478e-05,8.1629376e-05,8.884257e-05,9.629513e-05,0.0001035617,0.00011316341,0.00012348917,0.00012928163,0.00012969205,0.00012811137,0.00012651214,0.00012561053,0.00012618782,0.00012745285,0.000128088,0.00012799662,0.00012767524,0.00012852983,0.00013193116,0.00013717063,0.00014206687,0.0001443012,0.00014367343,0.00014326282,0.00014449842,0.00014344954,0.00013752842,0.00013128454,0.00012948542,0.00013162644,0.00013578746,0.00013992965,0.00014094077,0.00013823563,0.00013623651,0.00013823564,0.00014094077,0.00013992965,0.00013578747,0.00013162645,0.0001294854,0.00013128454,0.0001375284,0.00014344952,0.00014449841,0.00014326282,0.00014367343,0.00014430122,0.00014206689,0.00013717065,0.00013193116,0.00012852983,0.00012767524,0.00012799661,0.000128088,0.00012745283,0.00012618782,0.00012561053,0.00012651214,0.00012811137,0.00012969207,0.00012928165,0.00012348917,0.00011316342,0.0001035617,9.629514e-05,8.884257e-05,8.1629376e-05,7.766478e-05,7.777475e-05,8.0319456e-05,8.301613e-05,8.371665e-05,8.04367e-05,7.42054e-05,7.017894e-05,7.0388836e-05,7.0579685e-05,6.797655e-05,6.443612e-05,6.199789e-05,6.164633e-05,6.28892e-05,6.208786e-05,5.7928766e-05
92,5.9169168e-05,6.231387e-05,6.0828053e-05,5.750789e-05,5.6496887e-05,5.7223504e-05,5.7902955e-05,5.8171983e-05,5.8824633e-05,6.2750536e-05,7.205003e-05,8.212189e-05,8.6079766e-05,8.356471e-05,7.874397e-05,7.531305e-05,7.625995e-05,8.319159e-05,9.327571e-05,0.00010077896,0.00010493233,0.000110588946,0.00011874978,0.00012415065,0.00012320206,0.00011820878,0.00011311495,0.00011025982,0.0001112596,0.00011593991,0.000120715165,0.00012209013,0.00012120245,0.0001225619,0.00012746979,0.00013276542,0.00013612522,0.00013690337,0.0001354627,0.00013489835,0.0001370053,0.0001370936,0.00013080958,0.00012227686,0.00011753778,0.00011738656,0.000120559875,0.00012537355,0.00012821663,0.00012699788,0.00012546165,0.00012699788,0.00012821663,0.00012537354,0.000120559875,0.00011738656,0.000117537784,0.00012227686,0.00013080958,0.0001370936,0.00013700529,0.00013489835,0.0001354627,0.00013690337,0.00013612522,0.00013276542,0.00012746979,0.0001225619,0.00012120245,0.00012209012,0.00012071516,0.0001159399,0.00011125959,0.00011025982,0.00011311495,0.00011820878,0.00012320206,0.00012415065,0.00011874978,0.00011058895,0.00010493233,0.00010077897,9.327571e-05,8.319159e-05,7.625995e-05,7.531305e-05,7.874397e-05,8.356471e-05,8.607977e-05,8.2121885e-05,7.205004e-05,6.275055e-05,5.8824633e-05,5.8171983e-05,5.790295e-05,5.72235e-05,5.6496887e-05,5.750789e-05,6.0828053e-05,6.231387e-05,5.916917e-05
93,5.946598e-05,6.133443e-05,5.8920068e-05,5.5576005e-05,5.4746648e-05,5.5002678e-05,5.4367527e-05,5.3653803e-05,5.5247896e-05,6.156706e-05,7.249594e-05,8.2090206e-05,8.400099e-05,7.978098e-05,7.540669e-05,7.4405165e-05,7.780011e-05,8.593437e-05,9.586072e-05,0.00010144153,0.00010196469,0.000104076986,0.000111116555,0.00011756322,0.000116456926,0.00010775295,9.741222e-05,9.162586e-05,9.387784e-05,0.00010335632,0.000113989205,0.00011954078,0.00012017337,0.00012120718,0.00012462438,0.00012744215,0.00012859091,0.0001287394,0.00012774637,0.00012760697,0.00012989386,0.00013006009,0.00012337725,0.00011349679,0.00010709629,0.000106112595,0.000109028384,0.00011342237,0.00011581235,0.00011444771,0.00011291225,0.00011444771,0.00011581235,0.000113422364,0.000109028384,0.0001061126,0.00010709629,0.00011349679,0.00012337725,0.00013006007,0.00012989386,0.00012760697,0.00012774637,0.00012873941,0.00012859091,0.00012744215,0.00012462439,0.00012120718,0.00012017336,0.00011954078,0.00011398921,0.00010335632,9.387783e-05,9.162586e-05,9.741223e-05,0.00010775296,0.00011645692,0.00011756322,0.00011111656,0.00010407699,0.00010196469,0.00010144153,9.586072e-05,8.593437e-05,7.780011e-05,7.4405165e-05,7.54067e-05,7.978098e-05,8.400099e-05,8.209021e-05,7.249594e-05,6.156706e-05,5.5247892e-05,5.3653803e-05,5.4367523e-05,5.5002678e-05,5.4746648e-05,5.557601e-05,5.892007e-05,6.133443e-05,5.9465983e-05
94,5.845314e-05,5.941024e-05,5.7330362e-05,5.453172e-05,5.3637414e-05,5.3845015e-05,5.3537336e-05,5.3008407e-05,5.4638753e-05,6.0975224e-05,7.0882284e-05,7.774248e-05,7.639786e-05,7.0668786e-05,6.81487e-05,7.106836e-05,7.677306e-05,8.364173e-05,9.042316e-05,9.344887e-05,9.286453e-05,9.501344e-05,0.00010258361,0.00010951191,0.000108235196,9.782374e-05,8.4703206e-05,7.745455e-05,8.067426e-05,9.2482165e-05,0.0001066663,0.00011700409,0.00012109315,0.00012158888,0.00012137311,0.00012056864,0.00012027166,0.000121181016,0.000121704456,0.00012203284,0.00012322253,0.00012230707,0.00011596242,0.00010709825,0.000101464364,0.00010122406,0.000104364706,0.000107479966,0.000107548054,0.00010436662,0.00010224508,0.00010436661,0.000107548054,0.000107479966,0.0001043647,0.00010122407,0.000101464364,0.00010709825,0.00011596243,0.00012230707,0.00012322253,0.00012203284,0.000121704456,0.000121181016,0.00012027166,0.00012056864,0.0001213731,0.00012158887,0.00012109315,0.00011700409,0.0001066663,9.2482165e-05,8.067426e-05,7.745455e-05,8.470321e-05,9.782374e-05,0.00010823519,0.00010951191,0.00010258361,9.501344e-05,9.286453e-05,9.344887e-05,9.042316e-05,8.364173e-05,7.677306e-05,7.106836e-05,6.814869e-05,7.0668786e-05,7.639786e-05,7.774247e-05,7.088229e-05,6.0975224e-05,5.4638753e-05,5.3008407e-05,5.3537336e-05,5.384501e-05,5.3637406e-05,5.453172e-05,5.7330362e-05,5.941024e-05,5.8453137e-05
95,5.7637175e-05,5.8233403e-05,5.6187055e-05,5.3083833e-05,5.1695137e-05,5.214384e-05,5.2856223e-05,5.2699554e-05,5.2899988e-05,5.6908408e-05,6.474162e-05,6.9645415e-05,6.633646e-05,5.973219e-05,5.861271e-05,6.406431e-05,7.0520844e-05,7.500274e-05,7.814016e-05,7.970238e-05,8.1077786e-05,8.629212e-05,9.48312e-05,0.00010054672,9.866686e-05,8.957574e-05,7.835764e-05,7.246273e-05,7.5745615e-05,8.6199296e-05,0.00010022858,0.00011382216,0.00012164371,0.00012210594,0.000118646494,0.00011493224,0.00011342405,0.0001143528,0.00011566726,0.000116326766,0.00011654573,0.00011512782,0.000110604575,0.00010484422,0.000101706944,0.00010248562,0.0001047323,0.00010536189,0.00010266793,9.78653e-05,9.5354706e-05,9.786529e-05,0.00010266793,0.0001053619,0.0001047323,0.00010248561,0.00010170694,0.00010484422,0.00011060458,0.00011512783,0.00011654573,0.000116326766,0.00011566726,0.0001143528,0.00011342406,0.00011493225,0.000118646494,0.00012210594,0.00012164371,0.000113822156,0.000100228586,8.6199296e-05,7.574561e-05,7.246273e-05,7.835764e-05,8.957575e-05,9.866686e-05,0.00010054672,9.483121e-05,8.6292115e-05,8.107779e-05,7.9702375e-05,7.814016e-05,7.500274e-05,7.0520844e-05,6.406431e-05,5.861271e-05,5.973219e-05,6.633646e-05,6.9645415e-05,6.474162e-05,5.6908408e-05,5.2899988e-05,5.2699554e-05,5.2856223e-05,5.214384e-05,5.169514e-05,5.3083833e-05,5.6187055e-05,5.8233403e-05,5.7637175e-05
96,5.720898e-05,5.7324516e-05,5.4082637e-05,5.018672e-05,4.9278664e-05,5.1195326e-05,5.370508e-05,5.4273267e-05,5.2103307e-05,5.141864e-05,5.5538778e-05,5.9169488e-05,5.6367022e-05,5.1416966e-05,5.231041e-05,5.871272e-05,6.4277396e-05,6.6289795e-05,6.6609166e-05,6.751119e-05,7.128561e-05,7.889408e-05,8.683667e-05,9.026195e-05,8.821601e-05,8.255345e-05,7.6291006e-05,7.376194e-05,7.691652e-05,8.449872e-05,9.6272735e-05,0.0001104948,0.00012020668,0.000120979064,0.00011619193,0.000110983354,0.000107802436,0.00010699569,0.00010789203,0.000109276494,0.00011021821,0.000110156,0.00010867426,0.00010670463,0.00010615424,0.00010677857,0.0001061779,0.000103414655,9.909862e-05,9.477914e-05,9.291654e-05,9.477914e-05,9.909862e-05,0.000103414655,0.0001061779,0.00010677856,0.00010615424,0.000106704625,0.000108674256,0.000110156005,0.0001102182,0.00010927649,0.00010789203,0.00010699569,0.000107802436,0.000110983354,0.000116191935,0.000120979064,0.00012020668,0.0001104948,9.6272735e-05,8.449872e-05,7.691653e-05,7.376194e-05,7.6291006e-05,8.255346e-05,8.821601e-05,9.026195e-05,8.683668e-05,7.889408e-05,7.1285605e-05,6.751119e-05,6.660917e-05,6.6289795e-05,6.4277396e-05,5.8712718e-05,5.231041e-05,5.1416966e-05,5.6367022e-05,5.916949e-05,5.553878e-05,5.141864e-05,5.210331e-05,5.427327e-05,5.370508e-05,5.1195326e-05,4.927866e-05,5.0186718e-05,5.4082637e-05,5.732452e-05,5.720898e-05
97,5.792641e-05,5.6969777e-05,5.1648134e-05,4.6976824e-05,4.719191e-05,5.1123243e-05,5.578191e-05,5.7658726e-05,5.3815445e-05,4.8407004e-05,4.796152e-05,5.022104e-05,4.985268e-05,4.9507762e-05,5.4062893e-05,6.100034e-05,6.4710126e-05,6.4254535e-05,6.244617e-05,6.248091e-05,6.634357e-05,7.261483e-05,7.713264e-05,7.783013e-05,7.651844e-05,7.499539e-05,7.414418e-05,7.5429074e-05,7.8816636e-05,8.395391e-05,9.3276205e-05,0.00010629822,0.000115792776,0.00011660962,0.00011163204,0.00010568746,0.00010090221,9.8664794e-05,9.986608e-05,0.000102982114,0.00010570981,0.0001074189,0.00010848378,0.00010930828,0.00011009713,0.000109585744,0.00010639216,0.00010194816,9.841945e-05,9.658962e-05,9.612045e-05,9.658961e-05,9.8419456e-05,0.00010194815,0.000106392166,0.000109585744,0.00011009713,0.000109308276,0.00010848377,0.0001074189,0.00010570981,0.00010298212,9.9866076e-05,9.8664794e-05,0.0001009022,0.00010568746,0.00011163205,0.00011660962,0.000115792776,0.00010629822,9.3276205e-05,8.3953906e-05,7.8816636e-05,7.5429074e-05,7.414418e-05,7.499539e-05,7.651844e-05,7.783013e-05,7.7132645e-05,7.261483e-05,6.634358e-05,6.248091e-05,6.244617e-05,6.4254535e-05,6.4710126e-05,6.1000337e-05,5.406289e-05,4.950776e-05,4.9852682e-05,5.0221042e-05,4.796152e-05,4.8407004e-05,5.381544e-05,5.7658726e-05,5.5781915e-05,5.1123243e-05,4.719191e-05,4.697682e-05,5.1648134e-05,5.6969777e-05,5.79264e-05
98,6.0654496e-05,5.914114e-05,5.1935087e-05,4.5732188e-05,4.5076908e-05,4.8924612e-05,5.432794e-05,5.75949e-05,5.49616e-05,4.9252056e-05,4.7085046e-05,4.8557955e-05,5.035631e-05,5.408287e-05,6.1453495e-05,6.813737e-05,6.961198e-05,6.6866094e-05,6.352139e-05,6.241987e-05,6.4228574e-05,6.662233e-05,6.684578e-05,6.541446e-05,6.5219705e-05,6.728517e-05,7.089492e-05,7.541661e-05,7.906887e-05,8.2114944e-05,8.907163e-05,0.00010032471,0.00010869212,0.00010919357,0.000104447594,9.851501e-05,9.341912e-05,9.1621114e-05,9.462454e-05,9.969853e-05,0.000103057566,0.000104515,0.00010576517,0.00010705824,0.000107598564,0.00010666635,0.0001043247,0.00010224029,0.00010197616,0.00010323093,0.00010408138,0.00010323093,0.000101976155,0.00010224029,0.0001043247,0.00010666635,0.00010759857,0.00010705824,0.000105765175,0.000104515,0.00010305757,9.969853e-05,9.462454e-05,9.162112e-05,9.341912e-05,9.851501e-05,0.000104447594,0.00010919358,0.00010869212,0.000100324716,8.907163e-05,8.2114944e-05,7.906887e-05,7.541661e-05,7.089492e-05,6.728517e-05,6.5219705e-05,6.541447e-05,6.684578e-05,6.6622335e-05,6.4228574e-05,6.241987e-05,6.352139e-05,6.6866094e-05,6.961198e-05,6.813737e-05,6.145349e-05,5.408287e-05,5.035631e-05,4.855795e-05,4.7085046e-05,4.9252056e-05,5.49616e-05,5.7594905e-05,5.432794e-05,4.8924612e-05,4.5076908e-05,4.5732188e-05,5.1935083e-05,5.914114e-05,6.06545e-05
99,6.352052e-05,6.385836e-05,5.6005712e-05,4.6902067e-05,4.2058036e-05,4.2412423e-05,4.6072008e-05,5.0274386e-05,5.1941384e-05,5.150181e-05,5.2186922e-05,5.4094024e-05,5.5874058e-05,5.9514845e-05,6.592652e-05,7.082347e-05,7.04396e-05,6.628207e-05,6.2347026e-05,6.091911e-05,6.1177605e-05,6.100614e-05,5.959196e-05,5.818609e-05,5.8862468e-05,6.239009e-05,6.830943e-05,7.497748e-05,7.8971956e-05,8.053993e-05,8.536995e-05,9.44997e-05,0.000101003774,0.00010064535,9.6697724e-05,9.259618e-05,8.913889e-05,8.8714965e-05,9.3269875e-05,9.9114994e-05,0.00010120071,0.00010002582,9.888917e-05,9.8524615e-05,9.8488585e-05,9.931257e-05,0.00010115288,0.000103828235,0.00010750772,0.000111423564,0.00011321782,0.000111423564,0.00010750772,0.000103828235,0.00010115288,9.931258e-05,9.8488585e-05,9.8524615e-05,9.888917e-05,0.00010002582,0.000101200705,9.9114994e-05,9.3269875e-05,8.8714965e-05,8.913889e-05,9.259617e-05,9.6697724e-05,0.000100645346,0.00010100378,9.44997e-05,8.536996e-05,8.053993e-05,7.897196e-05,7.497748e-05,6.830944e-05,6.23901e-05,5.8862468e-05,5.818609e-05,5.9591956e-05,6.1006136e-05,6.1177605e-05,6.091911e-05,6.2347026e-05,6.628207e-05,7.04396e-05,7.082347e-05,6.592653e-05,5.951484e-05,5.5874058e-05,5.4094024e-05,5.2186922e-05,5.150181e-05,5.1941384e-05,5.027439e-05,4.6072004e-05,4.2412423e-05,4.2058033e-05,4.6902063e-05,5.6005716e-05,6.385836e-05,6.352052e-05
100,6.469214e-05,6.800052e-05,6.0121296e-05,4.770852e-05,3.7678674e-05,3.3165485e-05,3.36667e-05,3.7885307e-05,4.4091634e-05,5.0541563e-05,5.6054243e-05,5.8779162e-05,5.837487e-05,5.8407844e-05,6.1458624e-05,6.47276e-05,6.421395e-05,6.0391227e-05,5.7444384e-05,5.7399666e-05,5.816682e-05,5.7999685e-05,5.7804777e-05,5.8359517e-05,5.927016e-05,6.113492e-05,6.5970045e-05,7.3041476e-05,7.775379e-05,7.93766e-05,8.3138795e-05,9.026328e-05,9.47511e-05,9.348133e-05,9.073314e-05,8.9470836e-05,8.830239e-05,8.868863e-05,9.37498e-05,9.981325e-05,0.00010048214,9.6162454e-05,9.1349844e-05,8.842631e-05,8.8549044e-05,9.2548165e-05,9.881804e-05,0.00010499368,0.000110817076,0.00011591893,0.000118084456,0.00011591893,0.000110817076,0.000104993676,9.881805e-05,9.254817e-05,8.8549044e-05,8.842631e-05,9.134984e-05,9.616246e-05,0.00010048214,9.981326e-05,9.37498e-05,8.868863e-05,8.830239e-05,8.9470836e-05,9.073315e-05,9.348133e-05,9.47511e-05,9.026328e-05,8.3138795e-05,7.93766e-05,7.77538e-05,7.3041476e-05,6.5970045e-05,6.113491e-05,5.9270165e-05,5.835952e-05,5.7804777e-05,5.7999685e-05,5.8166825e-05,5.739967e-05,5.7444384e-05,6.0391227e-05,6.421395e-05,6.47276e-05,6.1458624e-05,5.8407844e-05,5.837487e-05,5.8779162e-05,5.6054243e-05,5.0541563e-05,4.4091634e-05,3.7885307e-05,3.3666704e-05,3.3165485e-05,3.7678674e-05,4.770852e-05,6.0121296e-05,6.800052e-05,6.469214e-05
