,0,1,2,3,4,5,6,7,8,9,10,11,12,13,14,15,16,17,18,19,20,21,22,23,24,25,26,27,28,29,30,31,32,33,34,35,36,37,38,39,40,41,42,43,44,45,46,47,48,49,50,51,52,53,54,55,56,57,58,59,60,61,62,63,64,65,66,67,68,69,70,71,72,73,74,75,76,77,78,79,80,81,82,83,84,85,86,87,88,89,90,91,92,93,94,95,96,97,98,99,100
0,4.257565e-05,4.558592e-05,4.5716377e-05,4.4999128e-05,4.5666726e-05,4.799782e-05,5.274198e-05,5.9270114e-05,6.4482105e-05,6.704993e-05,6.9083195e-05,7.1762624e-05,7.352678e-05,7.409359e-05,7.5238015e-05,7.759726e-05,7.975839e-05,8.014157e-05,7.931371e-05,7.9010664e-05,7.911984e-05,7.807811e-05,7.577753e-05,7.369389e-05,7.2908675e-05,7.408368e-05,7.767863e-05,8.303371e-05,8.832729e-05,9.2251255e-05,9.547267e-05,9.919239e-05,0.00010235446,0.00010349937,0.00010379798,0.000104473875,0.00010528527,0.00010670573,0.000108328655,0.0001083298,0.00010737311,0.00010738455,0.00010783784,0.000108066415,0.0001085996,0.000109547764,0.0001113357,0.00011487174,0.000119675446,0.00012418343,0.00012616125,0.00012418343,0.00011967544,0.00011487174,0.0001113357,0.000109547764,0.0001085996,0.000108066415,0.00010783784,0.00010738455,0.00010737311,0.0001083298,0.00010832865,0.00010670573,0.00010528527,0.00010447388,0.000103797975,0.00010349937,0.00010235445,9.919239e-05,9.5472664e-05,9.225126e-05,8.832729e-05,8.303371e-05,7.767863e-05,7.4083684e-05,7.2908675e-05,7.369389e-05,7.577753e-05,7.807811e-05,7.911984e-05,7.901067e-05,7.931371e-05,8.014157e-05,7.975839e-05,7.7597266e-05,7.5238015e-05,7.4093594e-05,7.352679e-05,7.1762624e-05,6.908319e-05,6.704993e-05,6.4482105e-05,5.9270114e-05,5.274198e-05,4.7997823e-05,4.5666726e-05,4.499913e-05,4.5716377e-05,4.558592e-05,4.257565e-05
1,4.6521825e-05,4.9426806e-05,4.962567e-05,4.942452e-05,5.065017e-05,5.24872e-05,5.524941e-05,5.9768598e-05,6.447836e-05,6.7469926e-05,6.970584e-05,7.2793315e-05,7.5802076e-05,7.783803e-05,7.998968e-05,8.290144e-05,8.552797e-05,8.6801134e-05,8.7474735e-05,8.846895e-05,8.8519955e-05,8.612134e-05,8.217363e-05,7.8647085e-05,7.682218e-05,7.804154e-05,8.302873e-05,8.990455e-05,9.555892e-05,9.875999e-05,0.00010097689,0.000103920465,0.000106349675,0.0001064445,0.00010564097,0.000105724386,0.000106616426,0.000108454726,0.00011061694,0.00011141053,0.000111327565,0.000111908805,0.000112916765,0.00011394191,0.000114860464,0.00011535613,0.000116133575,0.00011821123,0.00012149282,0.00012505609,0.0001267693,0.0001250561,0.00012149282,0.00011821123,0.000116133575,0.00011535613,0.00011486047,0.000113941904,0.00011291677,0.0001119088,0.00011132756,0.000111410525,0.00011061694,0.00010845472,0.000106616426,0.00010572439,0.00010564097,0.000106444495,0.00010634967,0.000103920465,0.0001009769,9.8759985e-05,9.555892e-05,8.990454e-05,8.3028724e-05,7.804154e-05,7.682218e-05,7.8647085e-05,8.217364e-05,8.612134e-05,8.8519955e-05,8.846895e-05,8.7474735e-05,8.680114e-05,8.552797e-05,8.2901446e-05,7.998968e-05,7.783802e-05,7.5802076e-05,7.2793315e-05,6.9705835e-05,6.7469926e-05,6.447836e-05,5.9768594e-05,5.5249417e-05,5.24872e-05,5.0650175e-05,4.942452e-05,4.962567e-05,4.942681e-05,4.6521825e-05
2,4.914537e-05,5.1046172e-05,5.0764836e-05,5.1056548e-05,5.3284813e-05,5.544331e-05,5.6863024e-05,5.957506e-05,6.4203836e-05,6.882706e-05,7.273808e-05,7.697554e-05,8.090408e-05,8.338658e-05,8.527009e-05,8.7759894e-05,9.076949e-05,9.3741284e-05,9.6922064e-05,0.00010000032,0.000100959354,9.830446e-05,9.314606e-05,8.801647e-05,8.512785e-05,8.653142e-05,9.271415e-05,0.000100313555,0.00010503384,0.00010636228,0.000107200234,0.00010967846,0.00011183311,0.000111126436,0.000109329325,0.00010899315,0.0001100351,0.00011183923,0.00011362673,0.000114395894,0.000114805516,0.000116049836,0.00011784263,0.000119242875,0.00011919858,0.00011797903,0.000117485935,0.000118458316,0.00011998241,0.00012147306,0.00012220613,0.000121473066,0.00011998242,0.000118458316,0.000117485935,0.00011797903,0.00011919858,0.000119242875,0.00011784264,0.000116049836,0.00011480551,0.000114395894,0.000113626724,0.00011183924,0.0001100351,0.00010899314,0.000109329325,0.00011112644,0.000111833106,0.00010967846,0.000107200234,0.00010636228,0.00010503383,0.000100313555,9.271416e-05,8.653142e-05,8.512785e-05,8.8016466e-05,9.314606e-05,9.830446e-05,0.000100959354,0.000100000325,9.6922064e-05,9.3741284e-05,9.076949e-05,8.77599e-05,8.5270105e-05,8.338658e-05,8.090408e-05,7.697554e-05,7.273808e-05,6.882706e-05,6.4203836e-05,5.957506e-05,5.686302e-05,5.5443314e-05,5.328481e-05,5.1056548e-05,5.0764836e-05,5.104617e-05,4.914537e-05
3,5.0917515e-05,5.1974355e-05,5.1973682e-05,5.335048e-05,5.6676356e-05,5.952075e-05,6.0603707e-05,6.2221945e-05,6.662827e-05,7.2653915e-05,7.850065e-05,8.400128e-05,8.836983e-05,9.050769e-05,9.114362e-05,9.209597e-05,9.452003e-05,9.862434e-05,0.00010427984,0.00011014413,0.00011342215,0.00011186191,0.00010612226,9.963341e-05,9.615529e-05,9.814714e-05,0.000105053405,0.000111843576,0.000113888804,0.00011256634,0.000112449816,0.00011537372,0.000118297496,0.00011804743,0.00011621499,0.00011536633,0.000115337054,0.00011547982,0.00011573801,0.000116113064,0.00011714047,0.00011922377,0.00012162538,0.00012279846,0.00012131376,0.00011842928,0.00011741093,0.00011868595,0.000119807635,0.00011978889,0.00011959246,0.00011978889,0.000119807635,0.00011868595,0.00011741093,0.00011842928,0.00012131376,0.00012279846,0.00012162539,0.00011922377,0.00011714047,0.00011611306,0.00011573802,0.00011547982,0.000115337054,0.00011536633,0.000116214986,0.00011804743,0.000118297496,0.00011537372,0.00011244982,0.00011256635,0.0001138888,0.000111843576,0.000105053405,9.8147146e-05,9.615529e-05,9.963342e-05,0.00010612226,0.00011186192,0.00011342216,0.00011014413,0.00010427984,9.862434e-05,9.452003e-05,9.2095965e-05,9.114362e-05,9.050769e-05,8.836982e-05,8.400128e-05,7.850065e-05,7.2653915e-05,6.662827e-05,6.2221945e-05,6.0603707e-05,5.9520753e-05,5.6676352e-05,5.335048e-05,5.1973682e-05,5.197436e-05,5.0917515e-05
4,5.353744e-05,5.4644355e-05,5.5980745e-05,5.880252e-05,6.274217e-05,6.602725e-05,6.7614645e-05,6.915491e-05,7.318268e-05,7.959576e-05,8.6522785e-05,9.259106e-05,9.6480326e-05,9.744457e-05,9.652908e-05,9.598746e-05,9.783577e-05,0.00010283481,0.000110339606,0.00011819265,0.00012306534,0.00012226195,0.000116462805,0.000109767825,0.00010646075,0.000108962384,0.00011597318,0.00012150076,0.00012122987,0.00011827087,0.000118200514,0.00012222085,0.0001266241,0.00012774131,0.00012625221,0.00012425198,0.00012189468,0.00011926197,0.00011751082,0.00011755456,0.000119391494,0.0001220512,0.00012406355,0.00012401555,0.00012113107,0.000117435644,0.00011670092,0.00011928564,0.00012179249,0.00012229307,0.00012208281,0.00012229307,0.00012179249,0.00011928564,0.00011670092,0.000117435644,0.000121131074,0.00012401557,0.00012406355,0.000122051206,0.0001193915,0.00011755456,0.00011751082,0.000119261975,0.00012189467,0.00012425198,0.00012625221,0.00012774131,0.0001266241,0.00012222087,0.00011820052,0.000118270866,0.00012122987,0.00012150075,0.00011597318,0.000108962384,0.00010646074,0.00010976783,0.000116462805,0.00012226193,0.00012306534,0.00011819265,0.0001103396,0.00010283481,9.783577e-05,9.598746e-05,9.652908e-05,9.744457e-05,9.648033e-05,9.2591064e-05,8.652279e-05,7.959575e-05,7.318268e-05,6.915491e-05,6.7614645e-05,6.6027256e-05,6.274217e-05,5.880252e-05,5.598074e-05,5.4644355e-05,5.3537442e-05
5,5.7491845e-05,5.9531958e-05,6.238093e-05,6.573718e-05,6.901873e-05,7.218949e-05,7.509401e-05,7.813686e-05,8.259475e-05,8.865066e-05,9.513698e-05,0.00010052124,0.000103177954,0.00010272855,0.00010072044,9.945873e-05,0.00010105345,0.000106555104,0.000114865135,0.00012301444,0.00012757287,0.00012646761,0.000121296995,0.000115884526,0.000113229486,0.00011545102,0.00012193167,0.00012728985,0.00012753197,0.00012558306,0.00012643491,0.00013100944,0.000135968,0.0001376271,0.00013588907,0.00013275623,0.00012897716,0.00012487003,0.00012176888,0.00012103153,0.00012267486,0.00012495642,0.00012577827,0.00012423462,0.0001205545,0.00011688202,0.00011636679,0.00011941929,0.0001231483,0.0001251596,0.00012562523,0.0001251596,0.0001231483,0.00011941929,0.00011636679,0.00011688203,0.000120554505,0.00012423462,0.00012577827,0.00012495642,0.00012267486,0.00012103153,0.00012176887,0.00012487004,0.00012897716,0.00013275622,0.00013588907,0.00013762708,0.000135968,0.00013100944,0.00012643493,0.00012558304,0.00012753197,0.00012728985,0.00012193168,0.000115451025,0.000113229486,0.000115884526,0.000121296995,0.00012646762,0.00012757287,0.00012301444,0.000114865135,0.000106555104,0.00010105345,9.945873e-05,0.00010072045,0.00010272855,0.00010317795,0.00010052124,9.513699e-05,8.865066e-05,8.259475e-05,7.813686e-05,7.509401e-05,7.218949e-05,6.901873e-05,6.573718e-05,6.238093e-05,5.9531958e-05,5.7491845e-05
6,6.243981e-05,6.6248176e-05,7.013863e-05,7.2518975e-05,7.39228e-05,7.673264e-05,8.151762e-05,8.697604e-05,9.219459e-05,9.6868825e-05,0.000101094,0.00010461148,0.00010604108,0.00010499505,0.000103003964,0.00010167668,0.000102604754,0.00010745152,0.000115404524,0.00012296479,0.00012665067,0.00012537782,0.00012163438,0.00011823637,0.00011630717,0.000117832744,0.00012377986,0.00013033168,0.00013342596,0.0001340626,0.00013554847,0.00013905659,0.00014269944,0.00014353768,0.00014124403,0.00013802148,0.00013504714,0.00013195336,0.0001288871,0.0001270031,0.00012711159,0.00012802191,0.00012766245,0.00012551516,0.00012223495,0.00011931118,0.000118650205,0.0001206505,0.00012370605,0.00012589683,0.00012660504,0.00012589683,0.00012370605,0.0001206505,0.000118650205,0.00011931118,0.00012223497,0.00012551516,0.00012766245,0.00012802191,0.00012711159,0.0001270031,0.0001288871,0.00013195336,0.00013504714,0.00013802147,0.00014124403,0.00014353768,0.00014269944,0.0001390566,0.00013554847,0.0001340626,0.00013342596,0.00013033168,0.00012377987,0.00011783274,0.00011630717,0.00011823637,0.00012163437,0.00012537782,0.00012665067,0.00012296479,0.000115404524,0.00010745151,0.000102604754,0.00010167668,0.00010300397,0.00010499505,0.00010604108,0.00010461148,0.000101094,9.686883e-05,9.219459e-05,8.697604e-05,8.151762e-05,7.673264e-05,7.39228e-05,7.2518975e-05,7.013863e-05,6.6248176e-05,6.243981e-05
7,6.676876e-05,7.277978e-05,7.7412355e-05,7.8631434e-05,7.8790676e-05,8.202408e-05,8.872684e-05,9.578712e-05,0.000100520476,0.00010250807,0.00010347502,0.00010460907,0.00010472698,0.00010346928,0.00010229375,0.00010179515,0.00010259251,0.00010651915,0.00011327546,0.000119766555,0.00012300312,0.00012244328,0.00012052443,0.00011904737,0.00011812984,0.00011970909,0.0001258004,0.00013393829,0.00013984182,0.0001425223,0.00014379135,0.00014530182,0.00014678233,0.00014635755,0.00014376262,0.00014125393,0.0001400997,0.00013902623,0.00013689222,0.00013440645,0.00013291829,0.00013214142,0.00013074036,0.00012861367,0.0001262487,0.00012425215,0.00012363831,0.000124612,0.00012594457,0.00012639014,0.0001263178,0.00012639014,0.00012594457,0.000124612,0.00012363833,0.00012425214,0.0001262487,0.00012861367,0.00013074037,0.00013214142,0.00013291827,0.00013440645,0.00013689222,0.00013902623,0.0001400997,0.00014125393,0.00014376262,0.00014635755,0.00014678233,0.00014530182,0.00014379135,0.00014252229,0.00013984182,0.0001339383,0.00012580039,0.00011970909,0.00011812984,0.00011904738,0.00012052444,0.00012244328,0.00012300312,0.000119766555,0.00011327546,0.00010651915,0.00010259251,0.00010179515,0.00010229375,0.000103469276,0.00010472698,0.00010460908,0.00010347501,0.00010250807,0.00010052047,9.578713e-05,8.872684e-05,8.202408e-05,7.8790676e-05,7.8631434e-05,7.7412355e-05,7.277978e-05,6.676876e-05
8,6.908638e-05,7.67119e-05,8.1785794e-05,8.291397e-05,8.3844585e-05,8.886914e-05,9.7311284e-05,0.00010474995,0.00010782435,0.000106839194,0.00010499595,0.00010408808,0.00010280369,0.000101035555,0.00010059,0.000101661106,0.000103853774,0.000107881824,0.00011308161,0.00011750228,0.000119882985,0.0001201588,0.000119859,0.00011990259,0.000120357436,0.00012301523,0.0001297191,0.00013868144,0.00014596674,0.00014973432,0.00015102129,0.00015170951,0.00015220122,0.00015116384,0.00014850537,0.00014656584,0.0001465893,0.00014661803,0.00014488229,0.00014217169,0.00013992863,0.00013814427,0.00013610168,0.00013391004,0.00013169985,0.00012985653,0.00012949288,0.00013039101,0.00013039715,0.00012857385,0.00012731543,0.00012857384,0.00013039715,0.00013039101,0.00012949288,0.00012985652,0.00013169984,0.00013391003,0.00013610168,0.00013814427,0.00013992863,0.0001421717,0.00014488227,0.00014661803,0.0001465893,0.00014656584,0.00014850537,0.00015116383,0.00015220122,0.00015170951,0.00015102129,0.00014973432,0.00014596674,0.00013868144,0.0001297191,0.00012301523,0.000120357436,0.00011990259,0.000119859,0.0001201588,0.000119882985,0.00011750227,0.00011308161,0.00010788183,0.00010385378,0.000101661106,0.00010059,0.000101035555,0.00010280369,0.00010408808,0.00010499595,0.000106839194,0.00010782435,0.00010474995,9.7311284e-05,8.886914e-05,8.3844585e-05,8.291396e-05,8.1785794e-05,7.67119e-05,6.9086374e-05
9,7.1086455e-05,7.93134e-05,8.4284016e-05,8.563433e-05,8.789255e-05,9.4808354e-05,0.00010459263,0.00011193834,0.00011359854,0.00011088331,0.00010781282,0.0001062048,0.00010448867,0.00010256971,0.00010263402,0.00010524616,0.00010946722,0.0001143447,0.00011807002,0.00011965885,0.000120128374,0.00012048671,0.000121249774,0.00012234865,0.00012406893,0.0001279757,0.00013490603,0.000143284,0.00015030405,0.00015443472,0.0001564502,0.00015814649,0.00015977054,0.0001596703,0.00015754052,0.00015590807,0.00015621757,0.0001560162,0.00015329932,0.00014960335,0.00014686113,0.00014509365,0.00014350895,0.00014153897,0.000138845,0.00013636326,0.00013574101,0.00013627752,0.0001351444,0.0001318655,0.00012994764,0.0001318655,0.00013514441,0.00013627752,0.00013574101,0.00013636326,0.000138845,0.00014153897,0.00014350894,0.00014509367,0.00014686113,0.00014960335,0.00015329932,0.0001560162,0.00015621757,0.00015590806,0.00015754053,0.0001596703,0.00015977054,0.00015814649,0.0001564502,0.00015443473,0.00015030405,0.00014328399,0.00013490603,0.0001279757,0.00012406893,0.00012234863,0.00012124978,0.0001204867,0.000120128374,0.00011965886,0.00011807002,0.0001143447,0.000109467226,0.00010524617,0.000102634025,0.00010256971,0.00010448867,0.0001062048,0.00010781282,0.00011088331,0.00011359855,0.00011193834,0.000104592626,9.4808354e-05,8.789256e-05,8.563434e-05,8.4284016e-05,7.931341e-05,7.1086455e-05
10,7.457732e-05,8.3144274e-05,8.796666e-05,8.904909e-05,9.111561e-05,9.799932e-05,0.00010771946,0.00011454511,0.000115593124,0.00011311785,0.00011126643,0.00011111506,0.00011038301,0.000108806045,0.00010925448,0.00011307333,0.00011895789,0.00012456949,0.0001272365,0.00012653532,0.00012520296,0.00012542968,0.0001269945,0.0001288181,0.00013130397,0.00013584405,0.00014222022,0.00014873857,0.00015399788,0.00015760533,0.00016030965,0.00016356331,0.0001673532,0.00016936345,0.00016857387,0.0001674993,0.00016778077,0.00016667397,0.00016211398,0.0001565731,0.00015307577,0.00015204563,0.00015199743,0.00015100573,0.00014823832,0.00014502132,0.00014317576,0.00014212212,0.00013989185,0.00013674556,0.00013520487,0.00013674556,0.00013989185,0.00014212212,0.00014317576,0.00014502133,0.00014823832,0.00015100573,0.00015199743,0.00015204564,0.00015307577,0.0001565731,0.00016211397,0.00016667397,0.00016778077,0.0001674993,0.00016857387,0.00016936345,0.0001673532,0.0001635633,0.00016030965,0.00015760533,0.00015399788,0.00014873857,0.00014222023,0.00013584405,0.00013130397,0.0001288181,0.0001269945,0.00012542968,0.00012520296,0.0001265353,0.0001272365,0.00012456949,0.00011895789,0.00011307333,0.000109254484,0.00010880604,0.000110383,0.00011111507,0.00011126643,0.00011311785,0.000115593124,0.0001145451,0.00010771946,9.799932e-05,9.111562e-05,8.904909e-05,8.796666e-05,8.314427e-05,7.457732e-05
11,7.8721045e-05,8.80675e-05,9.351948e-05,9.4528805e-05,9.5243166e-05,9.993032e-05,0.000107500775,0.00011269218,0.000113343245,0.000112463335,0.00011361635,0.0001162877,0.00011702554,0.00011575152,0.00011645873,0.00012131041,0.00012847662,0.0001345195,0.00013658655,0.00013491031,0.0001332059,0.00013421275,0.0001368869,0.00013931838,0.0001420945,0.00014661338,0.00015192802,0.00015608907,0.00015893602,0.00016161668,0.00016480383,0.00016911302,0.00017436991,0.00017802313,0.00017852386,0.00017815875,0.00017840721,0.00017653295,0.00017082835,0.00016418286,0.00016043811,0.00016053172,0.00016224419,0.00016261809,0.00016056327,0.00015701912,0.00015344408,0.00015046589,0.000148155,0.0001469446,0.00014668208,0.0001469446,0.000148155,0.00015046589,0.00015344407,0.00015701912,0.00016056327,0.00016261809,0.00016224419,0.00016053172,0.0001604381,0.00016418286,0.00017082834,0.00017653295,0.00017840721,0.00017815875,0.00017852386,0.00017802313,0.0001743699,0.00016911303,0.00016480383,0.00016161668,0.00015893602,0.00015608908,0.00015192802,0.0001466134,0.0001420945,0.00013931836,0.0001368869,0.00013421275,0.0001332059,0.00013491031,0.00013658656,0.00013451952,0.00012847662,0.00012131041,0.00011645873,0.00011575153,0.00011702554,0.0001162877,0.00011361635,0.00011246333,0.00011334324,0.00011269218,0.000107500775,9.9930316e-05,9.524316e-05,9.4528805e-05,9.351948e-05,8.80675e-05,7.8721045e-05
12,8.256439e-05,9.260788e-05,9.907562e-05,0.00010067287,0.0001003727,0.00010238799,0.000106825944,0.00010976071,0.00011007818,0.00011095729,0.0001147631,0.00011954075,0.000121399185,0.000120727236,0.00012211174,0.00012796068,0.00013605562,0.00014221645,0.00014378791,0.00014199072,0.00014115503,0.00014376052,0.00014764724,0.00015043547,0.00015318824,0.00015732451,0.00016159937,0.0001641722,0.00016567562,0.00016820981,0.00017204705,0.00017666248,0.00018181636,0.00018557874,0.00018651548,0.00018642565,0.00018639318,0.00018442234,0.00017946388,0.00017377126,0.00017079664,0.00017176678,0.000174387,0.00017573853,0.00017495558,0.00017204932,0.00016763946,0.00016378643,0.00016254841,0.00016386474,0.00016496799,0.00016386474,0.00016254841,0.00016378643,0.00016763946,0.00017204932,0.00017495558,0.00017573853,0.00017438701,0.00017176678,0.00017079664,0.00017377126,0.00017946388,0.00018442234,0.00018639318,0.00018642565,0.00018651548,0.00018557873,0.00018181634,0.00017666246,0.00017204706,0.00016820981,0.00016567562,0.0001641722,0.00016159938,0.00015732451,0.00015318824,0.00015043549,0.00014764724,0.00014376052,0.00014115503,0.00014199072,0.00014378793,0.00014221644,0.00013605563,0.00012796067,0.00012211174,0.000120727236,0.000121399185,0.00011954076,0.0001147631,0.00011095729,0.000110078174,0.0001097607,0.000106825944,0.00010238799,0.0001003727,0.00010067287,9.907562e-05,9.260789e-05,8.256439e-05
13,8.6690314e-05,9.5976146e-05,0.00010220962,0.00010382841,0.00010282533,0.00010293792,0.000105184634,0.00010701363,0.000107913744,0.0001105229,0.00011607203,0.00012204824,0.00012493416,0.00012551632,0.00012802093,0.0001344792,0.00014264489,0.00014828447,0.0001493365,0.00014804225,0.00014882459,0.00015317628,0.00015781817,0.00016050866,0.00016291851,0.00016631556,0.00016967818,0.00017187824,0.00017372628,0.00017712098,0.00018185299,0.00018639377,0.00019036751,0.00019314911,0.00019400702,0.00019387102,0.00019341015,0.00019188435,0.00018892024,0.00018545304,0.0001836769,0.00018486759,0.00018736246,0.00018896932,0.00018936634,0.00018793115,0.00018427207,0.00018097926,0.00018094383,0.00018354699,0.00018515525,0.000183547,0.00018094384,0.00018097926,0.00018427208,0.00018793115,0.00018936634,0.00018896934,0.00018736246,0.00018486759,0.00018367688,0.00018545304,0.00018892022,0.00019188435,0.00019341015,0.00019387102,0.00019400702,0.00019314913,0.00019036751,0.00018639377,0.00018185299,0.00017712098,0.00017372626,0.00017187823,0.00016967818,0.00016631556,0.0001629185,0.00016050866,0.00015781817,0.00015317628,0.00014882459,0.00014804227,0.00014933651,0.00014828448,0.00014264489,0.0001344792,0.00012802093,0.00012551632,0.00012493414,0.00012204823,0.00011607203,0.0001105229,0.000107913744,0.00010701363,0.000105184634,0.00010293792,0.00010282533,0.00010382841,0.00010220962,9.5976146e-05,8.669032e-05
14,9.253448e-05,9.93832e-05,0.00010331274,0.000103249295,0.00010098102,0.00010001405,0.00010170979,0.00010408697,0.00010653333,0.00011113941,0.00011869657,0.00012649092,0.00013095426,0.00013271385,0.0001356352,0.00014159578,0.00014880844,0.00015376104,0.0001550716,0.00015528827,0.00015824722,0.00016418932,0.00016916817,0.00017145298,0.00017315854,0.00017532475,0.00017737073,0.00017911206,0.00018131378,0.00018539382,0.00019107593,0.00019618127,0.00019967344,0.00020200436,0.00020328275,0.00020345283,0.00020283274,0.00020191037,0.00020079443,0.00019940785,0.0001988071,0.00020003534,0.00020194646,0.0002030556,0.00020363787,0.00020324804,0.0002010432,0.00019911291,0.00019975967,0.00020198648,0.00020315155,0.00020198649,0.00019975967,0.00019911292,0.0002010432,0.00020324806,0.00020363787,0.0002030556,0.00020194647,0.00020003534,0.0001988071,0.00019940785,0.00020079443,0.00020191037,0.00020283273,0.00020345283,0.00020328276,0.00020200436,0.00019967345,0.00019618128,0.00019107593,0.00018539382,0.00018131378,0.00017911204,0.00017737073,0.00017532475,0.00017315854,0.00017145298,0.00016916815,0.00016418932,0.00015824722,0.00015528827,0.0001550716,0.00015376102,0.00014880844,0.00014159578,0.00013563519,0.00013271385,0.00013095426,0.00012649092,0.000118696575,0.00011113941,0.00010653333,0.00010408697,0.00010170979,0.00010001405,0.00010098102,0.00010324929,0.00010331274,9.938319e-05,9.253448e-05
15,9.9819255e-05,0.00010394045,0.00010511878,0.00010314498,9.994005e-05,9.8796205e-05,0.00010069925,0.00010370625,0.00010736119,0.00011364231,0.00012323285,0.00013324316,0.00013941729,0.0001415555,0.00014348057,0.00014784379,0.00015406562,0.00015959342,0.00016279856,0.0001651952,0.00016979645,0.00017653374,0.00018170397,0.00018394047,0.00018525845,0.00018644097,0.0001870818,0.00018750895,0.00018870525,0.00019219084,0.0001982859,0.00020476253,0.00020967383,0.00021330063,0.00021583246,0.00021655062,0.00021599527,0.00021576084,0.00021621695,0.0002167317,0.00021763457,0.0002192037,0.00022011653,0.00021944464,0.00021846817,0.00021786716,0.00021703939,0.00021684302,0.00021814345,0.00021978766,0.00022045565,0.00021978766,0.00021814345,0.00021684301,0.00021703939,0.00021786716,0.00021846817,0.00021944466,0.00022011655,0.00021920372,0.00021763457,0.00021673169,0.00021621695,0.00021576084,0.00021599529,0.0002165506,0.00021583246,0.00021330062,0.00020967383,0.00020476252,0.0001982859,0.00019219084,0.00018870525,0.00018750894,0.00018708181,0.00018644097,0.00018525845,0.00018394047,0.00018170397,0.00017653374,0.00016979643,0.0001651952,0.00016279856,0.00015959342,0.00015406564,0.00014784379,0.00014348059,0.0001415555,0.0001394173,0.00013324316,0.00012323287,0.00011364231,0.00010736119,0.00010370624,0.00010069925,9.879621e-05,9.994004e-05,0.00010314498,0.00010511877,0.000103940445,9.9819255e-05
16,0.0001053555,0.00010769275,0.00010769544,0.00010618733,0.000104394356,0.00010427597,0.0001060065,0.00010843703,0.00011217802,0.0001189944,0.00012909545,0.00013978456,0.00014674514,0.00014885669,0.00014956764,0.00015255093,0.00015888613,0.00016672429,0.0001729361,0.00017694691,0.00018136247,0.00018744169,0.00019290761,0.00019635267,0.0001988059,0.00020040025,0.0002004753,0.00019944279,0.00019875763,0.00020058006,0.00020611068,0.0002137521,0.00022102108,0.00022692335,0.00023081276,0.00023197844,0.00023173385,0.00023253754,0.0002348354,0.00023760047,0.00024047424,0.00024270464,0.00024229813,0.00023878666,0.00023489184,0.00023324555,0.00023374282,0.00023553101,0.00023811491,0.00024043056,0.00024133711,0.00024043057,0.00023811491,0.00023553101,0.00023374282,0.00023324555,0.00023489184,0.00023878666,0.00024229813,0.00024270464,0.00024047424,0.00023760046,0.00023483539,0.00023253754,0.00023173387,0.00023197844,0.00023081276,0.00022692335,0.00022102107,0.0002137521,0.00020611068,0.00020058008,0.00019875763,0.00019944279,0.0002004753,0.00020040023,0.00019880588,0.00019635267,0.0001929076,0.00018744169,0.00018136247,0.0001769469,0.00017293611,0.00016672429,0.00015888613,0.00015255093,0.00014956764,0.00014885668,0.00014674514,0.00013978456,0.00012909545,0.0001189944,0.000112178015,0.00010843703,0.0001060065,0.00010427597,0.000104394356,0.00010618733,0.00010769544,0.000107692744,0.0001053555
17,0.00010649648,0.00010786745,0.0001084966,0.00011019576,0.000112321635,0.00011413519,0.00011527327,0.000116474694,0.00011962945,0.00012572599,0.00013433388,0.00014372503,0.00015068853,0.00015357236,0.00015461868,0.00015762585,0.00016504631,0.00017550841,0.00018423675,0.00018861052,0.0001913246,0.00019591936,0.00020215164,0.00020821995,0.00021328742,0.00021633708,0.0002164596,0.00021435463,0.00021219047,0.00021273772,0.00021757105,0.00022568068,0.00023450264,0.0002418596,0.0002465951,0.0002485837,0.00024941677,0.00025152657,0.0002554726,0.0002600716,0.00026443414,0.0002673507,0.00026649886,0.00026128272,0.00025523436,0.00025274296,0.00025420525,0.00025743223,0.00026132824,0.0002649843,0.0002665592,0.0002649843,0.00026132824,0.00025743226,0.00025420525,0.00025274296,0.00025523436,0.00026128272,0.00026649886,0.0002673507,0.00026443411,0.0002600716,0.00025547264,0.00025152657,0.00024941677,0.00024858373,0.00024659507,0.0002418596,0.00023450264,0.00022568068,0.00021757105,0.00021273774,0.00021219047,0.00021435463,0.00021645958,0.0002163371,0.00021328742,0.00020821995,0.00020215164,0.00019591938,0.0001913246,0.00018861052,0.00018423673,0.00017550841,0.00016504631,0.00015762585,0.00015461868,0.00015357236,0.00015068852,0.00014372503,0.00013433388,0.00012572599,0.00011962944,0.000116474694,0.00011527327,0.00011413519,0.000112321635,0.00011019576,0.0001084966,0.000107867454,0.000106496474
18,0.00010435501,0.00010477717,0.00010682634,0.00011246829,0.000118761,0.00012252969,0.00012364249,0.00012451637,0.00012729803,0.00013200923,0.00013820661,0.00014577813,0.00015300378,0.0001578416,0.00016081106,0.00016486977,0.00017315694,0.00018498565,0.00019499965,0.00019937934,0.0002007413,0.0002042659,0.00021136658,0.000219918,0.000227357,0.00023166808,0.0002320899,0.00022987675,0.00022784522,0.00022897054,0.00023433198,0.00024259521,0.00025121905,0.00025820202,0.0002631415,0.00026651047,0.0002691368,0.0002724492,0.00027700316,0.0002818293,0.00028626903,0.00028976222,0.00029014982,0.00028609045,0.00028053066,0.0002782499,0.00028000353,0.00028341112,0.00028742605,0.0002913151,0.00029303125,0.0002913151,0.00028742605,0.00028341112,0.00028000353,0.0002782499,0.00028053066,0.00028609045,0.00029014982,0.00028976222,0.00028626903,0.0002818293,0.00027700316,0.0002724492,0.00026913683,0.00026651047,0.0002631415,0.00025820202,0.00025121908,0.00024259521,0.00023433196,0.00022897053,0.0002278452,0.00022987674,0.0002320899,0.00023166809,0.000227357,0.00021991799,0.00021136658,0.0002042659,0.00020074131,0.00019937934,0.00019499964,0.00018498563,0.00017315694,0.00016486977,0.00016081108,0.0001578416,0.00015300378,0.00014577813,0.00013820661,0.00013200924,0.00012729803,0.00012451637,0.00012364249,0.00012252967,0.000118761,0.00011246829,0.00010682634,0.000104777166,0.000104355
19,0.00010235761,0.00010155143,0.00010450048,0.00011236755,0.00012085683,0.00012619986,0.0001289457,0.0001315897,0.00013502789,0.00013852441,0.00014249873,0.00014854428,0.00015625308,0.00016344286,0.0001691024,0.0001746621,0.00018293397,0.00019417936,0.00020435668,0.00020966877,0.00021169818,0.00021527428,0.00022254616,0.00023172883,0.00023982894,0.00024481295,0.00024635793,0.00024576884,0.0002457354,0.0002490644,0.0002560672,0.00026429503,0.00027122663,0.00027628586,0.00028045208,0.0002844431,0.0002883313,0.0002925862,0.00029734825,0.00030169176,0.00030568172,0.00030988443,0.00031249895,0.0003114982,0.00030868332,0.0003079321,0.00031000667,0.0003130052,0.00031599053,0.00031846703,0.0003194585,0.00031846703,0.00031599053,0.0003130052,0.00031000667,0.0003079321,0.0003086833,0.0003114982,0.00031249895,0.00030988443,0.00030568172,0.00030169176,0.00029734825,0.00029258622,0.0002883313,0.0002844431,0.00028045208,0.0002762859,0.00027122663,0.00026429503,0.0002560672,0.0002490644,0.0002457354,0.00024576884,0.00024635793,0.00024481298,0.00023982894,0.00023172883,0.00022254616,0.00021527428,0.00021169818,0.00020966877,0.00020435668,0.00019417937,0.00018293396,0.0001746621,0.0001691024,0.00016344286,0.00015625308,0.00014854426,0.00014249873,0.0001385244,0.00013502789,0.0001315897,0.00012894571,0.00012619986,0.000120856836,0.00011236755,0.000104500476,0.00010155143,0.00010235762
20,0.00010274806,0.00010092331,0.000103655984,0.000111118265,0.00011940351,0.00012587672,0.00013159032,0.00013782378,0.0001432618,0.00014634452,0.00014849327,0.00015288337,0.00016063714,0.0001700691,0.0001788667,0.00018638636,0.00019416936,0.00020342125,0.0002127805,0.00021974437,0.00022431508,0.00022935504,0.00023673993,0.00024527634,0.00025261682,0.0002578437,0.00026134762,0.00026368792,0.00026625395,0.00027139057,0.00027946362,0.00028760504,0.00029314618,0.00029625505,0.0002984401,0.00030067205,0.0003037168,0.0003084627,0.0003144654,0.00031991937,0.00032481513,0.00033031433,0.00033508972,0.00033704372,0.00033714416,0.00033825258,0.0003411674,0.00034444418,0.0003466418,0.00034727668,0.00034721877,0.00034727668,0.0003466418,0.00034444415,0.0003411674,0.00033825258,0.00033714416,0.00033704372,0.0003350897,0.00033031433,0.00032481513,0.00031991937,0.0003144654,0.0003084627,0.0003037168,0.00030067202,0.0002984401,0.00029625505,0.00029314618,0.000287605,0.00027946362,0.00027139057,0.00026625395,0.00026368792,0.00026134762,0.0002578437,0.00025261682,0.00024527634,0.00023673994,0.00022935504,0.00022431508,0.00021974437,0.0002127805,0.00020342125,0.00019416936,0.00018638636,0.00017886671,0.0001700691,0.00016063714,0.00015288338,0.00014849327,0.00014634451,0.0001432618,0.00013782378,0.00013159032,0.00012587672,0.00011940351,0.00011111827,0.000103655984,0.00010092331,0.00010274806
21,0.00010569707,0.000103722145,0.000105864594,0.00011159951,0.00011824953,0.00012486283,0.00013289269,0.00014243415,0.00015022601,0.00015364823,0.0001545299,0.00015736531,0.00016514289,0.00017684339,0.00018863013,0.00019802032,0.00020569836,0.00021352027,0.00022215286,0.00023046992,0.00023763749,0.0002448772,0.0002533668,0.0002618397,0.00026844058,0.00027362083,0.00027874595,0.00028357512,0.00028772475,0.00029290988,0.00030071248,0.00030934787,0.00031563328,0.0003183541,0.00031820728,0.0003169132,0.0003173208,0.00032204977,0.0003304964,0.0003392638,0.0003468016,0.0003539989,0.00036026648,0.00036398723,0.0003655951,0.00036734808,0.00037067625,0.00037472398,0.00037707895,0.00037669274,0.00037590956,0.00037669274,0.00037707895,0.00037472398,0.00037067628,0.00036734808,0.0003655951,0.00036398726,0.00036026648,0.0003539989,0.00034680162,0.0003392638,0.0003304964,0.00032204977,0.0003173208,0.00031691318,0.0003182073,0.0003183541,0.00031563328,0.0003093479,0.00030071248,0.00029290986,0.00028772475,0.00028357512,0.00027874595,0.00027362083,0.00026844058,0.0002618397,0.0002533668,0.0002448772,0.00023763748,0.00023046992,0.00022215286,0.00021352025,0.00020569836,0.00019802031,0.00018863013,0.00017684339,0.00016514289,0.00015736531,0.0001545299,0.00015364823,0.00015022603,0.00014243415,0.00013289267,0.00012486283,0.000118249525,0.00011159951,0.000105864594,0.000103722145,0.00010569707
22,0.00011046056,0.000109292036,0.00011143058,0.000115899675,0.000120819685,0.00012640865,0.00013455546,0.00014502808,0.00015381558,0.00015773077,0.00015856733,0.00016141405,0.00017031655,0.00018420232,0.00019792502,0.00020839236,0.0002166251,0.00022476239,0.00023369258,0.00024258217,0.00025079996,0.00025956653,0.00026968616,0.00027936453,0.00028651726,0.00029191023,0.00029753865,0.00030334145,0.00030792615,0.00031225028,0.00031923247,0.0003289533,0.0003376413,0.00034167783,0.00034047617,0.00033660204,0.00033487714,0.00033952837,0.0003503051,0.0003626101,0.00037283794,0.00038114833,0.00038806716,0.00039270852,0.00039490068,0.0003962146,0.00039874553,0.00040254727,0.00040474077,0.00040368695,0.0004024501,0.00040368695,0.00040474077,0.00040254724,0.00039874553,0.0003962146,0.00039490065,0.00039270852,0.00038806716,0.00038114833,0.00037283794,0.0003626101,0.0003503051,0.0003395284,0.0003348771,0.00033660204,0.00034047617,0.00034167783,0.0003376413,0.00032895332,0.00031923244,0.00031225028,0.00030792615,0.00030334145,0.00029753865,0.00029191026,0.00028651726,0.00027936453,0.00026968616,0.00025956653,0.00025079996,0.00024258217,0.00023369257,0.00022476239,0.00021662509,0.00020839236,0.00019792502,0.0001842023,0.00017031655,0.00016141403,0.00015856733,0.00015773077,0.00015381558,0.00014502808,0.00013455546,0.00012640865,0.000120819685,0.000115899675,0.00011143058,0.000109292036,0.00011046056
23,0.00011627126,0.00011658757,0.00011952768,0.00012385582,0.00012764659,0.00013144151,0.00013759275,0.00014646846,0.00015475709,0.00015952799,0.00016225944,0.0001674513,0.00017845034,0.0001934687,0.00020743156,0.00021810115,0.0002268818,0.00023573214,0.0002451929,0.000254162,0.000262419,0.0002718895,0.00028334875,0.00029472707,0.000303671,0.0003100888,0.000315838,0.00032189616,0.0003269718,0.00033112965,0.0003377018,0.00034818688,0.00035892893,0.00036502842,0.00036491815,0.0003612497,0.00035942424,0.0003641739,0.00037579634,0.00038969354,0.00040096976,0.00040925978,0.0004163124,0.00042195362,0.00042519197,0.00042662327,0.0004282222,0.0004304787,0.00043094816,0.00042842515,0.0004265796,0.00042842515,0.00043094816,0.0004304787,0.0004282222,0.00042662327,0.00042519197,0.00042195362,0.0004163124,0.00040925978,0.00040096976,0.00038969354,0.00037579634,0.0003641739,0.00035942422,0.00036124972,0.00036491815,0.00036502842,0.00035892893,0.00034818685,0.0003377018,0.00033112965,0.0003269718,0.00032189616,0.000315838,0.0003100888,0.000303671,0.00029472707,0.00028334878,0.0002718895,0.000262419,0.00025416198,0.0002451929,0.00023573214,0.00022688179,0.00021810115,0.00020743156,0.0001934687,0.00017845034,0.00016745129,0.00016225944,0.00015952799,0.00015475709,0.00014646845,0.00013759275,0.00013144151,0.00012764659,0.00012385582,0.00011952768,0.00011658757,0.00011627126
24,0.00012279233,0.00012499756,0.00012899097,0.00013370288,0.00013692747,0.00013894174,0.00014226307,0.00014844183,0.00015605058,0.00016287135,0.0001692577,0.00017782026,0.00019008756,0.00020398614,0.0002164091,0.00022662868,0.00023542285,0.00024404803,0.00025342425,0.00026265858,0.00027149488,0.00028183524,0.00029418478,0.00030672766,0.00031758065,0.0003258614,0.0003326484,0.00033972375,0.00034643884,0.00035210548,0.0003592272,0.00036963032,0.0003808092,0.00038866163,0.00039130438,0.00039031927,0.0003900926,0.00039484177,0.0004055119,0.0004186515,0.00042935094,0.00043690286,0.00044383286,0.00045047,0.00045535018,0.00045830314,0.00046041384,0.00046167255,0.00046031823,0.0004564419,0.0004541794,0.0004564419,0.0004603182,0.00046167255,0.00046041384,0.00045830314,0.00045535018,0.00045047,0.00044383286,0.00043690283,0.00042935094,0.0004186515,0.0004055119,0.00039484177,0.0003900926,0.00039031927,0.00039130438,0.00038866163,0.0003808092,0.0003696303,0.0003592272,0.00035210548,0.00034643884,0.00033972375,0.0003326484,0.0003258614,0.00031758065,0.00030672766,0.0002941848,0.00028183524,0.00027149488,0.00026265855,0.00025342428,0.00024404803,0.00023542285,0.00022662868,0.0002164091,0.00020398613,0.00019008756,0.00017782026,0.00016925772,0.00016287137,0.00015605058,0.00014844183,0.00014226307,0.00013894176,0.00013692747,0.00013370287,0.00012899096,0.00012499756,0.00012279233
25,0.00012909586,0.00013315698,0.00013779035,0.00014275502,0.00014609811,0.00014757365,0.00014920215,0.00015327969,0.0001605643,0.000169873,0.0001799879,0.00019088881,0.00020241788,0.00021344081,0.00022363584,0.00023333741,0.00024201562,0.00025002693,0.00025897665,0.00026888144,0.00027928827,0.0002910034,0.00030378666,0.0003165145,0.00032866452,0.00033937502,0.00034875376,0.00035839135,0.00036800388,0.00037636387,0.00038459955,0.0003941948,0.00040436274,0.00041304145,0.0004186743,0.00042143595,0.0004236389,0.00042831743,0.00043714093,0.00044840682,0.00045799758,0.0004648019,0.00047119212,0.0004779532,0.00048403034,0.0004890521,0.0004931113,0.00049533264,0.00049438793,0.00049125473,0.0004895173,0.0004912547,0.00049438793,0.0004953326,0.0004931113,0.0004890521,0.00048403034,0.00047795323,0.00047119212,0.0004648019,0.00045799758,0.00044840682,0.00043714093,0.0004283174,0.0004236389,0.00042143598,0.00041867426,0.00041304145,0.00040436274,0.0003941948,0.00038459955,0.00037636387,0.0003680039,0.00035839138,0.00034875376,0.00033937502,0.0003286645,0.0003165145,0.00030378666,0.0002910034,0.00027928827,0.00026888144,0.00025897665,0.00025002693,0.00024201562,0.00023333741,0.00022363584,0.00021344083,0.00020241787,0.0001908888,0.0001799879,0.00016987302,0.0001605643,0.00015327969,0.00014920215,0.00014757365,0.00014609811,0.00014275502,0.00013779037,0.00013315698,0.00012909586
26,0.00013341248,0.0001390015,0.00014420766,0.0001496409,0.00015392997,0.00015650352,0.00015867864,0.00016239894,0.00016936543,0.00017963421,0.00019149273,0.00020292157,0.00021275332,0.00022139364,0.00023051832,0.0002404835,0.00024960903,0.0002574505,0.00026589603,0.0002762737,0.00028852763,0.0003020648,0.00031544594,0.00032804417,0.00034092588,0.00035412985,0.0003669865,0.00037984975,0.00039222973,0.00040280088,0.00041164682,0.00042005524,0.000428866,0.00043768118,0.00044548116,0.00045165952,0.00045653956,0.0004616594,0.00046924825,0.00047920257,0.00048825916,0.00049470965,0.00050008344,0.0005056618,0.00051167776,0.0005180971,0.0005241994,0.00052842445,0.0005295641,0.00052864617,0.0005279892,0.00052864617,0.0005295641,0.00052842445,0.0005241994,0.0005180971,0.00051167776,0.0005056618,0.00050008344,0.00049470965,0.00048825916,0.00047920257,0.00046924822,0.0004616594,0.00045653956,0.00045165952,0.00044548116,0.00043768118,0.000428866,0.00042005524,0.00041164682,0.0004028009,0.0003922297,0.00037984975,0.0003669865,0.00035412985,0.00034092588,0.00032804417,0.00031544594,0.00030206481,0.00028852763,0.0002762737,0.00026589603,0.0002574505,0.00024960903,0.0002404835,0.00023051832,0.00022139364,0.00021275334,0.00020292157,0.00019149271,0.00017963423,0.00016936543,0.00016239894,0.00015867862,0.00015650352,0.00015392997,0.0001496409,0.00014420766,0.0001390015,0.00013341248
27,0.00013585025,0.0001428011,0.00014902161,0.00015522356,0.000160559,0.00016472214,0.00016886226,0.00017389283,0.00018064343,0.00018994496,0.0002011201,0.00021184879,0.00022067546,0.00022907404,0.00023935335,0.00025109077,0.00026163284,0.00026983613,0.00027748937,0.00028731095,0.0003006704,0.0003164914,0.00033175558,0.00034499762,0.0003582807,0.000373294,0.00038912662,0.0004043479,0.0004180444,0.00042942306,0.00043819143,0.00044565622,0.00045386338,0.00046307722,0.00047237513,0.0004811507,0.0004887398,0.0004953401,0.00050303596,0.0005126953,0.00052185927,0.0005283593,0.0005325438,0.00053610536,0.0005410282,0.00054794946,0.00055531936,0.00056081446,0.00056323665,0.0005636021,0.0005635506,0.0005636021,0.00056323665,0.00056081446,0.0005553193,0.00054794946,0.0005410282,0.00053610536,0.0005325438,0.00052835926,0.00052185927,0.0005126953,0.00050303596,0.0004953401,0.0004887398,0.00048115072,0.00047237513,0.00046307722,0.00045386338,0.00044565622,0.00043819143,0.00042942306,0.0004180444,0.0004043479,0.00038912662,0.00037329402,0.0003582807,0.00034499762,0.00033175555,0.0003164914,0.0003006704,0.00028731092,0.00027748937,0.0002698361,0.00026163284,0.0002510908,0.00023935334,0.00022907404,0.00022067546,0.00021184879,0.0002011201,0.00018994496,0.00018064343,0.00017389283,0.00016886226,0.00016472214,0.000160559,0.00015522358,0.00014902161,0.00014280112,0.00013585025
28,0.00013896654,0.00014723581,0.00015433723,0.00016068894,0.00016616676,0.00017112117,0.00017687095,0.00018364261,0.00019080081,0.00019878434,0.00020818712,0.00021788629,0.00022682866,0.00023666679,0.00024962478,0.0002645095,0.00027760188,0.00028689037,0.0002940022,0.0003027223,0.00031615875,0.00033395353,0.0003518165,0.00036641842,0.00037986002,0.00039564059,0.00041325483,0.00042978954,0.00044376202,0.00045517134,0.0004640918,0.00047196136,0.00048116094,0.0004917671,0.0005026128,0.0005135855,0.0005240809,0.00053317193,0.00054180267,0.00055100815,0.000559612,0.00056594546,0.00056940207,0.00057136256,0.00057496404,0.0005815958,0.0005890822,0.00059436547,0.00059644366,0.0005967922,0.0005968324,0.0005967922,0.00059644366,0.00059436547,0.0005890822,0.0005815958,0.00057496404,0.00057136256,0.00056940207,0.00056594546,0.000559612,0.00055100815,0.00054180267,0.00053317193,0.0005240809,0.0005135856,0.0005026128,0.0004917671,0.00048116094,0.00047196134,0.0004640918,0.00045517134,0.00044376202,0.00042978954,0.00041325486,0.00039564059,0.00037986002,0.00036641842,0.00035181647,0.00033395353,0.00031615875,0.00030272233,0.0002940022,0.00028689037,0.0002776019,0.0002645095,0.00024962478,0.00023666679,0.00022682868,0.00021788629,0.00020818712,0.00019878434,0.00019080081,0.00018364261,0.00017687095,0.00017112115,0.00016616676,0.00016068894,0.00015433723,0.00014723583,0.00013896654
29,0.00014284464,0.00015205171,0.00015948797,0.00016547814,0.00017055946,0.0001753883,0.0001813863,0.00018912429,0.00019732513,0.00020515657,0.00021352376,0.00022301055,0.00023311679,0.00024477096,0.00025999246,0.00027775066,0.00029364933,0.0003047904,0.0003126454,0.0003213438,0.0003347972,0.0003535008,0.0003729872,0.00038867292,0.00040206907,0.00041771244,0.0004359004,0.00045308453,0.00046719573,0.00047893144,0.0004895236,0.00050039665,0.00051276694,0.00052577216,0.0005384525,0.0005516185,0.00056504714,0.00057681074,0.00058628654,0.0005942186,0.00060101727,0.00060660124,0.0006101937,0.00061199407,0.0006145921,0.00061975105,0.0006256325,0.0006293751,0.000630721,0.0006314218,0.00063185376,0.00063142186,0.000630721,0.0006293751,0.0006256326,0.00061975105,0.0006145921,0.00061199407,0.0006101937,0.00060660124,0.00060101727,0.0005942186,0.00058628654,0.00057681074,0.00056504714,0.0005516185,0.0005384525,0.00052577216,0.00051276694,0.00050039665,0.0004895236,0.00047893144,0.00046719573,0.00045308453,0.0004359004,0.00041771244,0.00040206907,0.00038867292,0.00037298718,0.0003535008,0.00033479722,0.00032134377,0.0003126454,0.0003047904,0.00029364933,0.00027775063,0.00025999243,0.00024477096,0.00023311679,0.00022301056,0.00021352376,0.00020515657,0.00019732513,0.0001891243,0.0001813863,0.0001753883,0.00017055946,0.00016547812,0.00015948797,0.00015205171,0.00014284466
30,0.00014458419,0.00015371363,0.00016141747,0.0001679554,0.00017351002,0.00017838806,0.00018401729,0.00019175178,0.00020073517,0.00020938605,0.00021840996,0.0002293832,0.00024191049,0.00025558163,0.00027176924,0.0002902706,0.00030734198,0.00032003797,0.00032966616,0.00034009852,0.00035479822,0.00037406592,0.0003938897,0.00040993956,0.00042318957,0.00043816428,0.00045591607,0.00047321033,0.00048785697,0.0005011171,0.00051538675,0.0005316187,0.000548668,0.00056451163,0.00057904096,0.0005940751,0.000609529,0.00062279205,0.00063244236,0.0006392065,0.00064436847,0.00064916135,0.00065349974,0.0006564552,0.00065881317,0.0006619393,0.00066507235,0.0006668021,0.00066797505,0.0006698837,0.00067105604,0.0006698837,0.000667975,0.00066680205,0.00066507235,0.0006619393,0.00065881317,0.0006564552,0.00065349974,0.00064916135,0.00064436847,0.0006392065,0.00063244236,0.00062279205,0.000609529,0.0005940751,0.00057904096,0.00056451163,0.000548668,0.0005316187,0.00051538675,0.0005011171,0.00048785697,0.00047321033,0.00045591607,0.00043816428,0.00042318957,0.00040993956,0.00039388973,0.00037406592,0.00035479822,0.00034009852,0.0003296662,0.00032003797,0.000307342,0.00029027057,0.00027176924,0.00025558163,0.00024191049,0.00022938318,0.00021840997,0.00020938605,0.00020073517,0.00019175178,0.00018401728,0.00017838806,0.00017351002,0.0001679554,0.00016141745,0.00015371363,0.00014458419
31,0.00014499878,0.00015294005,0.00016093143,0.00016876454,0.00017559144,0.00018140003,0.00018729747,0.00019450462,0.00020310986,0.00021250464,0.00022338275,0.00023698976,0.00025270018,0.0002689482,0.00028558326,0.00030278513,0.0003187696,0.00033187022,0.00034338096,0.00035664559,0.0003739738,0.00039425818,0.00041379215,0.0004296781,0.00044310174,0.00045793818,0.00047543625,0.0004932101,0.00050960644,0.0005260582,0.0005451193,0.0005668433,0.00058814435,0.0006063889,0.0006222484,0.00063800963,0.00065373676,0.00066693197,0.00067639654,0.00068313314,0.00068812486,0.0006926889,0.00069770816,0.00070212566,0.00070514233,0.0007073678,0.00070892,0.00070975424,0.0007112491,0.00071394,0.00071545196,0.00071394,0.000711249,0.00070975424,0.00070892,0.0007073678,0.00070514233,0.00070212566,0.00069770816,0.0006926889,0.00068812486,0.00068313314,0.00067639654,0.00066693197,0.00065373676,0.00063800963,0.00062224845,0.0006063889,0.00058814435,0.0005668433,0.0005451193,0.0005260582,0.00050960644,0.00049321004,0.00047543625,0.00045793818,0.00044310172,0.0004296781,0.00041379215,0.00039425818,0.0003739738,0.00035664559,0.00034338096,0.00033187022,0.0003187696,0.00030278513,0.00028558326,0.0002689482,0.00025270018,0.00023698977,0.00022338275,0.00021250464,0.00020310986,0.00019450461,0.00018729747,0.00018140004,0.00017559144,0.00016876454,0.00016093145,0.00015294005,0.00014499878
32,0.00014814478,0.00015489463,0.00016277409,0.00017082843,0.0001779308,0.00018449682,0.00019090375,0.00019736543,0.00020508884,0.0002153174,0.00022844628,0.00024442977,0.00026263826,0.00028118625,0.00029820867,0.0003136872,0.00032805646,0.00034129247,0.00035460526,0.00037079846,0.0003909957,0.00041240331,0.0004314726,0.00044729005,0.00046200742,0.00047860606,0.0004975765,0.0005172827,0.0005369813,0.0005578613,0.000581523,0.0006070999,0.0006309331,0.00065047486,0.0006665474,0.0006814557,0.00069594954,0.00070852734,0.0007185504,0.0007268817,0.000733496,0.0007387825,0.00074414787,0.00074927043,0.0007530319,0.00075586524,0.000758215,0.00076001394,0.00076193,0.00076407904,0.00076509983,0.0007640791,0.00076193,0.0007600139,0.000758215,0.00075586524,0.00075303187,0.00074927043,0.00074414787,0.0007387825,0.00073349604,0.0007268817,0.0007185504,0.00070852734,0.0006959495,0.0006814557,0.0006665474,0.00065047486,0.0006309331,0.0006070999,0.000581523,0.0005578613,0.0005369813,0.0005172827,0.00049757655,0.00047860606,0.0004620074,0.00044729008,0.0004314726,0.00041240331,0.00039099573,0.00037079846,0.00035460526,0.00034129247,0.00032805646,0.0003136872,0.00029820867,0.00028118625,0.00026263826,0.0002444298,0.00022844628,0.0002153174,0.00020508883,0.00019736543,0.00019090375,0.00018449684,0.0001779308,0.00017082843,0.00016277409,0.00015489463,0.00014814478
33,0.00015416631,0.00016106275,0.00016870663,0.00017564047,0.00018151251,0.0001874849,0.00019355773,0.00019953155,0.00020743725,0.00021922754,0.00023429742,0.00025154854,0.0002708459,0.00029049246,0.0003074569,0.0003218426,0.00033592366,0.00035037534,0.00036568785,0.00038400915,0.0004058623,0.00042783297,0.00044699892,0.00046412414,0.00048194826,0.0005022142,0.0005242484,0.0005469085,0.0005703937,0.00059554505,0.0006226706,0.00065032364,0.00067519926,0.000695063,0.00071069994,0.000724507,0.0007379281,0.00075059634,0.00076236925,0.0007736222,0.00078330573,0.00079055317,0.000796469,0.00080151326,0.0008052935,0.00080885435,0.000812679,0.0008157115,0.00081749866,0.0008182812,0.00081844674,0.00081828114,0.00081749866,0.0008157115,0.000812679,0.00080885435,0.0008052935,0.00080151326,0.000796469,0.00079055317,0.00078330573,0.0007736222,0.00076236925,0.00075059634,0.0007379281,0.000724507,0.00071069994,0.0006950629,0.00067519926,0.00065032364,0.0006226706,0.00059554505,0.0005703937,0.0005469085,0.0005242484,0.0005022142,0.00048194826,0.00046412414,0.00044699895,0.000427833,0.0004058623,0.00038400915,0.00036568785,0.00035037537,0.00033592366,0.0003218426,0.00030745694,0.00029049246,0.0002708459,0.00025154854,0.00023429743,0.00021922753,0.00020743725,0.00019953155,0.00019355775,0.0001874849,0.00018151251,0.00017564045,0.00016870663,0.00016106275,0.0001541663
34,0.00015974685,0.0001681055,0.00017624829,0.00018242594,0.00018697178,0.00019165066,0.00019699021,0.00020327474,0.00021250622,0.0002258338,0.00024173963,0.00025921786,0.00027894112,0.00029916773,0.00031609312,0.0003302528,0.00034526823,0.00036181769,0.0003791215,0.0003983367,0.0004200713,0.0004420966,0.0004627863,0.00048338325,0.00050567504,0.00052993954,0.0005550441,0.00058034586,0.0006066278,0.0006345556,0.0006636395,0.0006923071,0.00071778515,0.0007380157,0.0007541196,0.00076890056,0.00078361185,0.0007980206,0.0008122172,0.00082631543,0.00083908084,0.000848948,0.0008560082,0.00086077454,0.0008637533,0.00086681236,0.0008705051,0.000873165,0.00087404833,0.0008737764,0.00087345653,0.0008737764,0.00087404833,0.00087316503,0.0008705051,0.00086681236,0.0008637533,0.00086077454,0.0008560082,0.000848948,0.00083908084,0.00082631543,0.0008122172,0.0007980206,0.00078361185,0.00076890056,0.0007541196,0.0007380157,0.00071778515,0.0006923071,0.0006636395,0.0006345556,0.0006066278,0.00058034586,0.0005550441,0.00052993954,0.00050567504,0.00048338328,0.0004627863,0.0004420966,0.0004200713,0.0003983367,0.0003791215,0.00036181766,0.0003452682,0.0003302528,0.00031609312,0.00029916773,0.00027894112,0.00025921786,0.00024173963,0.00022583382,0.00021250623,0.00020327476,0.00019699021,0.00019165067,0.00018697177,0.00018242592,0.00017624827,0.0001681055,0.00015974685
35,0.00016399605,0.00017338403,0.00018234312,0.00018884733,0.00019326137,0.00019765727,0.00020317436,0.00021047347,0.00022121362,0.00023566165,0.00025174412,0.0002689201,0.00028870505,0.00030960646,0.0003273555,0.00034218188,0.00035811227,0.00037610214,0.00039473487,0.00041402364,0.00043492042,0.00045725415,0.00048072851,0.00050587126,0.0005324934,0.0005598212,0.0005873112,0.0006147554,0.0006427464,0.0006720432,0.0007022949,0.000732124,0.0007589886,0.0007807586,0.00079918205,0.0008176293,0.00083640876,0.00085418916,0.00087074173,0.0008863934,0.0009008361,0.0009127043,0.0009207233,0.0009248007,0.0009262813,0.00092757423,0.0009292609,0.0009300757,0.0009298997,0.0009294223,0.0009291602,0.0009294223,0.0009298997,0.0009300757,0.0009292609,0.00092757423,0.0009262813,0.0009248007,0.0009207233,0.00091270433,0.0009008361,0.00088639336,0.00087074173,0.00085418916,0.00083640876,0.0008176293,0.00079918205,0.0007807586,0.0007589886,0.000732124,0.0007022949,0.0006720432,0.00064274645,0.0006147554,0.0005873112,0.0005598212,0.0005324934,0.00050587126,0.00048072851,0.00045725415,0.00043492042,0.00041402364,0.00039473487,0.00037610214,0.00035811227,0.00034218188,0.0003273555,0.00030960646,0.00028870505,0.0002689201,0.0002517441,0.00023566166,0.0002212136,0.00021047349,0.00020317436,0.00019765727,0.00019326137,0.00018884733,0.00018234312,0.00017338405,0.00016399605
36,0.00016806088,0.00017657592,0.00018538957,0.00019251546,0.00019804912,0.00020374151,0.00021047166,0.0002191193,0.0002318247,0.00024841557,0.00026562696,0.00028239662,0.00030102133,0.00032152375,0.00034018615,0.00035602064,0.00037218828,0.00039045906,0.00040995807,0.00042990854,0.0004510704,0.00047451258,0.0005007636,0.00052965595,0.0005595588,0.00058926793,0.0006191304,0.00064901164,0.00067874015,0.0007093591,0.0007413588,0.00077348156,0.00080291234,0.00082764437,0.0008500592,0.0008736012,0.00089732185,0.00091862056,0.0009369781,0.0009532268,0.0009681049,0.0009805574,0.0009881852,0.0009906865,0.0009904848,0.0009897874,0.0009886934,0.00098701,0.0009858044,0.0009854694,0.0009854351,0.0009854696,0.0009858044,0.00098701,0.0009886934,0.0009897874,0.0009904848,0.0009906865,0.0009881852,0.0009805573,0.0009681049,0.0009532268,0.0009369781,0.00091862056,0.00089732185,0.0008736012,0.0008500592,0.00082764437,0.00080291234,0.00077348156,0.0007413588,0.0007093591,0.00067874015,0.00064901164,0.0006191304,0.00058926793,0.0005595588,0.00052965595,0.0005007636,0.00047451258,0.0004510704,0.00042990854,0.00040995807,0.00039045906,0.00037218828,0.00035602064,0.00034018615,0.00032152375,0.00030102133,0.00028239662,0.00026562696,0.00024841557,0.0002318247,0.0002191193,0.00021047166,0.00020374151,0.00019804912,0.00019251546,0.00018538957,0.00017657594,0.00016806088
37,0.0001716763,0.00017827845,0.00018623348,0.00019385485,0.00020080493,0.00020806101,0.00021608082,0.00022647467,0.00024224241,0.0002624646,0.0002819148,0.00029823414,0.0003143875,0.0003327981,0.0003512651,0.00036760833,0.00038376753,0.0004024567,0.00042376216,0.00044629452,0.00046982974,0.00049518334,0.0005233021,0.0005543377,0.00058654835,0.0006185886,0.000651018,0.0006836154,0.00071570283,0.000748726,0.00078401476,0.0008198691,0.00085285155,0.00088159204,0.00090906874,0.00093789585,0.00096589304,0.0009899528,0.0010097573,0.0010266074,0.0010415203,0.0010532268,0.0010589657,0.0010593258,0.0010579512,0.0010561408,0.001052726,0.001048387,0.0010454674,0.0010444532,0.0010442877,0.0010444532,0.0010454674,0.001048387,0.001052726,0.0010561408,0.0010579512,0.0010593258,0.0010589657,0.0010532268,0.0010415203,0.0010266074,0.0010097573,0.0009899528,0.00096589304,0.00093789585,0.00090906874,0.000881592,0.00085285155,0.00081986916,0.00078401476,0.000748726,0.00071570283,0.0006836154,0.000651018,0.00061858865,0.00058654835,0.0005543377,0.0005233021,0.00049518334,0.00046982977,0.00044629455,0.00042376216,0.00040245673,0.00038376753,0.00036760833,0.0003512651,0.0003327981,0.0003143875,0.00029823414,0.0002819148,0.0002624646,0.00024224241,0.00022647466,0.00021608084,0.00020806103,0.00020080493,0.00019385485,0.00018623346,0.00017827845,0.0001716763
38,0.0001748334,0.00018018144,0.00018711975,0.00019459397,0.00020211248,0.0002102628,0.00021984949,0.00023291126,0.0002520312,0.00027527352,0.00029634076,0.00031202825,0.00032572955,0.0003418765,0.00035964663,0.0003761483,0.00039276088,0.0004131293,0.0004375782,0.00046387015,0.0004908674,0.0005186413,0.00054815237,0.0005804758,0.00061477977,0.00064948905,0.00068444706,0.00071947474,0.0007543257,0.0007910245,0.00083114253,0.00087204436,0.00090958585,0.0009432521,0.00097634055,0.0010102259,0.0010420765,0.0010690159,0.0010908816,0.0011090047,0.0011241123,0.0011345011,0.0011378053,0.0011361209,0.0011341996,0.0011324073,0.001128067,0.0011216155,0.0011160687,0.0011128981,0.0011119084,0.0011128982,0.0011160687,0.0011216155,0.0011280671,0.0011324073,0.0011341996,0.0011361209,0.0011378053,0.0011345011,0.0011241122,0.0011090047,0.0010908816,0.001069016,0.0010420765,0.0010102259,0.00097634055,0.0009432521,0.00090958585,0.00087204436,0.00083114253,0.0007910245,0.00075432577,0.00071947474,0.00068444706,0.00064948905,0.00061477977,0.0005804758,0.0005481523,0.0005186413,0.00049086736,0.00046387012,0.0004375782,0.0004131293,0.0003927609,0.0003761483,0.0003596466,0.0003418765,0.00032572955,0.00031202825,0.00029634076,0.00027527352,0.0002520312,0.00023291126,0.00021984948,0.00021026279,0.00020211248,0.00019459397,0.00018711973,0.00018018144,0.0001748334
39,0.00017904383,0.0001839246,0.00018890684,0.00019473908,0.00020188878,0.00021114212,0.00022368839,0.00024047552,0.00026199504,0.00028595538,0.00030707289,0.00032221663,0.000334633,0.0003497031,0.0003674192,0.00038449003,0.00040220722,0.00042480862,0.00045216852,0.0004812972,0.0005109282,0.0005408379,0.0005718413,0.00060585694,0.000643133,0.0006815938,0.00071966276,0.0007571944,0.00079523615,0.0008366964,0.0008827201,0.00092949084,0.0009724751,0.0010117887,0.0010505132,0.0010891473,0.0011251392,0.0011562675,0.0011820396,0.0012030307,0.0012192228,0.0012286915,0.0012300387,0.0012267998,0.0012244341,0.0012230793,0.0012190655,0.0012115419,0.001203252,0.0011971615,0.0011949597,0.0011971615,0.001203252,0.0012115419,0.0012190655,0.0012230793,0.0012244341,0.0012267998,0.0012300387,0.0012286915,0.0012192228,0.0012030307,0.0011820396,0.0011562675,0.0011251392,0.0010891473,0.0010505132,0.0010117887,0.0009724751,0.00092949084,0.00088272005,0.0008366964,0.00079523615,0.0007571944,0.00071966276,0.00068159384,0.000643133,0.00060585694,0.0005718414,0.0005408379,0.0005109282,0.00048129717,0.00045216852,0.00042480862,0.00040220722,0.00038449,0.00036741924,0.0003497031,0.000334633,0.0003222166,0.00030707289,0.00028595538,0.00026199507,0.00024047552,0.00022368839,0.00021114212,0.00020188878,0.00019473908,0.00018890682,0.0001839246,0.00017904384
40,0.00018422632,0.00018870695,0.0001910624,0.00019459383,0.00020140363,0.000212511,0.00022879384,0.0002492973,0.00027221034,0.00029567908,0.0003163845,0.00033158096,0.00034374077,0.0003582962,0.0003761885,0.00039447495,0.00041386107,0.000437961,0.0004665493,0.00049700506,0.0005280929,0.0005592374,0.0005914437,0.0006276184,0.00066884,0.0007121771,0.0007543621,0.00079518533,0.0008373423,0.00088460604,0.00093717023,0.0009901822,0.0010393253,0.001084983,0.0011295438,0.001173262,0.0012146253,0.001252058,0.0012841425,0.0013098071,0.0013278852,0.0013368485,0.0013370367,0.0013329359,0.0013298317,0.0013280943,0.0013241338,0.0013160012,0.0013057605,0.0012974929,0.0012943937,0.0012974929,0.0013057605,0.0013160012,0.0013241338,0.0013280943,0.0013298317,0.0013329359,0.0013370367,0.0013368485,0.0013278852,0.0013098071,0.0012841425,0.001252058,0.0012146253,0.001173262,0.0011295438,0.001084983,0.0010393253,0.0009901822,0.00093717023,0.00088460604,0.0008373423,0.00079518533,0.0007543621,0.0007121771,0.00066884,0.0006276184,0.0005914437,0.0005592374,0.0005280929,0.00049700506,0.0004665493,0.000437961,0.00041386107,0.00039447495,0.0003761885,0.0003582962,0.0003437408,0.00033158093,0.00031638454,0.00029567908,0.00027221034,0.0002492973,0.00022879383,0.00021251099,0.00020140361,0.00019459383,0.0001910624,0.00018870695,0.0001842263
41,0.0001884229,0.00019270321,0.00019392227,0.00019657818,0.00020356051,0.00021606364,0.00023482322,0.00025781465,0.00028185645,0.00030527174,0.00032595932,0.00034157786,0.00035371876,0.00036722986,0.00038452508,0.00040442438,0.00042640895,0.00045161264,0.00048011012,0.0005111498,0.00054341054,0.00057543756,0.0006086279,0.0006468106,0.00069157453,0.00073953817,0.00078620104,0.00083124946,0.00087860844,0.0009322549,0.0009913358,0.0010508315,0.001107283,0.0011610065,0.0012134383,0.0012648887,0.0013147017,0.0013611505,0.0014012977,0.0014322344,0.0014519156,0.0014599861,0.0014590638,0.0014542165,0.001449486,0.0014450776,0.0014385395,0.0014285161,0.0014171065,0.0014084768,0.0014054048,0.0014084768,0.0014171065,0.0014285161,0.0014385395,0.0014450777,0.001449486,0.0014542167,0.0014590638,0.001459986,0.0014519156,0.0014322344,0.0014012977,0.0013611505,0.0013147019,0.0012648887,0.0012134383,0.0011610065,0.001107283,0.0010508316,0.0009913358,0.0009322549,0.00087860844,0.00083124946,0.00078620104,0.00073953817,0.00069157453,0.0006468106,0.0006086279,0.00057543756,0.00054341054,0.00051114976,0.00048011012,0.00045161264,0.00042640892,0.00040442438,0.00038452508,0.00036722986,0.00035371876,0.00034157783,0.00032595935,0.00030527177,0.00028185645,0.00025781465,0.00023482321,0.00021606364,0.0002035605,0.00019657818,0.00019392229,0.00019270321,0.00018842288
42,0.00019109488,0.00019594,0.0001984484,0.00020206829,0.0002093229,0.00022188711,0.00024115617,0.000265133,0.00028991312,0.00031343108,0.00033404672,0.00034993913,0.00036208643,0.00037445402,0.00039090158,0.0004125124,0.00043763287,0.00046425988,0.00049251376,0.0005239241,0.00055758987,0.0005913376,0.0006264618,0.00066677906,0.0007140598,0.0007654381,0.00081628916,0.000866166,0.0009193217,0.0009791948,0.0010443632,0.001110785,0.0011761837,0.001240769,0.0013052124,0.0013695568,0.001432753,0.0014915239,0.0015410241,0.001577283,0.0015983635,0.0016050563,0.0016016285,0.0015936838,0.0015841641,0.0015730029,0.0015596024,0.0015447307,0.0015314433,0.0015231946,0.0015206621,0.0015231946,0.0015314433,0.0015447307,0.0015596026,0.0015730029,0.0015841641,0.0015936838,0.0016016285,0.0016050563,0.0015983635,0.001577283,0.0015410241,0.0014915239,0.001432753,0.0013695568,0.0013052124,0.001240769,0.0011761837,0.001110785,0.0010443632,0.0009791948,0.0009193217,0.0008661661,0.00081628916,0.000765438,0.0007140598,0.00066677906,0.0006264618,0.0005913376,0.00055758987,0.0005239241,0.00049251376,0.00046425988,0.00043763287,0.0004125124,0.00039090158,0.00037445402,0.00036208643,0.00034993913,0.00033404672,0.00031343108,0.00028991312,0.000265133,0.00024115619,0.0002218871,0.0002093229,0.0002020683,0.00019844838,0.00019594,0.00019109488
43,0.00019386628,0.00019995244,0.00020463087,0.00020940916,0.00021644188,0.00022827934,0.0002471297,0.00027104423,0.00029560016,0.00031854038,0.0003387668,0.00035490666,0.00036756086,0.00038026684,0.00039731688,0.0004203018,0.00044689505,0.00047399188,0.00050209695,0.0005341401,0.0005697876,0.00060654036,0.00064508995,0.00068844063,0.0007381669,0.0007922183,0.0008466996,0.0009014162,0.000960548,0.0010267725,0.0010985598,0.0011731072,0.0012491231,0.0013271844,0.0014079349,0.0014907102,0.0015728945,0.0016487469,0.0017110355,0.0017548342,0.001778625,0.0017838227,0.001775108,0.0017586057,0.0017376936,0.0017136037,0.0016884509,0.0016652409,0.0016474344,0.0016374267,0.0016345066,0.0016374267,0.0016474344,0.0016652409,0.0016884509,0.0017136037,0.0017376936,0.0017586056,0.001775108,0.0017838227,0.001778625,0.0017548342,0.0017110355,0.0016487469,0.0015728945,0.0014907102,0.0014079349,0.0013271844,0.0012491231,0.0011731072,0.0010985598,0.0010267725,0.000960548,0.0009014162,0.0008466996,0.0007922183,0.0007381669,0.00068844063,0.00064508995,0.00060654036,0.0005697876,0.0005341401,0.00050209695,0.0004739919,0.00044689508,0.0004203018,0.00039731688,0.00038026687,0.00036756086,0.00035490666,0.0003387668,0.00031854038,0.00029560016,0.00027104426,0.00024712973,0.00022827936,0.00021644188,0.00020940916,0.00020463087,0.00019995245,0.00019386628
44,0.0001977608,0.00020508857,0.00021124855,0.00021629735,0.00022240305,0.00023320284,0.0002515606,0.0002752516,0.00029929334,0.00032145059,0.0003412328,0.00035759216,0.00037126907,0.00038634235,0.0004061896,0.00043003642,0.0004551792,0.00048056178,0.00050834817,0.000541657,0.00057977735,0.00061985553,0.0006621418,0.00070912036,0.0007619185,0.00081873336,0.0008764193,0.0009355936,0.0010008758,0.0010745291,0.0011549072,0.0012397201,0.0013281696,0.0014218334,0.0015222419,0.001628136,0.0017351978,0.0018352302,0.0019179072,0.0019755475,0.0020053154,0.0020083957,0.0019896869,0.0019566442,0.0019154229,0.00187089,0.0018286441,0.0017934036,0.0017678608,0.0017529915,0.0017482371,0.0017529915,0.0017678608,0.0017934036,0.0018286441,0.00187089,0.0019154229,0.0019566442,0.0019896869,0.0020083957,0.0020053154,0.0019755475,0.0019179072,0.0018352302,0.0017351978,0.001628136,0.0015222419,0.0014218334,0.0013281696,0.0012397201,0.0011549072,0.0010745291,0.0010008758,0.0009355936,0.0008764193,0.00081873336,0.0007619185,0.00070912036,0.0006621418,0.00061985553,0.00057977735,0.000541657,0.00050834817,0.00048056175,0.0004551792,0.00043003642,0.0004061896,0.00038634238,0.00037126907,0.00035759216,0.0003412328,0.00032145059,0.00029929332,0.0002752516,0.0002515606,0.00023320284,0.00022240306,0.00021629737,0.00021124855,0.00020508855,0.00019776079
45,0.00020161427,0.00020939685,0.00021607285,0.0002210801,0.00022642572,0.00023627118,0.0002540603,0.00027784094,0.0003023076,0.00032452605,0.00034393565,0.0003600373,0.00037453347,0.0003925327,0.0004159396,0.0004405488,0.00046327774,0.0004862685,0.0005139415,0.00054897065,0.00058939063,0.00063169666,0.0006762573,0.000725955,0.00078194326,0.0008421446,0.0009033434,0.00096682616,0.0010382372,0.001120231,0.0012110254,0.0013081133,0.0014109366,0.0015225449,0.0016460172,0.001780265,0.0019200515,0.002055433,0.0021722668,0.0022563783,0.0022980564,0.0022953355,0.0022557934,0.0021933925,0.002121233,0.002048788,0.0019839683,0.0019324586,0.0018961956,0.0018747629,0.0018676323,0.0018747629,0.0018961956,0.0019324586,0.0019839683,0.002048788,0.002121233,0.0021933925,0.0022557934,0.0022953355,0.0022980564,0.0022563783,0.0021722668,0.002055433,0.0019200515,0.001780265,0.0016460172,0.0015225449,0.0014109366,0.0013081133,0.0012110254,0.001120231,0.0010382372,0.00096682616,0.0009033434,0.0008421446,0.00078194326,0.00072595495,0.00067625724,0.00063169666,0.00058939063,0.00054897065,0.0005139416,0.0004862685,0.00046327774,0.0004405488,0.0004159396,0.0003925327,0.00037453347,0.00036003726,0.00034393568,0.00032452605,0.0003023076,0.0002778409,0.0002540603,0.00023627118,0.00022642573,0.00022108012,0.00021607283,0.00020939685,0.00020161427
46,0.00020414035,0.00021150571,0.00021792592,0.00022317268,0.00022882894,0.00023864038,0.000256017,0.0002798866,0.00030547412,0.00032868923,0.00034804834,0.0003638035,0.0003787837,0.00039847285,0.0004239168,0.00044930345,0.00047120661,0.00049328944,0.00052131875,0.0005578227,0.00059992145,0.00064335484,0.00068861194,0.0007394712,0.0007978113,0.0008614603,0.0009267345,0.0009948892,0.0010721958,0.0011621222,0.0012632264,0.0013730151,0.0014917327,0.0016241282,0.0017750448,0.0019449516,0.002130513,0.0023235378,0.002507433,0.0026523524,0.0027209902,0.002696564,0.0026019372,0.0024788282,0.0023565236,0.0022465454,0.0021536557,0.0020815786,0.0020317084,0.0020027785,0.0019932915,0.0020027785,0.0020317084,0.0020815786,0.0021536557,0.0022465454,0.0023565236,0.0024788282,0.0026019372,0.0026965637,0.0027209902,0.0026523524,0.002507433,0.0023235378,0.0021305128,0.0019449516,0.0017750448,0.0016241282,0.0014917327,0.0013730151,0.0012632264,0.0011621222,0.0010721958,0.0009948892,0.0009267345,0.0008614603,0.00079781126,0.0007394712,0.00068861194,0.00064335484,0.0005999214,0.0005578227,0.00052131875,0.00049328944,0.00047120661,0.00044930345,0.00042391676,0.00039847285,0.0003787837,0.0003638035,0.00034804834,0.00032868923,0.00030547412,0.0002798866,0.000256017,0.00023864038,0.00022882894,0.00022317268,0.00021792592,0.00021150571,0.00020414035
47,0.00020566948,0.00021275069,0.00021877616,0.00022436235,0.0002308788,0.00024153395,0.00025900445,0.00028273332,0.0003089749,0.000333058,0.00035268214,0.00036886777,0.00038485735,0.00040504482,0.00043040136,0.00045619367,0.00047888566,0.0005014013,0.00052958296,0.00056650216,0.00060957356,0.0006543126,0.0007006382,0.0007522281,0.0008114942,0.00087705324,0.00094592205,0.001019145,0.001102109,0.0011984792,0.0013079667,0.0014293623,0.0015644832,0.0017197417,0.0019021573,0.0021166368,0.0023692935,0.002669236,0.0030097885,0.003319012,0.0034611514,0.0033639933,0.0031103576,0.0028396747,0.0026211778,0.002454936,0.0023266256,0.002230345,0.0021647639,0.0021275785,0.0021156634,0.0021275785,0.0021647639,0.002230345,0.0023266256,0.002454936,0.0026211778,0.0028396747,0.0031103576,0.0033639933,0.0034611512,0.003319012,0.0030097885,0.002669236,0.0023692935,0.002116637,0.0019021573,0.0017197416,0.0015644832,0.0014293623,0.0013079667,0.0011984792,0.001102109,0.001019145,0.00094592205,0.00087705324,0.0008114942,0.0007522281,0.0007006382,0.00065431255,0.00060957356,0.00056650216,0.00052958296,0.0005014013,0.00047888566,0.00045619367,0.00043040136,0.00040504482,0.00038485735,0.00036886777,0.00035268214,0.00033305804,0.00030897494,0.00028273332,0.00025900445,0.00024153395,0.0002308788,0.00022436235,0.00021877616,0.00021275069,0.00020566948
48,0.00020684139,0.00021471689,0.00022131961,0.0002274991,0.00023438843,0.00024544477,0.00026318248,0.00028692812,0.00031334878,0.00033754038,0.0003569292,0.00037352284,0.00039079005,0.00041139376,0.0004359584,0.00046145672,0.00048470518,0.0005075229,0.0005353944,0.00057191594,0.0006155877,0.0006626583,0.00071180146,0.00076472067,0.00082357216,0.00088877603,0.0009596932,0.0010373737,0.0011251743,0.0012262668,0.0013420267,0.0014731704,0.0016231309,0.0018000194,0.0020141872,0.002279076,0.0026244572,0.003110608,0.0037724017,0.004448019,0.0047579687,0.0044887415,0.003875178,0.003296194,0.002903199,0.0026533073,0.0024817088,0.0023593076,0.0022775375,0.0022318405,0.0022174052,0.0022318405,0.0022775375,0.0023593076,0.0024817088,0.0026533073,0.002903199,0.003296194,0.003875178,0.0044887415,0.0047579687,0.004448019,0.0037724017,0.003110608,0.0026244572,0.002279076,0.0020141872,0.0018000194,0.0016231309,0.0014731702,0.0013420267,0.0012262668,0.0011251743,0.0010373737,0.00095969316,0.00088877603,0.00082357216,0.0007647207,0.00071180146,0.0006626583,0.0006155877,0.00057191594,0.0005353944,0.0005075229,0.00048470518,0.00046145672,0.0004359584,0.00041139376,0.00039079005,0.00037352284,0.0003569292,0.00033754035,0.00031334878,0.0002869281,0.00026318248,0.00024544477,0.00023438843,0.0002274991,0.00022131961,0.00021471689,0.00020684139
49,0.00020744276,0.00021668861,0.00022484799,0.00023209697,0.00023883773,0.0002493819,0.00026714685,0.00029135266,0.0003182214,0.00034222173,0.00036058028,0.00037637996,0.00039396042,0.00041504676,0.00043927302,0.00046400152,0.00048665013,0.00050915586,0.0005368969,0.00057326443,0.00061759196,0.0006673585,0.00071998336,0.000774419,0.0008322613,0.0008960463,0.00096758036,0.0010479677,0.0011388173,0.0012430218,0.0013631721,0.0015011175,0.0016613614,0.0018538049,0.002092582,0.002401291,0.002842411,0.0035525018,0.00463501,0.005809818,0.006352072,0.0058446517,0.004739409,0.0037536365,0.0031461143,0.0028049082,0.0025922372,0.0024473686,0.002352023,0.0022989812,0.0022822828,0.0022989812,0.002352023,0.0024473686,0.0025922372,0.002804908,0.0031461143,0.0037536365,0.004739409,0.0058446517,0.006352072,0.005809818,0.00463501,0.0035525018,0.002842411,0.002401291,0.002092582,0.0018538049,0.0016613614,0.0015011175,0.0013631721,0.0012430218,0.0011388173,0.0010479677,0.00096758036,0.0008960463,0.0008322613,0.000774419,0.00071998336,0.0006673585,0.00061759196,0.00057326443,0.0005368969,0.00050915586,0.0004866501,0.00046400152,0.00043927302,0.00041504676,0.00039396042,0.00037637996,0.00036058028,0.0003422217,0.00031822137,0.00029135266,0.00026714688,0.0002493819,0.00023883773,0.00023209697,0.000224848,0.00021668861,0.00020744278
50,0.00020753707,0.00021742658,0.00022647025,0.00023434393,0.00024096647,0.0002511043,0.00026881573,0.00029335666,0.0003205678,0.00034449817,0.00036221126,0.00037727773,0.0003946525,0.0004159282,0.0004401419,0.00046444705,0.00048654393,0.0005087905,0.0005365996,0.00057307136,0.00061776687,0.00066878105,0.00072300533,0.0007781087,0.00083544437,0.0008985053,0.00097009813,0.0010512967,0.0011431363,0.0012484859,0.0013703395,0.0015107561,0.0016746055,0.0018726867,0.0021208755,0.0024475723,0.0029318456,0.003750223,0.0050433795,0.0064720637,0.0071332953,0.0065041767,0.005148763,0.0039587677,0.003246642,0.0028632372,0.0026328382,0.0024787148,0.002377783,0.0023216307,0.0023039514,0.0023216307,0.002377783,0.0024787148,0.0026328382,0.0028632372,0.003246642,0.0039587677,0.005148763,0.0065041767,0.0071332953,0.0064720637,0.0050433795,0.003750223,0.0029318456,0.0024475723,0.0021208755,0.0018726867,0.0016746055,0.0015107561,0.0013703395,0.0012484859,0.0011431363,0.0010512967,0.00097009813,0.0008985053,0.00083544437,0.0007781087,0.00072300533,0.00066878105,0.00061776687,0.00057307136,0.0005365996,0.00050879054,0.00048654393,0.00046444702,0.0004401419,0.0004159282,0.00039465254,0.00037727773,0.00036221123,0.0003444982,0.0003205678,0.00029335666,0.00026881575,0.00025110427,0.00024096649,0.00023434393,0.00022647025,0.00021742658,0.00020753707
51,0.00020744276,0.00021668861,0.00022484799,0.00023209697,0.00023883773,0.0002493819,0.00026714685,0.00029135266,0.0003182214,0.0003422217,0.00036058028,0.00037637996,0.00039396042,0.00041504676,0.00043927302,0.00046400152,0.0004866501,0.00050915586,0.0005368969,0.00057326443,0.00061759196,0.0006673585,0.00071998336,0.00077441905,0.0008322613,0.0008960463,0.00096758036,0.0010479677,0.0011388173,0.0012430218,0.0013631721,0.0015011175,0.0016613614,0.0018538049,0.002092582,0.002401291,0.002842411,0.0035525018,0.00463501,0.005809818,0.006352072,0.0058446517,0.004739409,0.0037536365,0.0031461143,0.0028049082,0.0025922372,0.0024473686,0.002352023,0.0022989812,0.0022822828,0.0022989812,0.002352023,0.0024473686,0.0025922372,0.002804908,0.0031461143,0.0037536365,0.004739409,0.0058446517,0.006352072,0.005809818,0.00463501,0.0035525018,0.002842411,0.002401291,0.002092582,0.0018538049,0.0016613614,0.0015011175,0.0013631721,0.0012430218,0.0011388173,0.0010479677,0.00096758036,0.0008960463,0.0008322613,0.000774419,0.00071998336,0.0006673585,0.00061759196,0.00057326443,0.0005368969,0.00050915586,0.0004866501,0.0004640015,0.00043927302,0.00041504676,0.00039396045,0.00037637996,0.00036058028,0.0003422217,0.00031822137,0.00029135266,0.00026714688,0.0002493819,0.00023883773,0.00023209697,0.000224848,0.00021668861,0.00020744278
52,0.00020684139,0.00021471689,0.00022131961,0.00022749908,0.00023438843,0.00024544477,0.00026318248,0.00028692812,0.00031334878,0.00033754038,0.0003569292,0.00037352284,0.00039079005,0.00041139376,0.0004359584,0.00046145672,0.00048470518,0.0005075229,0.0005353944,0.00057191594,0.0006155877,0.0006626583,0.00071180146,0.00076472067,0.00082357216,0.00088877603,0.0009596932,0.0010373737,0.0011251743,0.0012262668,0.0013420267,0.0014731704,0.0016231309,0.0018000194,0.0020141872,0.002279076,0.0026244572,0.003110608,0.0037724017,0.004448019,0.0047579687,0.0044887415,0.003875178,0.003296194,0.002903199,0.0026533073,0.0024817088,0.0023593076,0.0022775375,0.0022318405,0.0022174052,0.0022318405,0.0022775375,0.0023593076,0.0024817088,0.0026533073,0.002903199,0.003296194,0.003875178,0.0044887415,0.0047579687,0.004448019,0.0037724017,0.003110608,0.0026244572,0.002279076,0.0020141872,0.0018000194,0.0016231309,0.0014731702,0.0013420267,0.0012262668,0.0011251743,0.0010373737,0.00095969316,0.00088877603,0.00082357216,0.00076472067,0.00071180146,0.0006626583,0.0006155877,0.00057191594,0.0005353944,0.0005075229,0.00048470518,0.00046145672,0.0004359584,0.00041139376,0.00039079005,0.00037352284,0.0003569292,0.00033754038,0.00031334878,0.00028692812,0.00026318248,0.00024544477,0.00023438843,0.00022749908,0.00022131961,0.00021471689,0.00020684137
53,0.00020566948,0.00021275069,0.00021877616,0.00022436233,0.0002308788,0.00024153397,0.00025900448,0.0002827333,0.0003089749,0.000333058,0.00035268214,0.00036886777,0.00038485735,0.00040504482,0.00043040136,0.00045619367,0.00047888566,0.0005014013,0.00052958296,0.00056650216,0.00060957356,0.0006543126,0.0007006382,0.0007522281,0.0008114942,0.00087705324,0.00094592205,0.001019145,0.001102109,0.0011984792,0.0013079667,0.0014293623,0.0015644832,0.0017197417,0.0019021573,0.002116637,0.0023692935,0.002669236,0.0030097885,0.003319012,0.0034611514,0.0033639933,0.0031103576,0.0028396747,0.0026211778,0.002454936,0.0023266256,0.002230345,0.0021647639,0.0021275785,0.0021156634,0.0021275785,0.0021647639,0.002230345,0.0023266256,0.002454936,0.0026211778,0.0028396747,0.0031103576,0.0033639933,0.0034611512,0.003319012,0.0030097885,0.0026692362,0.0023692935,0.002116637,0.0019021573,0.0017197416,0.0015644832,0.0014293623,0.0013079667,0.0011984792,0.001102109,0.001019145,0.00094592205,0.00087705324,0.0008114942,0.0007522281,0.0007006382,0.00065431255,0.00060957356,0.00056650216,0.00052958296,0.0005014013,0.00047888566,0.00045619367,0.00043040136,0.00040504482,0.00038485735,0.00036886777,0.00035268214,0.00033305804,0.00030897494,0.00028273332,0.00025900445,0.00024153395,0.0002308788,0.00022436235,0.00021877616,0.00021275069,0.00020566946
54,0.00020414035,0.00021150571,0.0002179259,0.00022317268,0.00022882894,0.00023864038,0.000256017,0.0002798866,0.00030547412,0.00032868923,0.00034804834,0.0003638035,0.00037878373,0.00039847285,0.0004239168,0.00044930345,0.00047120661,0.00049328944,0.00052131875,0.0005578227,0.00059992145,0.00064335484,0.00068861194,0.0007394712,0.00079781126,0.0008614603,0.0009267345,0.0009948892,0.0010721958,0.0011621222,0.0012632264,0.0013730151,0.0014917327,0.0016241282,0.0017750448,0.0019449516,0.002130513,0.0023235378,0.002507433,0.0026523524,0.0027209902,0.002696564,0.0026019372,0.0024788282,0.0023565236,0.0022465454,0.0021536557,0.0020815786,0.0020317084,0.0020027785,0.0019932915,0.0020027785,0.0020317084,0.0020815786,0.0021536557,0.0022465454,0.0023565236,0.0024788282,0.0026019372,0.0026965637,0.0027209902,0.0026523524,0.002507433,0.0023235378,0.0021305128,0.0019449516,0.0017750448,0.0016241282,0.0014917327,0.0013730151,0.0012632264,0.0011621222,0.0010721958,0.0009948892,0.0009267345,0.0008614603,0.00079781126,0.0007394712,0.00068861194,0.00064335484,0.0005999214,0.0005578227,0.00052131875,0.00049328944,0.00047120661,0.00044930345,0.0004239168,0.00039847285,0.00037878373,0.0003638035,0.00034804834,0.00032868923,0.00030547412,0.0002798866,0.000256017,0.0002386404,0.00022882895,0.00022317268,0.00021792592,0.00021150571,0.00020414036
55,0.00020161425,0.00020939685,0.00021607285,0.0002210801,0.00022642572,0.00023627118,0.0002540603,0.0002778409,0.0003023076,0.00032452605,0.00034393565,0.0003600373,0.0003745335,0.0003925327,0.0004159396,0.0004405488,0.0004632777,0.0004862685,0.0005139415,0.00054897065,0.00058939063,0.00063169666,0.0006762573,0.000725955,0.00078194326,0.0008421446,0.0009033434,0.00096682616,0.0010382372,0.001120231,0.0012110254,0.0013081133,0.0014109366,0.0015225449,0.0016460172,0.001780265,0.0019200515,0.002055433,0.0021722668,0.0022563783,0.0022980564,0.0022953355,0.0022557934,0.0021933925,0.002121233,0.002048788,0.0019839683,0.0019324586,0.0018961956,0.0018747629,0.0018676323,0.0018747629,0.0018961956,0.0019324586,0.0019839683,0.002048788,0.002121233,0.0021933925,0.0022557934,0.0022953355,0.0022980564,0.0022563783,0.0021722668,0.002055433,0.0019200515,0.001780265,0.0016460172,0.0015225449,0.0014109366,0.0013081133,0.0012110254,0.001120231,0.0010382372,0.00096682616,0.0009033434,0.0008421446,0.00078194326,0.00072595495,0.00067625724,0.00063169666,0.00058939063,0.00054897065,0.0005139416,0.0004862685,0.0004632777,0.0004405488,0.0004159396,0.0003925327,0.00037453347,0.0003600373,0.00034393568,0.00032452605,0.0003023076,0.0002778409,0.0002540603,0.00023627118,0.00022642573,0.0002210801,0.00021607285,0.00020939685,0.00020161427
56,0.0001977608,0.00020508855,0.00021124855,0.00021629735,0.00022240305,0.00023320284,0.0002515606,0.0002752516,0.00029929334,0.00032145059,0.0003412328,0.00035759216,0.00037126907,0.00038634238,0.0004061896,0.0004300364,0.0004551792,0.00048056175,0.00050834817,0.000541657,0.00057977735,0.00061985553,0.0006621418,0.00070912036,0.0007619185,0.00081873336,0.0008764193,0.0009355936,0.0010008758,0.0010745291,0.0011549072,0.0012397201,0.0013281697,0.0014218334,0.0015222419,0.001628136,0.0017351978,0.0018352302,0.0019179072,0.0019755475,0.0020053154,0.0020083957,0.0019896869,0.0019566442,0.0019154229,0.00187089,0.0018286441,0.0017934036,0.0017678608,0.0017529915,0.0017482371,0.0017529915,0.0017678608,0.0017934036,0.0018286441,0.00187089,0.0019154229,0.0019566442,0.0019896869,0.0020083957,0.0020053154,0.0019755475,0.0019179072,0.0018352302,0.0017351978,0.001628136,0.0015222419,0.0014218334,0.0013281696,0.0012397201,0.0011549072,0.0010745291,0.0010008758,0.0009355936,0.0008764193,0.00081873336,0.0007619185,0.00070912036,0.0006621418,0.00061985553,0.00057977735,0.000541657,0.00050834817,0.00048056175,0.0004551792,0.00043003642,0.0004061896,0.00038634238,0.00037126907,0.00035759216,0.0003412328,0.00032145059,0.00029929332,0.0002752516,0.0002515606,0.00023320282,0.00022240305,0.00021629737,0.00021124855,0.00020508855,0.0001977608
57,0.00019386629,0.00019995244,0.00020463085,0.00020940918,0.00021644188,0.00022827936,0.0002471297,0.00027104423,0.00029560016,0.00031854038,0.0003387668,0.00035490666,0.00036756086,0.00038026687,0.00039731688,0.0004203018,0.00044689508,0.00047399188,0.00050209695,0.0005341401,0.0005697876,0.00060654036,0.00064509,0.00068844063,0.0007381669,0.0007922183,0.0008466996,0.0009014162,0.000960548,0.0010267725,0.0010985598,0.0011731072,0.0012491231,0.0013271844,0.0014079349,0.0014907102,0.0015728945,0.0016487469,0.0017110355,0.0017548342,0.001778625,0.0017838227,0.001775108,0.0017586057,0.0017376936,0.0017136037,0.0016884509,0.0016652409,0.0016474344,0.0016374267,0.0016345066,0.0016374267,0.0016474344,0.0016652409,0.0016884509,0.0017136037,0.0017376936,0.0017586056,0.001775108,0.0017838227,0.001778625,0.0017548342,0.0017110355,0.0016487469,0.0015728945,0.0014907102,0.0014079349,0.0013271844,0.0012491231,0.0011731072,0.0010985598,0.0010267725,0.000960548,0.0009014162,0.0008466996,0.0007922183,0.0007381669,0.00068844063,0.00064508995,0.00060654036,0.0005697876,0.0005341401,0.00050209695,0.00047399188,0.00044689505,0.0004203018,0.00039731688,0.00038026684,0.00036756086,0.00035490666,0.0003387668,0.00031854038,0.00029560016,0.00027104423,0.00024712973,0.00022827936,0.00021644188,0.00020940916,0.00020463085,0.00019995245,0.00019386628
58,0.00019109488,0.00019594,0.0001984484,0.00020206829,0.0002093229,0.00022188711,0.00024115619,0.000265133,0.00028991312,0.00031343108,0.00033404672,0.00034993913,0.00036208643,0.00037445402,0.00039090158,0.00041251243,0.00043763287,0.00046425988,0.00049251376,0.0005239241,0.00055758987,0.0005913376,0.0006264618,0.00066677906,0.0007140598,0.0007654381,0.00081628916,0.000866166,0.0009193217,0.0009791948,0.0010443632,0.001110785,0.0011761837,0.001240769,0.0013052124,0.0013695568,0.001432753,0.0014915239,0.0015410241,0.001577283,0.0015983635,0.0016050563,0.0016016285,0.001593684,0.0015841641,0.0015730029,0.0015596024,0.0015447307,0.0015314433,0.0015231946,0.0015206621,0.0015231946,0.0015314433,0.0015447307,0.0015596026,0.0015730029,0.0015841641,0.0015936838,0.0016016285,0.0016050563,0.0015983635,0.001577283,0.0015410241,0.0014915239,0.001432753,0.0013695568,0.0013052125,0.001240769,0.0011761837,0.001110785,0.0010443632,0.0009791948,0.0009193217,0.0008661661,0.00081628916,0.000765438,0.0007140598,0.00066677906,0.0006264618,0.0005913376,0.00055758987,0.0005239241,0.00049251376,0.00046425988,0.00043763287,0.00041251243,0.00039090158,0.00037445402,0.00036208643,0.00034993913,0.00033404672,0.00031343108,0.00028991312,0.000265133,0.00024115619,0.0002218871,0.0002093229,0.00020206829,0.00019844838,0.00019594,0.00019109488
59,0.0001884229,0.00019270321,0.00019392229,0.00019657818,0.00020356051,0.00021606364,0.00023482321,0.00025781465,0.00028185645,0.00030527174,0.00032595932,0.00034157783,0.00035371876,0.0003672299,0.00038452508,0.00040442438,0.00042640895,0.00045161264,0.00048011012,0.0005111498,0.00054341054,0.00057543756,0.0006086279,0.0006468106,0.00069157453,0.00073953817,0.00078620104,0.00083124946,0.00087860844,0.0009322549,0.0009913358,0.0010508315,0.001107283,0.0011610065,0.0012134383,0.0012648887,0.0013147019,0.0013611505,0.0014012977,0.0014322344,0.0014519156,0.001459986,0.0014590638,0.0014542165,0.001449486,0.0014450776,0.0014385395,0.0014285161,0.0014171065,0.0014084768,0.0014054048,0.0014084768,0.0014171065,0.0014285161,0.0014385396,0.0014450777,0.001449486,0.0014542167,0.0014590638,0.001459986,0.0014519156,0.0014322344,0.0014012977,0.0013611505,0.0013147017,0.0012648887,0.0012134383,0.0011610065,0.001107283,0.0010508316,0.0009913358,0.0009322549,0.00087860844,0.00083124946,0.00078620104,0.00073953817,0.00069157453,0.0006468106,0.0006086279,0.00057543756,0.00054341054,0.0005111498,0.00048011012,0.00045161264,0.00042640892,0.00040442438,0.00038452508,0.0003672299,0.00035371876,0.00034157783,0.00032595935,0.00030527177,0.00028185645,0.00025781465,0.00023482321,0.00021606364,0.0002035605,0.00019657817,0.00019392227,0.00019270321,0.0001884229
60,0.00018422632,0.00018870695,0.0001910624,0.00019459383,0.00020140363,0.000212511,0.00022879383,0.0002492973,0.00027221034,0.00029567908,0.0003163845,0.00033158096,0.00034374077,0.0003582962,0.0003761885,0.00039447495,0.00041386107,0.000437961,0.0004665493,0.00049700506,0.0005280929,0.0005592374,0.0005914437,0.0006276184,0.00066884,0.0007121771,0.0007543621,0.00079518533,0.0008373423,0.00088460604,0.00093717023,0.0009901822,0.0010393253,0.001084983,0.0011295438,0.001173262,0.0012146253,0.001252058,0.0012841425,0.0013098071,0.0013278852,0.0013368485,0.0013370367,0.0013329359,0.0013298317,0.0013280943,0.0013241338,0.0013160012,0.0013057605,0.0012974929,0.0012943937,0.0012974929,0.0013057605,0.0013160012,0.0013241338,0.0013280943,0.0013298317,0.0013329359,0.0013370367,0.0013368485,0.0013278852,0.0013098071,0.0012841425,0.001252058,0.0012146253,0.001173262,0.0011295438,0.001084983,0.0010393253,0.0009901822,0.00093717023,0.00088460604,0.0008373423,0.00079518533,0.0007543621,0.00071217713,0.00066884,0.0006276184,0.00059144374,0.0005592374,0.0005280929,0.00049700506,0.0004665493,0.000437961,0.00041386107,0.00039447495,0.0003761885,0.0003582962,0.0003437408,0.00033158093,0.00031638454,0.00029567908,0.00027221034,0.0002492973,0.00022879383,0.00021251099,0.00020140361,0.00019459383,0.0001910624,0.00018870694,0.0001842263
61,0.00017904384,0.0001839246,0.00018890684,0.00019473908,0.00020188878,0.00021114212,0.0002236884,0.00024047552,0.00026199504,0.00028595538,0.00030707289,0.00032221663,0.000334633,0.0003497031,0.0003674192,0.00038449,0.00040220722,0.00042480862,0.00045216852,0.00048129717,0.0005109282,0.0005408379,0.0005718413,0.00060585694,0.000643133,0.0006815938,0.00071966276,0.0007571944,0.00079523615,0.0008366964,0.0008827201,0.0009294908,0.0009724751,0.0010117887,0.0010505132,0.0010891473,0.0011251392,0.0011562675,0.0011820396,0.0012030307,0.0012192228,0.0012286915,0.0012300387,0.0012267998,0.0012244341,0.0012230793,0.0012190655,0.0012115419,0.001203252,0.0011971615,0.0011949597,0.0011971615,0.001203252,0.0012115419,0.0012190655,0.0012230793,0.0012244341,0.0012267998,0.0012300387,0.0012286915,0.0012192228,0.0012030307,0.0011820396,0.0011562675,0.0011251392,0.0010891473,0.0010505132,0.0010117887,0.0009724751,0.0009294908,0.0008827201,0.0008366964,0.00079523615,0.0007571944,0.00071966276,0.00068159384,0.000643133,0.00060585694,0.0005718414,0.0005408379,0.0005109282,0.00048129717,0.00045216852,0.00042480862,0.00040220722,0.00038449,0.00036741924,0.0003497031,0.000334633,0.00032221663,0.00030707289,0.00028595538,0.00026199507,0.00024047552,0.0002236884,0.00021114212,0.00020188878,0.00019473908,0.00018890684,0.00018392458,0.00017904384
62,0.0001748334,0.00018018144,0.00018711975,0.00019459397,0.00020211248,0.00021026279,0.00021984949,0.00023291126,0.0002520312,0.00027527352,0.00029634076,0.00031202825,0.00032572955,0.0003418765,0.00035964663,0.0003761483,0.00039276088,0.0004131293,0.0004375782,0.00046387012,0.00049086736,0.0005186413,0.0005481523,0.0005804758,0.00061477977,0.00064948905,0.00068444706,0.00071947474,0.0007543257,0.0007910245,0.00083114253,0.00087204436,0.00090958585,0.0009432521,0.00097634055,0.0010102259,0.0010420765,0.0010690159,0.0010908816,0.0011090047,0.0011241123,0.0011345011,0.0011378053,0.0011361209,0.0011341996,0.0011324073,0.0011280671,0.0011216155,0.0011160687,0.0011128981,0.0011119084,0.0011128982,0.0011160687,0.0011216155,0.0011280671,0.0011324073,0.0011341996,0.0011361209,0.0011378053,0.0011345011,0.0011241123,0.0011090047,0.0010908816,0.001069016,0.0010420765,0.0010102259,0.00097634055,0.0009432521,0.00090958585,0.0008720443,0.0008311425,0.0007910245,0.0007543257,0.00071947474,0.00068444706,0.00064948905,0.00061477977,0.0005804758,0.0005481523,0.0005186413,0.00049086736,0.00046387012,0.0004375782,0.0004131293,0.0003927609,0.0003761483,0.0003596466,0.0003418765,0.00032572955,0.00031202825,0.00029634076,0.00027527352,0.0002520312,0.00023291126,0.00021984948,0.0002102628,0.00020211248,0.00019459397,0.00018711973,0.00018018144,0.0001748334
63,0.0001716763,0.00017827845,0.00018623346,0.00019385485,0.00020080495,0.00020806103,0.00021608082,0.00022647467,0.00024224241,0.0002624646,0.0002819148,0.00029823414,0.0003143875,0.0003327981,0.0003512651,0.00036760833,0.00038376753,0.0004024567,0.00042376216,0.00044629452,0.00046982974,0.00049518334,0.0005233021,0.0005543377,0.00058654835,0.0006185886,0.000651018,0.0006836154,0.00071570283,0.000748726,0.00078401476,0.0008198691,0.00085285155,0.00088159204,0.00090906874,0.00093789585,0.00096589304,0.0009899528,0.0010097573,0.0010266074,0.0010415203,0.0010532268,0.0010589657,0.0010593258,0.0010579512,0.0010561408,0.001052726,0.001048387,0.0010454674,0.0010444532,0.0010442877,0.0010444532,0.0010454674,0.001048387,0.001052726,0.0010561408,0.0010579512,0.0010593258,0.0010589657,0.0010532268,0.0010415203,0.0010266074,0.0010097573,0.0009899528,0.00096589304,0.00093789585,0.00090906874,0.000881592,0.00085285155,0.00081986916,0.00078401476,0.000748726,0.00071570283,0.0006836154,0.000651018,0.00061858865,0.00058654835,0.0005543377,0.0005233021,0.00049518334,0.00046982977,0.00044629455,0.00042376216,0.00040245673,0.00038376753,0.00036760833,0.0003512651,0.0003327981,0.0003143875,0.00029823414,0.0002819148,0.0002624646,0.00024224241,0.00022647466,0.00021608082,0.00020806103,0.00020080493,0.00019385485,0.00018623346,0.00017827845,0.0001716763
64,0.00016806088,0.00017657592,0.00018538957,0.00019251546,0.00019804912,0.00020374151,0.00021047166,0.0002191193,0.0002318247,0.00024841557,0.00026562696,0.00028239662,0.00030102133,0.00032152375,0.00034018615,0.00035602064,0.00037218828,0.00039045906,0.00040995807,0.00042990854,0.0004510704,0.00047451258,0.0005007636,0.00052965595,0.0005595588,0.00058926793,0.0006191304,0.00064901164,0.00067874015,0.0007093591,0.0007413588,0.00077348156,0.00080291234,0.00082764437,0.0008500592,0.0008736012,0.00089732185,0.00091862056,0.00093697815,0.0009532268,0.0009681049,0.0009805574,0.0009881852,0.0009906865,0.0009904848,0.0009897874,0.0009886934,0.00098701,0.0009858044,0.0009854694,0.0009854351,0.0009854696,0.0009858044,0.00098701,0.0009886934,0.0009897874,0.0009904848,0.0009906865,0.0009881852,0.0009805573,0.0009681049,0.0009532268,0.0009369781,0.00091862056,0.00089732185,0.0008736012,0.0008500592,0.00082764437,0.00080291234,0.00077348156,0.0007413588,0.0007093591,0.00067874015,0.00064901164,0.0006191304,0.00058926793,0.0005595588,0.00052965595,0.0005007636,0.00047451258,0.0004510704,0.00042990854,0.00040995807,0.00039045906,0.00037218828,0.00035602064,0.00034018615,0.00032152375,0.00030102133,0.00028239662,0.00026562696,0.00024841557,0.0002318247,0.0002191193,0.00021047166,0.00020374151,0.00019804912,0.00019251546,0.00018538957,0.00017657592,0.00016806088
65,0.00016399605,0.00017338403,0.00018234312,0.00018884735,0.00019326137,0.00019765727,0.00020317436,0.00021047347,0.00022121362,0.00023566165,0.0002517441,0.0002689201,0.00028870505,0.00030960646,0.0003273555,0.00034218188,0.00035811227,0.00037610214,0.00039473487,0.00041402364,0.00043492042,0.00045725415,0.00048072851,0.00050587126,0.0005324934,0.0005598212,0.0005873112,0.0006147554,0.0006427464,0.0006720432,0.0007022949,0.000732124,0.0007589886,0.0007807586,0.00079918205,0.0008176293,0.00083640876,0.00085418916,0.00087074173,0.0008863934,0.000900836,0.0009127043,0.0009207233,0.0009248007,0.0009262813,0.00092757423,0.000929261,0.0009300757,0.0009298997,0.0009294223,0.0009291602,0.0009294224,0.0009298997,0.0009300757,0.0009292609,0.00092757423,0.0009262813,0.0009248007,0.0009207233,0.00091270433,0.0009008361,0.0008863934,0.00087074173,0.00085418916,0.00083640876,0.0008176293,0.00079918205,0.0007807586,0.0007589886,0.000732124,0.0007022949,0.0006720432,0.00064274645,0.0006147554,0.0005873112,0.0005598212,0.0005324934,0.00050587126,0.00048072851,0.00045725415,0.00043492042,0.00041402364,0.00039473487,0.00037610214,0.00035811227,0.00034218188,0.0003273555,0.0003096065,0.00028870505,0.0002689201,0.0002517441,0.00023566166,0.0002212136,0.00021047349,0.00020317436,0.00019765727,0.00019326137,0.00018884733,0.00018234312,0.00017338405,0.00016399605
66,0.00015974685,0.0001681055,0.00017624829,0.00018242594,0.00018697178,0.00019165066,0.00019699021,0.00020327474,0.00021250622,0.0002258338,0.00024173963,0.00025921786,0.00027894112,0.00029916773,0.00031609312,0.00033025278,0.00034526823,0.00036181766,0.0003791215,0.0003983367,0.0004200713,0.0004420966,0.0004627863,0.00048338328,0.00050567504,0.00052993954,0.0005550441,0.00058034586,0.0006066278,0.0006345556,0.0006636395,0.0006923071,0.00071778515,0.0007380157,0.0007541196,0.00076890056,0.00078361185,0.0007980206,0.0008122172,0.00082631543,0.0008390808,0.000848948,0.0008560082,0.00086077454,0.0008637533,0.00086681236,0.0008705051,0.000873165,0.00087404833,0.0008737764,0.00087345653,0.0008737764,0.00087404833,0.00087316503,0.0008705051,0.00086681236,0.0008637533,0.00086077454,0.0008560082,0.000848948,0.0008390808,0.00082631543,0.0008122172,0.0007980206,0.00078361185,0.00076890056,0.0007541196,0.0007380157,0.00071778515,0.0006923071,0.0006636395,0.0006345556,0.0006066278,0.00058034586,0.0005550441,0.00052993954,0.00050567504,0.00048338325,0.0004627863,0.0004420966,0.0004200713,0.00039833674,0.0003791215,0.00036181766,0.00034526823,0.0003302528,0.00031609312,0.00029916776,0.00027894112,0.00025921786,0.00024173965,0.00022583382,0.00021250623,0.00020327476,0.00019699021,0.00019165067,0.00018697177,0.00018242594,0.00017624827,0.0001681055,0.00015974685
67,0.00015416631,0.00016106275,0.00016870661,0.00017564045,0.00018151251,0.0001874849,0.00019355773,0.00019953157,0.00020743725,0.00021922754,0.00023429742,0.00025154854,0.0002708459,0.00029049246,0.0003074569,0.0003218426,0.00033592366,0.00035037537,0.00036568785,0.00038400915,0.0004058623,0.00042783297,0.00044699892,0.00046412414,0.00048194826,0.0005022142,0.0005242484,0.0005469085,0.0005703937,0.00059554505,0.0006226706,0.00065032364,0.00067519926,0.000695063,0.00071069994,0.000724507,0.0007379281,0.00075059634,0.00076236925,0.0007736222,0.00078330573,0.00079055317,0.000796469,0.00080151326,0.0008052935,0.00080885435,0.000812679,0.0008157115,0.0008174987,0.0008182812,0.00081844674,0.00081828114,0.00081749866,0.0008157115,0.000812679,0.00080885435,0.0008052935,0.00080151326,0.000796469,0.00079055317,0.00078330573,0.0007736222,0.00076236925,0.00075059634,0.0007379281,0.000724507,0.00071069994,0.0006950629,0.00067519926,0.00065032364,0.0006226706,0.00059554505,0.0005703937,0.0005469085,0.0005242484,0.0005022142,0.00048194826,0.00046412414,0.00044699895,0.000427833,0.0004058623,0.00038400915,0.00036568785,0.00035037534,0.0003359237,0.0003218426,0.00030745694,0.00029049246,0.0002708459,0.00025154854,0.00023429743,0.00021922753,0.00020743725,0.00019953155,0.00019355775,0.0001874849,0.00018151253,0.00017564045,0.00016870663,0.00016106275,0.0001541663
68,0.00014814478,0.00015489463,0.00016277409,0.00017082843,0.0001779308,0.00018449684,0.00019090375,0.00019736544,0.00020508883,0.0002153174,0.00022844628,0.00024442977,0.00026263826,0.00028118625,0.00029820867,0.0003136872,0.00032805646,0.00034129247,0.00035460526,0.00037079846,0.00039099573,0.00041240331,0.0004314726,0.00044729005,0.0004620074,0.00047860606,0.0004975765,0.0005172827,0.0005369813,0.0005578613,0.000581523,0.0006070999,0.0006309331,0.00065047486,0.0006665474,0.0006814557,0.00069594954,0.00070852734,0.0007185504,0.0007268817,0.00073349604,0.0007387825,0.0007441478,0.00074927043,0.00075303187,0.00075586524,0.000758215,0.00076001394,0.00076193,0.0007640791,0.00076509983,0.0007640791,0.00076193,0.0007600139,0.000758215,0.00075586524,0.00075303187,0.00074927043,0.00074414787,0.0007387825,0.00073349604,0.0007268817,0.00071855047,0.00070852734,0.0006959495,0.0006814557,0.0006665474,0.00065047486,0.0006309331,0.0006070999,0.000581523,0.0005578613,0.0005369813,0.0005172827,0.00049757655,0.00047860606,0.0004620074,0.00044729005,0.0004314726,0.00041240331,0.00039099573,0.00037079846,0.00035460526,0.00034129247,0.00032805646,0.0003136872,0.00029820867,0.00028118625,0.00026263826,0.0002444298,0.0002284463,0.0002153174,0.00020508883,0.00019736543,0.00019090375,0.00018449682,0.0001779308,0.00017082843,0.00016277409,0.00015489463,0.00014814478
69,0.00014499878,0.00015294005,0.00016093143,0.00016876454,0.00017559144,0.00018140003,0.00018729747,0.00019450461,0.00020310986,0.00021250464,0.00022338275,0.00023698976,0.00025270018,0.0002689482,0.00028558326,0.00030278513,0.0003187696,0.00033187022,0.00034338096,0.00035664559,0.0003739738,0.00039425818,0.00041379215,0.00042967813,0.00044310174,0.00045793818,0.00047543625,0.0004932101,0.00050960644,0.0005260582,0.0005451193,0.0005668433,0.00058814435,0.0006063889,0.00062224845,0.00063800963,0.00065373676,0.00066693197,0.00067639654,0.00068313314,0.00068812486,0.0006926889,0.00069770816,0.00070212566,0.00070514233,0.0007073677,0.00070892,0.00070975424,0.000711249,0.00071394,0.00071545196,0.00071394,0.0007112491,0.00070975424,0.00070892,0.0007073678,0.00070514233,0.00070212566,0.00069770816,0.0006926889,0.0006881248,0.00068313314,0.00067639654,0.00066693197,0.00065373676,0.00063800963,0.00062224845,0.0006063889,0.00058814435,0.0005668433,0.0005451193,0.0005260582,0.00050960644,0.00049321004,0.00047543625,0.00045793818,0.00044310172,0.0004296781,0.00041379215,0.00039425818,0.0003739738,0.00035664559,0.00034338096,0.00033187022,0.0003187696,0.00030278513,0.00028558326,0.0002689482,0.00025270018,0.00023698977,0.00022338275,0.00021250464,0.00020310986,0.00019450461,0.00018729747,0.00018140004,0.00017559144,0.00016876454,0.00016093145,0.00015294005,0.00014499878
70,0.00014458419,0.00015371363,0.00016141747,0.0001679554,0.00017351002,0.00017838806,0.00018401729,0.00019175178,0.00020073517,0.00020938605,0.00021840997,0.0002293832,0.00024191049,0.00025558163,0.00027176924,0.00029027057,0.000307342,0.00032003797,0.00032966616,0.00034009852,0.00035479822,0.00037406592,0.0003938897,0.00040993953,0.00042318957,0.00043816428,0.0004559161,0.00047321033,0.00048785697,0.0005011171,0.00051538675,0.0005316187,0.000548668,0.00056451163,0.00057904096,0.0005940751,0.000609529,0.00062279205,0.00063244236,0.0006392065,0.00064436847,0.00064916135,0.00065349974,0.0006564552,0.00065881317,0.0006619393,0.0006650723,0.0006668021,0.00066797505,0.0006698837,0.00067105604,0.0006698837,0.000667975,0.00066680205,0.00066507235,0.0006619393,0.00065881317,0.0006564552,0.00065349974,0.00064916135,0.00064436847,0.0006392065,0.00063244236,0.00062279205,0.000609529,0.0005940751,0.00057904096,0.00056451163,0.000548668,0.0005316187,0.00051538675,0.0005011171,0.00048785697,0.00047321033,0.00045591607,0.00043816428,0.00042318954,0.00040993956,0.00039388973,0.00037406592,0.00035479822,0.00034009852,0.0003296662,0.00032003797,0.000307342,0.00029027057,0.00027176924,0.00025558163,0.00024191049,0.0002293832,0.00021840996,0.00020938605,0.00020073517,0.00019175178,0.00018401728,0.00017838806,0.00017351002,0.00016795541,0.00016141745,0.00015371363,0.00014458419
71,0.00014284464,0.00015205171,0.00015948797,0.00016547812,0.00017055946,0.0001753883,0.0001813863,0.0001891243,0.00019732513,0.00020515657,0.00021352376,0.00022301055,0.00023311679,0.00024477096,0.00025999246,0.00027775066,0.00029364933,0.0003047904,0.0003126454,0.0003213438,0.0003347972,0.0003535008,0.0003729872,0.00038867292,0.00040206907,0.00041771244,0.0004359004,0.00045308453,0.0004671957,0.00047893144,0.0004895236,0.00050039665,0.00051276694,0.00052577216,0.0005384525,0.0005516185,0.00056504714,0.00057681074,0.00058628654,0.0005942186,0.00060101727,0.00060660124,0.0006101937,0.00061199407,0.0006145921,0.00061975105,0.0006256325,0.0006293751,0.000630721,0.0006314218,0.00063185376,0.00063142186,0.000630721,0.0006293751,0.0006256325,0.00061975105,0.0006145921,0.00061199407,0.0006101937,0.00060660124,0.00060101727,0.0005942186,0.00058628654,0.00057681074,0.00056504714,0.0005516185,0.0005384525,0.00052577216,0.00051276694,0.00050039665,0.0004895236,0.00047893144,0.0004671957,0.00045308453,0.0004359004,0.00041771244,0.00040206907,0.00038867292,0.00037298718,0.0003535008,0.0003347972,0.00032134377,0.0003126454,0.0003047904,0.00029364933,0.00027775063,0.00025999243,0.00024477096,0.00023311679,0.00022301056,0.00021352376,0.00020515657,0.00019732513,0.0001891243,0.0001813863,0.0001753883,0.00017055946,0.00016547812,0.00015948797,0.00015205171,0.00014284464
72,0.00013896654,0.00014723581,0.00015433723,0.00016068894,0.00016616676,0.00017112117,0.00017687095,0.0001836426,0.00019080081,0.00019878434,0.00020818712,0.00021788629,0.00022682866,0.00023666679,0.00024962478,0.0002645095,0.00027760188,0.00028689037,0.0002940022,0.0003027223,0.00031615875,0.00033395353,0.0003518165,0.00036641842,0.00037986002,0.00039564059,0.00041325483,0.00042978954,0.00044376202,0.00045517134,0.0004640918,0.00047196136,0.00048116094,0.0004917671,0.0005026128,0.0005135855,0.0005240809,0.00053317193,0.00054180267,0.00055100815,0.000559612,0.00056594546,0.00056940207,0.00057136256,0.00057496404,0.0005815958,0.0005890822,0.00059436547,0.00059644366,0.0005967922,0.0005968324,0.0005967922,0.00059644366,0.00059436547,0.0005890822,0.0005815958,0.00057496404,0.00057136256,0.00056940207,0.00056594546,0.000559612,0.00055100815,0.00054180267,0.00053317193,0.0005240809,0.0005135856,0.0005026128,0.0004917671,0.00048116094,0.00047196134,0.0004640918,0.00045517134,0.000443762,0.00042978954,0.00041325483,0.00039564059,0.00037986002,0.00036641842,0.0003518165,0.00033395353,0.00031615875,0.00030272233,0.0002940022,0.00028689037,0.0002776019,0.0002645095,0.00024962478,0.00023666679,0.00022682866,0.00021788629,0.00020818712,0.00019878434,0.00019080081,0.00018364261,0.00017687095,0.00017112115,0.00016616675,0.00016068894,0.00015433723,0.00014723583,0.00013896654
73,0.00013585025,0.0001428011,0.00014902162,0.00015522358,0.000160559,0.00016472214,0.00016886226,0.00017389283,0.00018064343,0.00018994494,0.0002011201,0.00021184879,0.00022067546,0.00022907404,0.00023935335,0.00025109077,0.00026163284,0.00026983613,0.00027748937,0.00028731095,0.0003006704,0.0003164914,0.00033175558,0.00034499762,0.0003582807,0.000373294,0.00038912662,0.0004043479,0.0004180444,0.00042942306,0.00043819143,0.00044565622,0.00045386338,0.00046307722,0.00047237513,0.0004811507,0.0004887398,0.0004953401,0.00050303596,0.0005126953,0.00052185927,0.0005283593,0.0005325438,0.00053610536,0.0005410282,0.00054794946,0.0005553193,0.00056081446,0.00056323665,0.0005636021,0.0005635506,0.0005636021,0.00056323665,0.00056081446,0.0005553193,0.00054794946,0.0005410282,0.00053610536,0.0005325438,0.00052835926,0.00052185927,0.0005126953,0.00050303596,0.0004953401,0.0004887398,0.00048115072,0.00047237513,0.00046307722,0.00045386338,0.00044565622,0.00043819143,0.00042942306,0.00041804436,0.0004043479,0.00038912665,0.00037329402,0.0003582807,0.00034499762,0.00033175555,0.0003164914,0.0003006704,0.00028731092,0.00027748937,0.0002698361,0.00026163284,0.0002510908,0.00023935334,0.00022907404,0.00022067544,0.00021184879,0.0002011201,0.00018994496,0.00018064343,0.00017389283,0.00016886226,0.00016472214,0.000160559,0.00015522358,0.00014902161,0.00014280112,0.00013585025
74,0.00013341248,0.0001390015,0.00014420766,0.0001496409,0.00015392997,0.00015650352,0.00015867864,0.00016239894,0.00016936543,0.00017963421,0.00019149273,0.00020292157,0.00021275332,0.00022139364,0.00023051832,0.00024048348,0.00024960903,0.0002574505,0.00026589603,0.0002762737,0.00028852763,0.0003020648,0.00031544594,0.00032804417,0.00034092588,0.00035412985,0.0003669865,0.00037984975,0.00039222973,0.0004028009,0.00041164682,0.00042005524,0.000428866,0.00043768118,0.00044548116,0.00045165952,0.00045653956,0.00046165942,0.00046924825,0.00047920257,0.00048825916,0.00049470965,0.00050008344,0.0005056618,0.00051167776,0.0005180971,0.0005241994,0.00052842445,0.0005295641,0.00052864617,0.0005279892,0.00052864617,0.0005295641,0.00052842445,0.0005241994,0.0005180971,0.00051167776,0.0005056618,0.00050008344,0.00049470965,0.00048825916,0.00047920257,0.00046924822,0.0004616594,0.00045653956,0.00045165952,0.00044548116,0.00043768118,0.000428866,0.00042005524,0.00041164682,0.00040280088,0.00039222973,0.00037984975,0.0003669865,0.00035412985,0.00034092588,0.00032804417,0.00031544594,0.00030206481,0.00028852763,0.0002762737,0.00026589603,0.0002574505,0.00024960906,0.0002404835,0.0002305183,0.00022139364,0.00021275334,0.00020292157,0.00019149271,0.00017963423,0.00016936543,0.00016239894,0.00015867862,0.00015650352,0.00015392998,0.0001496409,0.00014420766,0.0001390015,0.00013341248
75,0.00012909586,0.00013315698,0.00013779035,0.00014275502,0.00014609811,0.00014757365,0.00014920215,0.00015327969,0.0001605643,0.000169873,0.0001799879,0.00019088881,0.00020241787,0.00021344083,0.00022363586,0.00023333741,0.00024201562,0.00025002693,0.00025897665,0.00026888144,0.00027928827,0.0002910034,0.00030378666,0.0003165145,0.00032866452,0.00033937502,0.00034875376,0.00035839135,0.00036800388,0.00037636387,0.00038459955,0.0003941948,0.00040436274,0.00041304145,0.00041867426,0.00042143595,0.0004236389,0.00042831743,0.00043714093,0.00044840682,0.00045799758,0.0004648019,0.00047119212,0.0004779532,0.00048403034,0.0004890521,0.0004931113,0.0004953326,0.00049438793,0.00049125473,0.0004895173,0.0004912547,0.00049438793,0.0004953326,0.0004931113,0.0004890521,0.00048403034,0.00047795323,0.00047119212,0.0004648019,0.00045799758,0.00044840685,0.00043714093,0.0004283174,0.0004236389,0.00042143595,0.0004186743,0.00041304145,0.00040436274,0.0003941948,0.00038459955,0.00037636387,0.0003680039,0.00035839135,0.00034875376,0.00033937502,0.00032866452,0.0003165145,0.00030378666,0.00029100344,0.00027928827,0.00026888144,0.00025897665,0.00025002693,0.00024201562,0.00023333741,0.00022363584,0.00021344083,0.00020241788,0.0001908888,0.0001799879,0.00016987302,0.00016056432,0.00015327969,0.00014920215,0.00014757365,0.00014609811,0.00014275502,0.00013779035,0.00013315698,0.00012909586
76,0.00012279233,0.00012499756,0.00012899097,0.00013370288,0.00013692747,0.00013894174,0.00014226307,0.00014844183,0.00015605058,0.00016287137,0.0001692577,0.00017782024,0.00019008756,0.00020398614,0.0002164091,0.00022662868,0.00023542285,0.00024404803,0.00025342425,0.00026265858,0.00027149488,0.00028183524,0.00029418478,0.00030672766,0.00031758065,0.0003258614,0.0003326484,0.00033972375,0.00034643884,0.00035210548,0.0003592272,0.0003696303,0.0003808092,0.00038866163,0.00039130438,0.00039031927,0.0003900926,0.00039484177,0.0004055119,0.0004186515,0.00042935094,0.00043690286,0.0004438329,0.00045047,0.00045535018,0.00045830314,0.00046041384,0.00046167255,0.0004603182,0.0004564419,0.0004541794,0.0004564419,0.00046031823,0.00046167255,0.00046041384,0.00045830314,0.00045535018,0.00045047,0.00044383286,0.00043690283,0.00042935094,0.0004186515,0.0004055119,0.00039484177,0.0003900926,0.00039031927,0.00039130438,0.00038866163,0.0003808092,0.0003696303,0.0003592272,0.00035210548,0.00034643884,0.00033972375,0.0003326484,0.0003258614,0.00031758065,0.00030672766,0.0002941848,0.00028183524,0.00027149488,0.00026265855,0.00025342428,0.00024404803,0.00023542285,0.00022662868,0.0002164091,0.00020398613,0.00019008756,0.00017782024,0.00016925772,0.00016287137,0.00015605058,0.00014844183,0.00014226307,0.00013894176,0.00013692747,0.00013370287,0.00012899096,0.00012499756,0.00012279235
77,0.00011627126,0.00011658757,0.000119527685,0.00012385582,0.00012764659,0.00013144151,0.00013759275,0.00014646846,0.00015475709,0.00015952799,0.00016225944,0.0001674513,0.00017845034,0.0001934687,0.00020743156,0.00021810115,0.0002268818,0.00023573214,0.0002451929,0.000254162,0.000262419,0.0002718895,0.00028334875,0.00029472707,0.000303671,0.0003100888,0.000315838,0.00032189616,0.0003269718,0.00033112965,0.0003377018,0.00034818688,0.00035892893,0.00036502842,0.00036491815,0.0003612497,0.00035942424,0.0003641739,0.00037579634,0.00038969354,0.00040096976,0.00040925978,0.0004163124,0.00042195362,0.00042519197,0.00042662327,0.0004282222,0.0004304787,0.00043094816,0.00042842515,0.0004265796,0.00042842515,0.00043094816,0.0004304787,0.0004282222,0.00042662327,0.00042519197,0.00042195362,0.0004163124,0.00040925978,0.00040096976,0.00038969354,0.00037579634,0.0003641739,0.00035942422,0.00036124972,0.00036491815,0.00036502842,0.00035892893,0.00034818685,0.0003377018,0.00033112965,0.0003269718,0.00032189616,0.000315838,0.0003100888,0.000303671,0.0002947271,0.00028334878,0.0002718895,0.000262419,0.00025416198,0.0002451929,0.00023573214,0.0002268818,0.00021810115,0.00020743156,0.0001934687,0.00017845034,0.0001674513,0.00016225944,0.00015952799,0.00015475709,0.00014646845,0.00013759275,0.00013144151,0.00012764659,0.00012385582,0.000119527685,0.00011658757,0.00011627126
78,0.00011046056,0.000109292036,0.00011143058,0.000115899675,0.000120819685,0.00012640865,0.00013455546,0.00014502808,0.00015381558,0.00015773077,0.00015856733,0.00016141405,0.00017031655,0.00018420232,0.00019792502,0.00020839235,0.0002166251,0.00022476239,0.00023369258,0.00024258217,0.00025079996,0.00025956653,0.00026968616,0.00027936453,0.00028651726,0.00029191023,0.00029753865,0.00030334145,0.00030792615,0.00031225028,0.00031923247,0.0003289533,0.0003376413,0.00034167783,0.00034047617,0.00033660204,0.0003348771,0.00033952837,0.0003503051,0.0003626101,0.00037283794,0.00038114833,0.00038806716,0.00039270852,0.00039490068,0.0003962146,0.00039874553,0.00040254724,0.00040474077,0.00040368695,0.0004024501,0.00040368695,0.00040474077,0.00040254724,0.00039874553,0.0003962146,0.00039490065,0.00039270852,0.00038806716,0.00038114836,0.00037283794,0.0003626101,0.00035030508,0.0003395284,0.00033487714,0.00033660204,0.00034047617,0.00034167783,0.0003376413,0.00032895332,0.00031923244,0.00031225028,0.00030792615,0.00030334148,0.00029753865,0.00029191026,0.00028651726,0.00027936453,0.00026968616,0.00025956653,0.00025079996,0.00024258217,0.00023369257,0.00022476239,0.00021662509,0.00020839236,0.00019792504,0.0001842023,0.00017031655,0.00016141403,0.00015856733,0.00015773077,0.00015381558,0.00014502808,0.00013455546,0.00012640865,0.000120819685,0.000115899675,0.00011143057,0.000109292036,0.00011046056
79,0.000105697065,0.000103722145,0.000105864594,0.00011159951,0.000118249525,0.00012486283,0.00013289269,0.00014243415,0.00015022601,0.00015364823,0.0001545299,0.00015736531,0.00016514289,0.0001768434,0.00018863013,0.00019802032,0.00020569836,0.00021352027,0.00022215286,0.00023046992,0.00023763749,0.0002448772,0.0002533668,0.0002618397,0.00026844058,0.00027362083,0.00027874595,0.00028357512,0.00028772475,0.00029290988,0.00030071248,0.00030934787,0.00031563328,0.0003183541,0.00031820728,0.0003169132,0.0003173208,0.00032204977,0.0003304964,0.0003392638,0.0003468016,0.0003539989,0.00036026648,0.00036398723,0.0003655951,0.00036734808,0.00037067625,0.000374724,0.00037707895,0.00037669274,0.00037590956,0.00037669274,0.00037707895,0.00037472398,0.00037067628,0.00036734808,0.0003655951,0.00036398726,0.00036026648,0.0003539989,0.00034680162,0.0003392638,0.0003304964,0.00032204977,0.0003173208,0.0003169132,0.0003182073,0.0003183541,0.00031563328,0.0003093479,0.00030071248,0.00029290988,0.00028772475,0.00028357512,0.00027874595,0.00027362083,0.00026844058,0.0002618397,0.0002533668,0.0002448772,0.00023763748,0.00023046992,0.00022215286,0.00021352025,0.00020569836,0.00019802031,0.00018863013,0.00017684339,0.00016514289,0.00015736531,0.0001545299,0.00015364823,0.00015022603,0.00014243415,0.00013289267,0.00012486283,0.00011824953,0.00011159951,0.000105864594,0.000103722145,0.00010569707
80,0.00010274806,0.00010092331,0.000103655984,0.000111118265,0.0001194035,0.00012587672,0.00013159032,0.00013782378,0.0001432618,0.00014634452,0.00014849327,0.00015288337,0.00016063714,0.0001700691,0.0001788667,0.00018638636,0.00019416936,0.00020342125,0.00021278049,0.00021974437,0.00022431507,0.00022935504,0.00023673993,0.00024527634,0.00025261682,0.0002578437,0.00026134762,0.00026368792,0.00026625395,0.00027139057,0.00027946362,0.000287605,0.00029314618,0.00029625505,0.0002984401,0.00030067205,0.0003037168,0.0003084627,0.0003144654,0.00031991937,0.00032481513,0.00033031433,0.00033508972,0.00033704372,0.00033714416,0.00033825258,0.0003411674,0.00034444418,0.0003466418,0.00034727668,0.00034721877,0.00034727668,0.0003466418,0.00034444415,0.0003411674,0.00033825258,0.00033714416,0.00033704372,0.00033508972,0.00033031433,0.00032481513,0.00031991937,0.0003144654,0.0003084627,0.0003037168,0.00030067202,0.0002984401,0.00029625505,0.00029314618,0.000287605,0.00027946362,0.00027139057,0.00026625395,0.00026368792,0.00026134762,0.0002578437,0.00025261682,0.00024527634,0.00023673994,0.00022935504,0.00022431508,0.00021974437,0.0002127805,0.00020342125,0.00019416936,0.00018638636,0.0001788667,0.0001700691,0.00016063714,0.00015288338,0.00014849327,0.00014634451,0.0001432618,0.00013782378,0.00013159032,0.00012587672,0.00011940351,0.00011111827,0.000103655984,0.00010092331,0.00010274806
81,0.00010235762,0.00010155143,0.00010450048,0.00011236755,0.00012085683,0.00012619986,0.0001289457,0.0001315897,0.00013502789,0.00013852441,0.00014249873,0.00014854428,0.00015625308,0.00016344286,0.0001691024,0.0001746621,0.00018293397,0.00019417936,0.00020435668,0.00020966878,0.00021169818,0.00021527428,0.00022254616,0.00023172883,0.00023982894,0.00024481295,0.00024635793,0.00024576884,0.0002457354,0.0002490644,0.0002560672,0.00026429503,0.00027122663,0.00027628586,0.00028045208,0.0002844431,0.0002883313,0.0002925862,0.00029734825,0.00030169176,0.00030568172,0.00030988443,0.00031249895,0.0003114982,0.0003086833,0.0003079321,0.00031000667,0.0003130052,0.00031599053,0.00031846703,0.0003194585,0.00031846703,0.00031599053,0.0003130052,0.00031000667,0.0003079321,0.0003086833,0.0003114982,0.00031249895,0.00030988443,0.00030568172,0.00030169176,0.00029734825,0.0002925862,0.0002883313,0.0002844431,0.00028045208,0.0002762859,0.00027122663,0.00026429503,0.0002560672,0.0002490644,0.0002457354,0.00024576884,0.00024635793,0.00024481295,0.00023982892,0.00023172883,0.00022254616,0.00021527428,0.00021169818,0.00020966877,0.00020435668,0.00019417937,0.00018293396,0.0001746621,0.0001691024,0.00016344286,0.00015625308,0.00014854428,0.00014249873,0.0001385244,0.00013502789,0.00013158971,0.00012894571,0.00012619986,0.000120856836,0.00011236755,0.000104500476,0.000101551435,0.00010235762
82,0.00010435501,0.000104777166,0.00010682634,0.00011246829,0.000118761,0.00012252969,0.00012364249,0.00012451637,0.00012729803,0.00013200923,0.00013820661,0.00014577812,0.00015300378,0.0001578416,0.00016081106,0.00016486977,0.00017315694,0.00018498565,0.00019499965,0.00019937934,0.0002007413,0.0002042659,0.00021136658,0.000219918,0.000227357,0.00023166809,0.0002320899,0.00022987675,0.00022784522,0.00022897054,0.00023433198,0.0002425952,0.00025121905,0.00025820202,0.0002631415,0.00026651047,0.0002691368,0.0002724492,0.00027700316,0.0002818293,0.00028626903,0.00028976222,0.00029014982,0.00028609045,0.00028053066,0.0002782499,0.00028000353,0.00028341112,0.00028742605,0.0002913151,0.00029303125,0.00029131508,0.00028742605,0.00028341112,0.00028000353,0.0002782499,0.00028053066,0.00028609045,0.00029014982,0.00028976222,0.00028626903,0.0002818293,0.00027700316,0.0002724492,0.00026913683,0.00026651047,0.00026314153,0.00025820202,0.00025121908,0.00024259521,0.00023433196,0.00022897053,0.0002278452,0.00022987674,0.0002320899,0.00023166809,0.000227357,0.00021991799,0.00021136658,0.0002042659,0.00020074131,0.00019937934,0.00019499964,0.00018498563,0.00017315694,0.00016486977,0.00016081108,0.0001578416,0.00015300378,0.00014577813,0.00013820661,0.00013200923,0.00012729803,0.00012451637,0.0001236425,0.00012252967,0.000118761,0.00011246829,0.00010682634,0.000104777166,0.000104355
83,0.00010649648,0.000107867454,0.0001084966,0.00011019576,0.000112321635,0.00011413518,0.00011527327,0.00011647469,0.00011962945,0.00012572599,0.00013433388,0.00014372503,0.00015068853,0.00015357236,0.00015461868,0.00015762585,0.00016504631,0.00017550841,0.00018423675,0.00018861052,0.00019132458,0.00019591936,0.00020215164,0.00020821995,0.00021328742,0.00021633708,0.0002164596,0.00021435463,0.00021219047,0.00021273772,0.00021757105,0.00022568068,0.00023450263,0.0002418596,0.0002465951,0.0002485837,0.00024941677,0.00025152657,0.0002554726,0.0002600716,0.00026443414,0.0002673507,0.00026649886,0.00026128272,0.00025523436,0.00025274296,0.00025420525,0.00025743223,0.00026132824,0.00026498426,0.0002665592,0.0002649843,0.00026132824,0.00025743226,0.00025420525,0.00025274296,0.00025523436,0.00026128272,0.00026649886,0.0002673507,0.00026443411,0.0002600716,0.00025547264,0.00025152657,0.00024941674,0.00024858373,0.00024659507,0.00024185961,0.00023450264,0.00022568068,0.00021757107,0.00021273774,0.00021219048,0.00021435463,0.0002164596,0.0002163371,0.00021328742,0.00020821995,0.00020215166,0.00019591938,0.0001913246,0.00018861052,0.00018423673,0.00017550841,0.00016504631,0.00015762585,0.00015461868,0.00015357236,0.00015068852,0.00014372503,0.00013433388,0.00012572599,0.00011962944,0.000116474694,0.00011527327,0.00011413519,0.000112321635,0.00011019576,0.000108496606,0.000107867454,0.00010649648
84,0.0001053555,0.00010769275,0.00010769544,0.00010618733,0.00010439435,0.00010427596,0.0001060065,0.00010843703,0.00011217802,0.00011899441,0.00012909545,0.00013978456,0.00014674514,0.00014885668,0.00014956764,0.00015255093,0.00015888613,0.00016672429,0.0001729361,0.00017694691,0.00018136247,0.00018744169,0.00019290761,0.00019635267,0.0001988059,0.00020040025,0.0002004753,0.00019944279,0.00019875763,0.00020058006,0.00020611068,0.0002137521,0.00022102108,0.00022692335,0.00023081276,0.00023197844,0.00023173385,0.00023253752,0.0002348354,0.00023760046,0.00024047426,0.00024270464,0.00024229813,0.00023878664,0.00023489184,0.00023324555,0.00023374282,0.00023553101,0.00023811491,0.00024043057,0.00024133711,0.00024043057,0.00023811491,0.00023553101,0.00023374282,0.00023324555,0.00023489184,0.00023878666,0.00024229813,0.00024270464,0.00024047424,0.00023760046,0.0002348354,0.00023253754,0.00023173387,0.00023197844,0.00023081276,0.00022692335,0.00022102107,0.0002137521,0.00020611068,0.00020058006,0.00019875763,0.00019944279,0.0002004753,0.00020040025,0.00019880588,0.00019635267,0.0001929076,0.00018744169,0.00018136247,0.0001769469,0.00017293611,0.00016672429,0.00015888613,0.00015255093,0.00014956764,0.00014885668,0.00014674514,0.00013978456,0.00012909545,0.0001189944,0.00011217802,0.00010843703,0.0001060065,0.00010427597,0.00010439435,0.00010618733,0.000107695436,0.00010769275,0.0001053555
85,9.9819255e-05,0.00010394045,0.00010511878,0.00010314498,9.994005e-05,9.8796205e-05,0.00010069925,0.00010370624,0.00010736119,0.00011364231,0.00012323285,0.00013324316,0.00013941729,0.0001415555,0.00014348057,0.00014784379,0.00015406562,0.00015959342,0.00016279856,0.0001651952,0.00016979645,0.00017653374,0.00018170397,0.00018394047,0.00018525845,0.00018644097,0.0001870818,0.00018750895,0.00018870525,0.00019219083,0.0001982859,0.00020476253,0.00020967383,0.00021330063,0.00021583245,0.00021655062,0.00021599527,0.00021576084,0.00021621695,0.0002167317,0.00021763457,0.0002192037,0.00022011655,0.00021944464,0.00021846818,0.00021786716,0.0002170394,0.00021684301,0.00021814345,0.00021978766,0.00022045565,0.00021978766,0.00021814345,0.00021684301,0.00021703939,0.00021786717,0.00021846817,0.00021944466,0.00022011655,0.00021920372,0.00021763456,0.00021673169,0.00021621695,0.00021576084,0.00021599527,0.00021655062,0.00021583246,0.00021330062,0.00020967383,0.00020476253,0.0001982859,0.00019219083,0.00018870523,0.00018750894,0.00018708181,0.00018644097,0.00018525845,0.00018394049,0.00018170397,0.00017653374,0.00016979643,0.0001651952,0.00016279856,0.00015959342,0.00015406562,0.00014784379,0.00014348059,0.0001415555,0.0001394173,0.00013324316,0.00012323285,0.00011364231,0.0001073612,0.00010370625,0.00010069925,9.879621e-05,9.994004e-05,0.00010314498,0.00010511877,0.000103940445,9.9819255e-05
86,9.253448e-05,9.938319e-05,0.00010331274,0.000103249295,0.00010098102,0.00010001404,0.00010170979,0.00010408697,0.00010653332,0.00011113941,0.000118696575,0.00012649092,0.00013095426,0.00013271385,0.00013563519,0.00014159578,0.00014880844,0.00015376102,0.0001550716,0.00015528827,0.00015824722,0.00016418932,0.00016916817,0.00017145296,0.00017315854,0.00017532475,0.00017737073,0.00017911206,0.00018131378,0.00018539382,0.00019107593,0.00019618127,0.00019967344,0.00020200436,0.00020328275,0.00020345283,0.00020283274,0.00020191037,0.00020079443,0.00019940785,0.0001988071,0.00020003534,0.00020194646,0.00020305559,0.00020363787,0.00020324804,0.0002010432,0.00019911292,0.00019975967,0.00020198648,0.00020315155,0.00020198649,0.00019975967,0.00019911292,0.0002010432,0.00020324806,0.00020363787,0.00020305559,0.00020194646,0.00020003534,0.0001988071,0.00019940785,0.00020079443,0.00020191037,0.00020283273,0.00020345283,0.00020328276,0.00020200436,0.00019967345,0.00019618128,0.00019107592,0.00018539382,0.00018131378,0.00017911204,0.00017737073,0.00017532476,0.00017315854,0.00017145298,0.00016916815,0.00016418932,0.00015824722,0.00015528827,0.00015507158,0.00015376102,0.00014880844,0.00014159578,0.00013563519,0.00013271385,0.00013095426,0.00012649092,0.000118696575,0.00011113941,0.00010653333,0.00010408697,0.00010170979,0.00010001405,0.00010098102,0.00010324929,0.000103312734,9.93832e-05,9.253448e-05
87,8.669032e-05,9.5976146e-05,0.00010220962,0.00010382841,0.00010282533,0.00010293792,0.000105184634,0.00010701362,0.000107913744,0.0001105229,0.000116072035,0.00012204823,0.00012493416,0.00012551632,0.00012802094,0.0001344792,0.00014264489,0.00014828447,0.0001493365,0.00014804225,0.00014882459,0.00015317628,0.00015781817,0.00016050866,0.00016291851,0.00016631556,0.00016967818,0.00017187824,0.00017372628,0.00017712098,0.000181853,0.00018639378,0.00019036751,0.00019314911,0.00019400702,0.000193871,0.00019341015,0.00019188435,0.00018892024,0.00018545304,0.0001836769,0.00018486759,0.00018736246,0.00018896932,0.00018936634,0.00018793115,0.00018427207,0.00018097926,0.00018094383,0.00018354699,0.00018515525,0.00018354699,0.00018094384,0.00018097926,0.00018427208,0.00018793115,0.00018936634,0.00018896932,0.00018736246,0.00018486759,0.00018367688,0.00018545304,0.00018892022,0.00019188435,0.00019341015,0.000193871,0.000194007,0.00019314913,0.00019036751,0.00018639377,0.00018185299,0.00017712098,0.00017372628,0.00017187823,0.00016967818,0.00016631556,0.00016291851,0.00016050866,0.00015781817,0.00015317628,0.00014882459,0.00014804227,0.00014933651,0.00014828448,0.00014264489,0.0001344792,0.00012802093,0.00012551632,0.00012493414,0.00012204824,0.000116072035,0.0001105229,0.00010791374,0.00010701363,0.000105184634,0.00010293792,0.00010282533,0.00010382841,0.00010220962,9.5976146e-05,8.669032e-05
88,8.256438e-05,9.260788e-05,9.907563e-05,0.00010067287,0.0001003727,0.00010238799,0.000106825944,0.00010976071,0.000110078174,0.00011095729,0.0001147631,0.00011954075,0.000121399185,0.000120727236,0.00012211174,0.00012796068,0.00013605562,0.00014221645,0.00014378791,0.00014199072,0.00014115503,0.00014376052,0.00014764724,0.00015043547,0.00015318824,0.00015732451,0.00016159937,0.0001641722,0.00016567562,0.00016820981,0.00017204706,0.00017666246,0.00018181636,0.00018557873,0.00018651548,0.00018642565,0.00018639318,0.00018442234,0.00017946388,0.00017377126,0.00017079664,0.00017176678,0.000174387,0.00017573853,0.00017495558,0.00017204932,0.00016763946,0.00016378643,0.00016254841,0.00016386474,0.000164968,0.00016386474,0.00016254841,0.00016378643,0.00016763946,0.00017204933,0.00017495558,0.00017573853,0.00017438701,0.00017176678,0.00017079664,0.00017377126,0.00017946388,0.00018442234,0.00018639318,0.00018642565,0.00018651548,0.00018557873,0.00018181634,0.00017666246,0.00017204706,0.00016820981,0.00016567562,0.0001641722,0.00016159938,0.00015732451,0.00015318824,0.00015043549,0.00014764724,0.00014376052,0.00014115503,0.00014199072,0.00014378793,0.00014221644,0.00013605563,0.00012796068,0.00012211174,0.000120727236,0.000121399185,0.00011954076,0.0001147631,0.000110957284,0.00011007818,0.0001097607,0.00010682594,0.00010238799,0.0001003727,0.00010067287,9.907562e-05,9.260788e-05,8.256439e-05
89,7.8721045e-05,8.80675e-05,9.351948e-05,9.4528805e-05,9.5243166e-05,9.993032e-05,0.000107500775,0.000112692185,0.000113343245,0.000112463335,0.00011361635,0.0001162877,0.00011702554,0.00011575152,0.00011645872,0.00012131041,0.00012847662,0.0001345195,0.00013658656,0.00013491031,0.0001332059,0.00013421275,0.0001368869,0.00013931836,0.0001420945,0.00014661338,0.00015192802,0.00015608907,0.00015893602,0.00016161668,0.00016480383,0.00016911303,0.00017436991,0.00017802313,0.00017852386,0.00017815875,0.00017840722,0.00017653295,0.00017082835,0.00016418286,0.00016043811,0.00016053172,0.00016224419,0.00016261809,0.00016056327,0.00015701912,0.00015344408,0.00015046589,0.000148155,0.0001469446,0.00014668208,0.0001469446,0.000148155,0.00015046589,0.00015344407,0.00015701912,0.00016056327,0.00016261809,0.00016224419,0.00016053172,0.0001604381,0.00016418286,0.00017082834,0.00017653295,0.00017840722,0.00017815875,0.00017852386,0.00017802313,0.0001743699,0.00016911303,0.00016480383,0.00016161668,0.00015893602,0.00015608908,0.00015192802,0.0001466134,0.0001420945,0.00013931836,0.0001368869,0.00013421275,0.0001332059,0.00013491031,0.00013658656,0.00013451952,0.00012847662,0.00012131041,0.00011645873,0.00011575152,0.00011702555,0.0001162877,0.00011361635,0.00011246333,0.00011334324,0.00011269218,0.000107500775,9.9930316e-05,9.524316e-05,9.4528805e-05,9.3519484e-05,8.80675e-05,7.8721045e-05
90,7.457732e-05,8.3144274e-05,8.796666e-05,8.9049085e-05,9.111561e-05,9.799932e-05,0.00010771946,0.00011454511,0.000115593124,0.00011311785,0.000111266425,0.00011111506,0.00011038301,0.000108806045,0.00010925448,0.00011307333,0.00011895789,0.00012456949,0.0001272365,0.00012653532,0.00012520296,0.00012542968,0.0001269945,0.0001288181,0.00013130397,0.00013584405,0.00014222022,0.00014873856,0.00015399788,0.00015760533,0.00016030965,0.00016356331,0.0001673532,0.00016936345,0.00016857387,0.0001674993,0.00016778077,0.00016667397,0.00016211398,0.0001565731,0.00015307576,0.00015204563,0.00015199743,0.00015100573,0.00014823832,0.00014502132,0.00014317576,0.00014212212,0.00013989185,0.00013674556,0.00013520487,0.00013674556,0.00013989185,0.00014212212,0.00014317576,0.00014502133,0.00014823832,0.00015100572,0.00015199743,0.00015204564,0.00015307577,0.0001565731,0.00016211397,0.00016667397,0.00016778077,0.0001674993,0.00016857387,0.00016936345,0.00016735318,0.0001635633,0.00016030965,0.00015760533,0.00015399788,0.00014873857,0.00014222023,0.00013584405,0.00013130397,0.0001288181,0.0001269945,0.00012542968,0.00012520296,0.0001265353,0.0001272365,0.00012456949,0.00011895789,0.00011307333,0.00010925448,0.00010880604,0.000110383,0.00011111507,0.000111266425,0.00011311785,0.000115593124,0.0001145451,0.00010771947,9.799932e-05,9.111562e-05,8.9049085e-05,8.796666e-05,8.3144274e-05,7.4577314e-05
91,7.1086455e-05,7.93134e-05,8.4284016e-05,8.563434e-05,8.789256e-05,9.4808354e-05,0.00010459263,0.00011193834,0.00011359854,0.00011088332,0.00010781282,0.0001062048,0.00010448867,0.00010256971,0.00010263402,0.00010524616,0.000109467226,0.0001143447,0.00011807003,0.00011965886,0.000120128374,0.00012048671,0.000121249774,0.00012234865,0.00012406893,0.0001279757,0.00013490603,0.000143284,0.00015030405,0.00015443472,0.0001564502,0.00015814649,0.00015977054,0.0001596703,0.00015754053,0.00015590807,0.00015621757,0.0001560162,0.00015329932,0.00014960335,0.00014686113,0.00014509365,0.00014350895,0.00014153897,0.000138845,0.00013636326,0.00013574101,0.00013627752,0.0001351444,0.0001318655,0.00012994764,0.0001318655,0.00013514441,0.00013627752,0.000135741,0.00013636326,0.000138845,0.00014153897,0.00014350894,0.00014509367,0.00014686113,0.00014960335,0.00015329932,0.0001560162,0.00015621757,0.00015590806,0.00015754053,0.0001596703,0.00015977054,0.00015814649,0.0001564502,0.00015443473,0.00015030405,0.00014328399,0.00013490603,0.0001279757,0.00012406893,0.00012234863,0.000121249774,0.00012048671,0.000120128374,0.00011965886,0.00011807002,0.0001143447,0.000109467226,0.00010524616,0.000102634025,0.00010256971,0.000104488674,0.00010620481,0.00010781282,0.00011088331,0.00011359855,0.00011193834,0.000104592626,9.480836e-05,8.789256e-05,8.563434e-05,8.428402e-05,7.93134e-05,7.1086455e-05
92,6.9086374e-05,7.67119e-05,8.17858e-05,8.291397e-05,8.3844585e-05,8.886914e-05,9.7311284e-05,0.00010474995,0.000107824344,0.000106839194,0.00010499595,0.00010408808,0.00010280369,0.00010103555,0.00010058999,0.000101661106,0.000103853774,0.00010788183,0.00011308161,0.00011750228,0.00011988299,0.0001201588,0.000119859,0.00011990259,0.000120357436,0.00012301523,0.00012971912,0.00013868144,0.00014596674,0.00014973432,0.00015102129,0.00015170951,0.00015220122,0.00015116384,0.00014850537,0.00014656584,0.0001465893,0.00014661803,0.00014488229,0.00014217169,0.00013992863,0.00013814427,0.00013610168,0.00013391004,0.00013169985,0.00012985653,0.00012949288,0.00013039101,0.00013039715,0.00012857385,0.00012731543,0.00012857384,0.00013039715,0.00013039101,0.00012949288,0.00012985652,0.00013169984,0.00013391003,0.00013610168,0.00013814427,0.00013992863,0.00014217169,0.00014488229,0.00014661803,0.0001465893,0.00014656584,0.00014850537,0.00015116383,0.00015220122,0.00015170951,0.00015102129,0.00014973432,0.00014596674,0.00013868144,0.0001297191,0.00012301523,0.000120357436,0.00011990259,0.000119859,0.0001201588,0.000119882985,0.00011750227,0.00011308161,0.000107881824,0.00010385378,0.000101661106,0.00010059,0.000101035555,0.000102803686,0.000104088074,0.00010499594,0.000106839194,0.00010782435,0.00010474995,9.731129e-05,8.886914e-05,8.3844585e-05,8.291396e-05,8.1785794e-05,7.67119e-05,6.9086374e-05
93,6.676876e-05,7.277978e-05,7.7412355e-05,7.8631434e-05,7.8790676e-05,8.202408e-05,8.872684e-05,9.578712e-05,0.00010052047,0.00010250807,0.00010347501,0.00010460907,0.00010472698,0.00010346928,0.00010229376,0.00010179515,0.00010259251,0.00010651915,0.00011327547,0.00011976655,0.00012300312,0.00012244328,0.00012052443,0.00011904738,0.00011812984,0.00011970908,0.0001258004,0.00013393829,0.00013984182,0.0001425223,0.00014379135,0.00014530182,0.00014678233,0.00014635755,0.00014376262,0.00014125393,0.0001400997,0.00013902623,0.00013689222,0.00013440645,0.00013291829,0.00013214142,0.00013074036,0.00012861367,0.0001262487,0.00012425215,0.00012363833,0.00012461201,0.00012594456,0.00012639014,0.0001263178,0.00012639014,0.00012594457,0.000124612,0.00012363833,0.00012425214,0.00012624869,0.00012861367,0.00013074036,0.00013214142,0.00013291829,0.00013440645,0.00013689222,0.00013902623,0.0001400997,0.00014125393,0.00014376262,0.00014635755,0.00014678233,0.00014530183,0.00014379135,0.00014252229,0.00013984184,0.0001339383,0.00012580039,0.00011970909,0.00011812984,0.00011904738,0.00012052444,0.00012244328,0.00012300312,0.000119766555,0.00011327546,0.00010651916,0.00010259251,0.00010179516,0.00010229375,0.000103469276,0.000104726976,0.00010460908,0.00010347501,0.00010250807,0.00010052047,9.578713e-05,8.872684e-05,8.202408e-05,7.8790676e-05,7.8631434e-05,7.7412355e-05,7.277978e-05,6.676876e-05
94,6.243981e-05,6.6248176e-05,7.013863e-05,7.2518975e-05,7.39228e-05,7.673264e-05,8.1517624e-05,8.697604e-05,9.219459e-05,9.686883e-05,0.000101094,0.00010461148,0.00010604108,0.00010499505,0.000103003964,0.00010167668,0.000102604754,0.00010745152,0.000115404524,0.00012296479,0.00012665067,0.00012537782,0.00012163437,0.00011823636,0.00011630717,0.000117832744,0.00012377986,0.00013033168,0.00013342596,0.0001340626,0.00013554847,0.00013905659,0.00014269946,0.00014353768,0.00014124403,0.00013802148,0.00013504714,0.00013195336,0.0001288871,0.0001270031,0.00012711159,0.00012802191,0.00012766245,0.00012551516,0.00012223497,0.00011931118,0.000118650205,0.00012065049,0.00012370605,0.00012589683,0.00012660504,0.00012589683,0.00012370605,0.0001206505,0.000118650205,0.00011931118,0.00012223497,0.00012551516,0.00012766245,0.00012802191,0.00012711159,0.0001270031,0.0001288871,0.00013195336,0.00013504713,0.00013802147,0.00014124403,0.00014353768,0.00014269944,0.0001390566,0.00013554847,0.0001340626,0.00013342596,0.00013033168,0.00012377987,0.00011783274,0.00011630717,0.00011823636,0.00012163438,0.00012537782,0.00012665067,0.00012296479,0.000115404524,0.00010745152,0.000102604754,0.00010167668,0.00010300397,0.00010499505,0.00010604108,0.00010461148,0.000101094,9.686883e-05,9.219459e-05,8.697604e-05,8.151762e-05,7.673264e-05,7.39228e-05,7.2518975e-05,7.013863e-05,6.6248176e-05,6.243981e-05
95,5.749184e-05,5.9531958e-05,6.238093e-05,6.573718e-05,6.901873e-05,7.218949e-05,7.509401e-05,7.813686e-05,8.259475e-05,8.865065e-05,9.513699e-05,0.00010052124,0.000103177954,0.00010272855,0.00010072044,9.945873e-05,0.00010105345,0.000106555104,0.000114865135,0.00012301444,0.00012757289,0.00012646761,0.000121296995,0.000115884526,0.000113229486,0.00011545102,0.00012193167,0.00012728985,0.00012753197,0.00012558304,0.00012643491,0.00013100944,0.000135968,0.0001376271,0.00013588907,0.00013275623,0.00012897716,0.00012487003,0.00012176888,0.000121031524,0.00012267486,0.00012495642,0.00012577827,0.00012423462,0.0001205545,0.00011688202,0.00011636679,0.00011941929,0.00012314829,0.0001251596,0.00012562523,0.0001251596,0.0001231483,0.00011941928,0.0001163668,0.00011688203,0.000120554505,0.00012423462,0.00012577827,0.00012495642,0.00012267486,0.00012103153,0.00012176887,0.00012487004,0.00012897716,0.00013275622,0.00013588907,0.0001376271,0.000135968,0.00013100944,0.00012643493,0.00012558304,0.00012753197,0.00012728985,0.00012193167,0.000115451025,0.000113229486,0.000115884526,0.000121296995,0.00012646762,0.00012757287,0.00012301444,0.000114865135,0.000106555104,0.00010105345,9.945873e-05,0.00010072044,0.00010272855,0.000103177954,0.00010052124,9.513699e-05,8.865065e-05,8.259475e-05,7.813686e-05,7.509401e-05,7.218949e-05,6.901873e-05,6.573718e-05,6.238093e-05,5.9531958e-05,5.7491845e-05
96,5.353744e-05,5.4644355e-05,5.5980745e-05,5.880252e-05,6.274217e-05,6.6027256e-05,6.7614645e-05,6.915491e-05,7.318268e-05,7.959575e-05,8.6522785e-05,9.259106e-05,9.6480326e-05,9.744457e-05,9.6529075e-05,9.598746e-05,9.783577e-05,0.00010283481,0.000110339606,0.00011819265,0.00012306534,0.00012226195,0.0001164628,0.000109767825,0.00010646075,0.000108962384,0.000115973184,0.00012150075,0.00012122987,0.000118270866,0.00011820052,0.00012222085,0.0001266241,0.00012774131,0.00012625221,0.00012425198,0.00012189468,0.00011926197,0.00011751082,0.00011755456,0.000119391494,0.0001220512,0.00012406355,0.00012401555,0.000121131074,0.000117435644,0.00011670092,0.00011928565,0.00012179249,0.00012229307,0.00012208281,0.00012229307,0.00012179249,0.00011928564,0.00011670092,0.000117435644,0.000121131074,0.00012401557,0.00012406355,0.000122051206,0.0001193915,0.000117554555,0.00011751082,0.000119261975,0.00012189467,0.00012425198,0.00012625221,0.00012774131,0.0001266241,0.00012222085,0.000118200514,0.000118270866,0.00012122987,0.00012150075,0.00011597318,0.000108962384,0.00010646075,0.00010976783,0.000116462805,0.00012226193,0.00012306534,0.00011819266,0.0001103396,0.00010283481,9.783577e-05,9.598746e-05,9.652908e-05,9.744457e-05,9.648033e-05,9.2591064e-05,8.6522785e-05,7.959575e-05,7.318268e-05,6.915491e-05,6.7614645e-05,6.6027256e-05,6.274217e-05,5.880252e-05,5.5980745e-05,5.4644355e-05,5.353744e-05
97,5.0917515e-05,5.1974355e-05,5.1973682e-05,5.3350483e-05,5.6676356e-05,5.9520753e-05,6.0603707e-05,6.2221945e-05,6.662827e-05,7.2653915e-05,7.850065e-05,8.400128e-05,8.836982e-05,9.050769e-05,9.114362e-05,9.209597e-05,9.452003e-05,9.862434e-05,0.00010427984,0.00011014413,0.00011342215,0.00011186191,0.00010612226,9.963341e-05,9.615529e-05,9.814714e-05,0.000105053405,0.000111843576,0.000113888804,0.00011256634,0.000112449816,0.00011537372,0.000118297496,0.00011804743,0.000116214986,0.00011536633,0.000115337054,0.00011547982,0.00011573801,0.000116113064,0.00011714047,0.00011922376,0.00012162538,0.00012279846,0.00012131376,0.00011842928,0.00011741093,0.00011868596,0.00011980763,0.000119788885,0.00011959246,0.00011978889,0.000119807635,0.00011868595,0.00011741093,0.00011842928,0.00012131376,0.00012279846,0.00012162538,0.00011922377,0.00011714047,0.00011611306,0.00011573802,0.00011547982,0.000115337054,0.000115366325,0.000116214986,0.00011804743,0.00011829749,0.00011537372,0.00011244982,0.00011256634,0.000113888804,0.000111843576,0.000105053405,9.8147146e-05,9.615529e-05,9.963342e-05,0.00010612226,0.00011186192,0.00011342216,0.00011014413,0.00010427984,9.862435e-05,9.452002e-05,9.209597e-05,9.114362e-05,9.050769e-05,8.836982e-05,8.400128e-05,7.850065e-05,7.2653915e-05,6.662827e-05,6.222195e-05,6.0603707e-05,5.952075e-05,5.6676356e-05,5.335048e-05,5.1973682e-05,5.1974355e-05,5.0917515e-05
98,4.914537e-05,5.1046172e-05,5.0764836e-05,5.1056548e-05,5.3284813e-05,5.544331e-05,5.686302e-05,5.957506e-05,6.4203836e-05,6.882706e-05,7.273808e-05,7.697554e-05,8.090408e-05,8.338658e-05,8.527009e-05,8.7759894e-05,9.076949e-05,9.3741284e-05,9.6922064e-05,0.000100000325,0.000100959354,9.830445e-05,9.314607e-05,8.801647e-05,8.512785e-05,8.653142e-05,9.271415e-05,0.000100313555,0.00010503383,0.00010636228,0.000107200234,0.00010967847,0.000111833106,0.000111126436,0.000109329325,0.00010899315,0.0001100351,0.00011183924,0.00011362673,0.000114395894,0.000114805516,0.000116049836,0.00011784263,0.00011924287,0.00011919858,0.00011797903,0.000117485935,0.000118458316,0.00011998241,0.00012147306,0.00012220613,0.000121473066,0.00011998241,0.00011845831,0.000117485935,0.00011797903,0.00011919858,0.000119242875,0.00011784264,0.000116049836,0.00011480551,0.000114395894,0.00011362673,0.00011183923,0.00011003509,0.00010899314,0.000109329325,0.00011112644,0.000111833106,0.00010967847,0.000107200234,0.00010636228,0.00010503383,0.000100313555,9.271416e-05,8.653143e-05,8.512785e-05,8.8016466e-05,9.314606e-05,9.830446e-05,0.000100959354,0.000100000325,9.692206e-05,9.3741284e-05,9.076949e-05,8.77599e-05,8.5270105e-05,8.338658e-05,8.090408e-05,7.697554e-05,7.273808e-05,6.882706e-05,6.4203836e-05,5.9575064e-05,5.686302e-05,5.544331e-05,5.3284813e-05,5.105655e-05,5.0764833e-05,5.104617e-05,4.914537e-05
99,4.6521825e-05,4.9426806e-05,4.962567e-05,4.942452e-05,5.0650175e-05,5.24872e-05,5.524941e-05,5.9768598e-05,6.447836e-05,6.7469926e-05,6.970584e-05,7.2793315e-05,7.5802076e-05,7.783803e-05,7.998968e-05,8.290144e-05,8.5527965e-05,8.680114e-05,8.7474735e-05,8.846895e-05,8.8519955e-05,8.612134e-05,8.217363e-05,7.8647085e-05,7.682218e-05,7.804154e-05,8.302873e-05,8.990455e-05,9.555892e-05,9.875999e-05,0.0001009769,0.000103920465,0.00010634967,0.0001064445,0.00010564097,0.000105724386,0.000106616426,0.000108454726,0.00011061694,0.000111410525,0.000111327565,0.0001119088,0.000112916765,0.00011394191,0.000114860464,0.00011535613,0.00011613357,0.00011821123,0.00012149281,0.00012505609,0.0001267693,0.00012505609,0.00012149282,0.000118211225,0.000116133575,0.00011535614,0.000114860464,0.000113941904,0.00011291677,0.0001119088,0.00011132756,0.00011141053,0.00011061694,0.00010845472,0.00010661643,0.000105724386,0.00010564097,0.0001064445,0.00010634967,0.000103920465,0.0001009769,9.875999e-05,9.555891e-05,8.990454e-05,8.302873e-05,7.804154e-05,7.682218e-05,7.8647085e-05,8.217363e-05,8.612134e-05,8.8519955e-05,8.846895e-05,8.7474735e-05,8.680114e-05,8.552797e-05,8.2901446e-05,7.998968e-05,7.783803e-05,7.5802076e-05,7.2793315e-05,6.970584e-05,6.7469926e-05,6.447836e-05,5.9768594e-05,5.5249417e-05,5.24872e-05,5.0650175e-05,4.9424518e-05,4.962567e-05,4.9426806e-05,4.6521825e-05
100,4.257565e-05,4.558592e-05,4.5716377e-05,4.4999128e-05,4.5666726e-05,4.7997823e-05,5.274198e-05,5.9270114e-05,6.44821e-05,6.704993e-05,6.9083195e-05,7.1762624e-05,7.352678e-05,7.4093594e-05,7.5238015e-05,7.7597266e-05,7.975839e-05,8.014158e-05,7.931371e-05,7.9010664e-05,7.911984e-05,7.807811e-05,7.577753e-05,7.369389e-05,7.2908675e-05,7.408368e-05,7.767863e-05,8.303371e-05,8.832729e-05,9.225126e-05,9.547267e-05,9.9192395e-05,0.00010235446,0.00010349938,0.000103797975,0.00010447388,0.00010528527,0.000106705724,0.000108328655,0.0001083298,0.00010737311,0.00010738455,0.00010783784,0.000108066415,0.0001085996,0.000109547764,0.00011133569,0.000114871735,0.00011967544,0.00012418343,0.00012616125,0.00012418343,0.00011967544,0.000114871735,0.00011133569,0.000109547764,0.00010859959,0.00010806641,0.00010783784,0.00010738455,0.00010737311,0.0001083298,0.00010832865,0.00010670573,0.00010528527,0.00010447388,0.00010379798,0.00010349938,0.00010235445,9.919239e-05,9.5472664e-05,9.225126e-05,8.832729e-05,8.303371e-05,7.767863e-05,7.408368e-05,7.2908675e-05,7.369389e-05,7.577753e-05,7.807811e-05,7.911984e-05,7.901067e-05,7.931371e-05,8.014157e-05,7.975839e-05,7.7597266e-05,7.5238015e-05,7.409359e-05,7.352679e-05,7.1762624e-05,6.908319e-05,6.704993e-05,6.4482105e-05,5.9270114e-05,5.2741976e-05,4.7997826e-05,4.5666726e-05,4.4999128e-05,4.5716377e-05,4.558592e-05,4.257565e-05
