,0,1,2,3,4,5,6,7,8,9,10,11,12,13,14,15,16,17,18,19,20,21,22,23,24,25,26,27,28,29,30,31,32,33,34,35,36,37,38,39,40,41,42,43,44,45,46,47,48,49,50,51,52,53,54,55,56,57,58,59,60,61,62,63,64,65,66,67,68,69,70,71,72,73,74,75,76,77,78,79,80,81,82,83,84,85,86,87,88,89,90,91,92,93,94,95,96,97,98,99,100
0,6.428311e-05,6.5884626e-05,6.665148e-05,7.02142e-05,7.065473e-05,6.3808846e-05,5.328222e-05,4.3428707e-05,3.2814478e-05,2.1094223e-05,1.6011758e-05,2.3272489e-05,3.779186e-05,5.0578925e-05,5.558946e-05,5.1053343e-05,4.3123946e-05,4.3031985e-05,5.3581472e-05,6.695444e-05,7.456919e-05,7.246633e-05,6.4072985e-05,5.6095414e-05,5.0399307e-05,4.6378947e-05,4.6283258e-05,5.0609382e-05,5.5073924e-05,5.781665e-05,6.305375e-05,7.525787e-05,9.161892e-05,0.00010183058,9.989555e-05,9.183356e-05,8.652741e-05,8.573629e-05,8.759665e-05,9.161954e-05,9.573841e-05,9.570924e-05,9.0060246e-05,8.40055e-05,8.3339524e-05,8.414768e-05,7.835237e-05,6.6668814e-05,5.763916e-05,5.5722085e-05,5.64431e-05,5.5722085e-05,5.7639158e-05,6.6668814e-05,7.835237e-05,8.414769e-05,8.333952e-05,8.40055e-05,9.006024e-05,9.570924e-05,9.573841e-05,9.161954e-05,8.759665e-05,8.573629e-05,8.652742e-05,9.183355e-05,9.989555e-05,0.00010183058,9.161891e-05,7.525787e-05,6.305375e-05,5.781665e-05,5.5073924e-05,5.060938e-05,4.6283258e-05,4.6378947e-05,5.0399307e-05,5.609541e-05,6.407299e-05,7.246633e-05,7.456918e-05,6.695444e-05,5.3581472e-05,4.3031985e-05,4.3123946e-05,5.1053335e-05,5.558946e-05,5.0578925e-05,3.779186e-05,2.3272489e-05,1.6011758e-05,2.1094223e-05,3.2814478e-05,4.3428707e-05,5.328222e-05,6.3808846e-05,7.065473e-05,7.02142e-05,6.665148e-05,6.5884626e-05,6.4283115e-05
1,7.1123744e-05,7.34535e-05,7.498012e-05,7.798628e-05,7.806179e-05,7.226915e-05,6.3435e-05,5.398717e-05,4.0924137e-05,2.4474231e-05,1.4753785e-05,1.9644765e-05,3.387935e-05,4.6898538e-05,5.3309384e-05,5.2555966e-05,4.9387072e-05,5.2549476e-05,6.3595115e-05,7.502706e-05,7.950856e-05,7.423139e-05,6.2939194e-05,5.1759973e-05,4.2800384e-05,3.749765e-05,3.9372193e-05,4.7476846e-05,5.40454e-05,5.5403238e-05,5.834877e-05,7.1059614e-05,9.0424764e-05,0.00010321183,0.00010228196,9.3776645e-05,8.643603e-05,8.334455e-05,8.510239e-05,9.119452e-05,9.744179e-05,9.8458935e-05,9.317052e-05,8.748001e-05,8.7159184e-05,8.7578905e-05,8.047693e-05,6.777517e-05,5.9439888e-05,5.9510494e-05,6.131394e-05,5.9510494e-05,5.943989e-05,6.777517e-05,8.047693e-05,8.757891e-05,8.715918e-05,8.748001e-05,9.317052e-05,9.845893e-05,9.744179e-05,9.1194524e-05,8.510239e-05,8.334456e-05,8.6436026e-05,9.377664e-05,0.00010228196,0.000103211845,9.0424764e-05,7.105962e-05,5.834877e-05,5.5403238e-05,5.4045402e-05,4.7476846e-05,3.9372193e-05,3.7497648e-05,4.280038e-05,5.1759976e-05,6.2939194e-05,7.423139e-05,7.950856e-05,7.502706e-05,6.3595115e-05,5.2549476e-05,4.938707e-05,5.2555966e-05,5.3309384e-05,4.6898534e-05,3.387935e-05,1.9644765e-05,1.4753785e-05,2.4474231e-05,4.0924133e-05,5.398717e-05,6.3435e-05,7.226915e-05,7.806179e-05,7.798628e-05,7.498012e-05,7.345349e-05,7.1123744e-05
2,7.922913e-05,8.164397e-05,8.303371e-05,8.491058e-05,8.371325e-05,7.757928e-05,7.033891e-05,6.388457e-05,5.3616222e-05,3.830473e-05,2.6497682e-05,2.672167e-05,3.6389632e-05,4.699772e-05,5.4338252e-05,5.7349633e-05,5.766599e-05,6.107507e-05,6.970804e-05,7.806694e-05,7.9297875e-05,7.1140224e-05,5.91498e-05,4.999486e-05,4.365201e-05,3.9297553e-05,4.0228762e-05,4.6681766e-05,5.1370513e-05,5.0161212e-05,5.095336e-05,6.3382264e-05,8.439494e-05,0.00010056155,0.000104035986,9.940323e-05,9.3528884e-05,8.9351015e-05,8.93362e-05,9.450077e-05,0.00010066798,0.000101844256,9.673793e-05,9.107155e-05,9.008286e-05,8.9447014e-05,8.22078e-05,7.1141425e-05,6.5442146e-05,6.757176e-05,7.0066846e-05,6.757176e-05,6.544214e-05,7.1141425e-05,8.22078e-05,8.944701e-05,9.008286e-05,9.1071546e-05,9.673794e-05,0.00010184426,0.00010066798,9.450076e-05,8.933621e-05,8.9351015e-05,9.352887e-05,9.940323e-05,0.00010403599,0.00010056155,8.439493e-05,6.3382264e-05,5.0953364e-05,5.0161212e-05,5.1370513e-05,4.668177e-05,4.0228762e-05,3.9297553e-05,4.3652013e-05,4.999486e-05,5.9149803e-05,7.1140224e-05,7.9297875e-05,7.806694e-05,6.970804e-05,6.107507e-05,5.766599e-05,5.734963e-05,5.4338256e-05,4.699772e-05,3.6389636e-05,2.672167e-05,2.6497682e-05,3.830473e-05,5.3616226e-05,6.388457e-05,7.033891e-05,7.757929e-05,8.371325e-05,8.491058e-05,8.3033716e-05,8.1643964e-05,7.9229125e-05
3,8.684711e-05,8.769767e-05,8.560204e-05,8.411722e-05,8.1303435e-05,7.573716e-05,7.1565424e-05,7.0080874e-05,6.636717e-05,5.7555488e-05,4.77179e-05,4.3699343e-05,4.715605e-05,5.4256703e-05,6.136476e-05,6.544255e-05,6.587182e-05,6.694686e-05,7.2035335e-05,7.7727054e-05,7.683999e-05,6.700266e-05,5.6352914e-05,5.328492e-05,5.436946e-05,5.3307776e-05,5.157439e-05,5.238514e-05,5.2617896e-05,4.9281247e-05,4.871846e-05,5.9305155e-05,7.908091e-05,9.738095e-05,0.00010712265,0.00011024751,0.00010965543,0.00010541837,0.00010049387,9.943993e-05,0.00010147129,0.00010102159,9.582599e-05,9.073453e-05,9.007465e-05,9.025309e-05,8.617465e-05,7.991853e-05,7.726124e-05,7.925282e-05,8.103355e-05,7.925282e-05,7.726124e-05,7.9918536e-05,8.617465e-05,9.025309e-05,9.0074645e-05,9.0734524e-05,9.582599e-05,0.000101021586,0.00010147129,9.943992e-05,0.00010049387,0.00010541836,0.000109655426,0.00011024751,0.00010712264,9.738095e-05,7.9080906e-05,5.9305155e-05,4.8718462e-05,4.9281247e-05,5.26179e-05,5.2385138e-05,5.1574392e-05,5.3307776e-05,5.436946e-05,5.3284915e-05,5.6352914e-05,6.700266e-05,7.683999e-05,7.772706e-05,7.203534e-05,6.694686e-05,6.587182e-05,6.544256e-05,6.136475e-05,5.4256703e-05,4.715605e-05,4.3699343e-05,4.77179e-05,5.7555488e-05,6.636717e-05,7.008087e-05,7.1565424e-05,7.573717e-05,8.1303435e-05,8.4117215e-05,8.560204e-05,8.769767e-05,8.684711e-05
4,8.64697e-05,8.588589e-05,7.9677986e-05,7.430471e-05,7.035755e-05,6.705322e-05,6.721499e-05,7.04909e-05,7.275241e-05,7.1354945e-05,6.648088e-05,6.174595e-05,6.132312e-05,6.568585e-05,7.139379e-05,7.372067e-05,7.181504e-05,6.971878e-05,7.100418e-05,7.376887e-05,7.184791e-05,6.339188e-05,5.7336307e-05,6.185562e-05,7.0616996e-05,7.321409e-05,6.8996545e-05,6.3142536e-05,5.8131383e-05,5.4156608e-05,5.4368888e-05,6.300226e-05,7.91346e-05,9.696548e-05,0.000112215675,0.00012386002,0.00012906388,0.00012490971,0.00011529962,0.000107722066,0.00010414211,0.00010014687,9.3678194e-05,8.914048e-05,8.983027e-05,9.274801e-05,9.371412e-05,9.246048e-05,9.066258e-05,8.932855e-05,8.88463e-05,8.932854e-05,9.066259e-05,9.2460476e-05,9.371412e-05,9.2748e-05,8.983027e-05,8.9140485e-05,9.367819e-05,0.00010014687,0.00010414212,0.000107722066,0.00011529962,0.00012490971,0.00012906388,0.00012386002,0.000112215675,9.696548e-05,7.91346e-05,6.300226e-05,5.4368888e-05,5.4156608e-05,5.8131387e-05,6.3142536e-05,6.8996545e-05,7.321408e-05,7.0616996e-05,6.185562e-05,5.7336307e-05,6.339188e-05,7.184791e-05,7.376887e-05,7.100418e-05,6.971878e-05,7.181504e-05,7.372067e-05,7.139379e-05,6.568585e-05,6.132312e-05,6.174596e-05,6.648088e-05,7.1354945e-05,7.275241e-05,7.04909e-05,6.721499e-05,6.705322e-05,7.035755e-05,7.430471e-05,7.9677986e-05,8.5885884e-05,8.64697e-05
5,7.681774e-05,7.6357e-05,6.870816e-05,6.119409e-05,5.7347996e-05,5.8171623e-05,6.367755e-05,7.0010916e-05,7.400071e-05,7.549466e-05,7.417437e-05,7.112631e-05,6.9928436e-05,7.24682e-05,7.625132e-05,7.7066e-05,7.437515e-05,7.116921e-05,6.996293e-05,7.010594e-05,6.820648e-05,6.3869666e-05,6.4110274e-05,7.408502e-05,8.644932e-05,9.0524256e-05,8.43695e-05,7.34127e-05,6.432233e-05,6.065028e-05,6.301263e-05,7.1209244e-05,8.377249e-05,9.889628e-05,0.00011614309,0.00013292878,0.00014192043,0.00013880577,0.00012838654,0.0001183289,0.000110982146,0.000103753046,9.628135e-05,9.239523e-05,9.4044255e-05,9.876241e-05,0.00010262737,0.0001030699,9.917109e-05,9.27161e-05,8.936171e-05,9.27161e-05,9.917109e-05,0.00010306989,0.00010262737,9.876241e-05,9.4044255e-05,9.239523e-05,9.628135e-05,0.000103753046,0.00011098214,0.000118328906,0.00012838654,0.00013880577,0.00014192043,0.00013292878,0.00011614309,9.889628e-05,8.377248e-05,7.120925e-05,6.301263e-05,6.065028e-05,6.432233e-05,7.341271e-05,8.43695e-05,9.052425e-05,8.644932e-05,7.4085016e-05,6.4110274e-05,6.3869666e-05,6.820648e-05,7.010594e-05,6.996293e-05,7.116922e-05,7.437515e-05,7.7066e-05,7.625132e-05,7.24682e-05,6.9928436e-05,7.1126306e-05,7.417437e-05,7.549466e-05,7.40007e-05,7.0010916e-05,6.367755e-05,5.817162e-05,5.7347996e-05,6.119409e-05,6.870816e-05,7.6357e-05,7.681774e-05
6,6.813935e-05,6.7711415e-05,5.9531336e-05,5.0368322e-05,4.758358e-05,5.464558e-05,6.7043846e-05,7.543957e-05,7.718666e-05,7.609186e-05,7.4161624e-05,7.203108e-05,7.1272494e-05,7.2598465e-05,7.4883676e-05,7.622042e-05,7.608537e-05,7.5341646e-05,7.471656e-05,7.3964045e-05,7.2761235e-05,7.2609146e-05,7.714963e-05,8.7672364e-05,9.865151e-05,0.00010225112,9.55351e-05,8.270402e-05,7.169729e-05,6.751614e-05,7.074407e-05,7.962491e-05,9.041149e-05,0.00010155056,0.00011572638,0.00013180576,0.00014200338,0.00014166272,0.00013395908,0.00012415084,0.00011487924,0.000106818785,0.00010120623,9.953163e-05,0.00010167953,0.000105883766,0.00010910142,0.00010858539,0.000102911814,9.3882976e-05,8.9094116e-05,9.3882976e-05,0.000102911814,0.00010858539,0.00010910142,0.000105883766,0.00010167953,9.953164e-05,0.00010120623,0.000106818785,0.000114879236,0.00012415083,0.00013395908,0.00014166272,0.00014200337,0.00013180578,0.00011572638,0.00010155057,9.041149e-05,7.962491e-05,7.074406e-05,6.751614e-05,7.169729e-05,8.270402e-05,9.553509e-05,0.00010225112,9.865151e-05,8.767236e-05,7.714963e-05,7.2609146e-05,7.2761235e-05,7.3964045e-05,7.471656e-05,7.5341646e-05,7.608537e-05,7.622042e-05,7.488367e-05,7.2598465e-05,7.1272494e-05,7.203107e-05,7.4161624e-05,7.609186e-05,7.718666e-05,7.543958e-05,6.7043846e-05,5.464558e-05,4.758358e-05,5.0368326e-05,5.9531336e-05,6.7711415e-05,6.813934e-05
7,6.696851e-05,6.573716e-05,5.595515e-05,4.4495457e-05,4.307164e-05,5.6785648e-05,7.58423e-05,8.5626554e-05,8.410895e-05,7.88668e-05,7.449546e-05,7.206002e-05,7.196024e-05,7.35698e-05,7.600366e-05,7.902125e-05,8.270136e-05,8.671719e-05,8.927136e-05,8.872136e-05,8.723224e-05,8.8825655e-05,9.405293e-05,0.0001009432,0.000107490596,0.00011007273,0.000104774605,9.318006e-05,8.17672e-05,7.557866e-05,7.7285804e-05,8.635816e-05,9.662137e-05,0.000104048195,0.000112395996,0.00012385682,0.000133461,0.00013644107,0.0001324412,0.00012346878,0.00011313493,0.000106057705,0.00010443314,0.0001064457,0.000109331304,0.000111820365,0.00011313292,0.00011271727,0.000109436696,0.0001033624,9.9898054e-05,0.0001033624,0.0001094367,0.00011271727,0.00011313291,0.000111820365,0.0001093313,0.000106445696,0.000104433144,0.000106057705,0.00011313493,0.00012346878,0.00013244119,0.00013644109,0.000133461,0.00012385682,0.00011239599,0.0001040482,9.662137e-05,8.635816e-05,7.7285804e-05,7.557866e-05,8.17672e-05,9.318006e-05,0.000104774605,0.000110072724,0.0001074906,0.000100943194,9.405293e-05,8.882566e-05,8.723224e-05,8.872136e-05,8.927136e-05,8.671719e-05,8.270136e-05,7.902125e-05,7.600366e-05,7.3569805e-05,7.196024e-05,7.206002e-05,7.449546e-05,7.88668e-05,8.410895e-05,8.562655e-05,7.58423e-05,5.678564e-05,4.307164e-05,4.4495453e-05,5.5955148e-05,6.573716e-05,6.696851e-05
8,6.699975e-05,6.5383094e-05,5.4845645e-05,4.2923366e-05,4.391492e-05,6.215265e-05,8.417191e-05,9.371611e-05,9.01709e-05,8.303893e-05,7.781144e-05,7.555613e-05,7.680615e-05,8.063158e-05,8.524414e-05,9.073144e-05,9.828618e-05,0.00010690671,0.00011172866,0.00010957696,0.00010549957,0.00010632797,0.00011033041,0.000112773036,0.00011418565,0.000115205534,0.00011257741,0.00010466542,9.4336596e-05,8.610603e-05,8.470468e-05,9.1265e-05,9.9719764e-05,0.00010481588,0.000109336244,0.00011727338,0.00012650265,0.00013214775,0.00013135126,0.00012418334,0.00011447606,0.00010861864,0.00010932435,0.00011342159,0.000116761425,0.000118090946,0.00011888505,0.000120837045,0.00012236563,0.00012147783,0.00012041132,0.00012147784,0.00012236563,0.00012083704,0.00011888506,0.000118090946,0.000116761425,0.000113421585,0.00010932434,0.00010861864,0.00011447606,0.00012418335,0.00013135126,0.00013214776,0.00012650267,0.00011727339,0.000109336244,0.000104815874,9.9719764e-05,9.126499e-05,8.470469e-05,8.610604e-05,9.4336596e-05,0.00010466542,0.000112577414,0.000115205534,0.00011418565,0.000112773036,0.00011033041,0.00010632796,0.00010549957,0.00010957696,0.000111728674,0.0001069067,9.828618e-05,9.0731446e-05,8.5244144e-05,8.063158e-05,7.680615e-05,7.5556134e-05,7.781145e-05,8.3038925e-05,9.01709e-05,9.371611e-05,8.417191e-05,6.215265e-05,4.391492e-05,4.292337e-05,5.4845645e-05,6.538309e-05,6.699975e-05
9,5.9804428e-05,5.840651e-05,5.039209e-05,4.305086e-05,4.8690144e-05,6.8657755e-05,8.947466e-05,9.768327e-05,9.398539e-05,8.7320295e-05,8.282348e-05,8.187021e-05,8.575979e-05,9.317098e-05,0.00010100956,0.000109480745,0.00012003923,0.00013003232,0.00013255265,0.00012552139,0.00011756803,0.0001169347,0.00012015665,0.00012060096,0.00011909998,0.0001192254,0.0001199384,0.000117147385,0.00010958837,0.000100876336,9.624056e-05,9.7595526e-05,0.000101765036,0.000105171406,0.00010889101,0.000116449155,0.00012680884,0.00013465981,0.00013646163,0.00013214597,0.00012533307,0.00012143606,0.000122172,0.00012536351,0.00012849829,0.000130323,0.00013200579,0.00013499378,0.00013741202,0.00013742787,0.0001368717,0.00013742787,0.00013741203,0.00013499378,0.0001320058,0.000130323,0.00012849829,0.00012536351,0.00012217199,0.00012143606,0.00012533307,0.00013214597,0.00013646165,0.00013465981,0.00012680885,0.00011644917,0.00010889101,0.00010517141,0.000101765036,9.759552e-05,9.624057e-05,0.000100876336,0.00010958837,0.00011714739,0.000119938406,0.0001192254,0.00011909999,0.00012060096,0.00012015665,0.000116934694,0.00011756802,0.00012552139,0.00013255267,0.0001300323,0.00012003922,0.00010948075,0.00010100956,9.317098e-05,8.575979e-05,8.187021e-05,8.282348e-05,8.73203e-05,9.3985385e-05,9.768327e-05,8.947466e-05,6.8657755e-05,4.869014e-05,4.305086e-05,5.039209e-05,5.840651e-05,5.9804428e-05
10,4.6370427e-05,4.5265188e-05,4.3328306e-05,4.5269826e-05,5.678446e-05,7.595519e-05,9.322356e-05,0.00010024903,9.7812605e-05,9.254864e-05,8.9239555e-05,9.0229114e-05,9.717918e-05,0.000107790474,0.000117998454,0.00012762327,0.00013713934,0.00014312474,0.00014007707,0.00012865891,0.000118644995,0.00011729164,0.00012087972,0.0001230029,0.00012336139,0.00012561174,0.00013033161,0.00013262779,0.00012864309,0.00012061121,0.00011332104,0.00010956784,0.00010925165,0.000110533,0.00011342397,0.00012080891,0.0001320977,0.00014194848,0.00014636182,0.00014506694,0.00014217311,0.00014193638,0.00014361668,0.00014582125,0.00014902573,0.00015246635,0.00015439284,0.00015361352,0.00014964028,0.0001441458,0.00014144534,0.0001441458,0.00014964028,0.00015361351,0.00015439285,0.00015246635,0.00014902573,0.00014582125,0.00014361668,0.00014193638,0.00014217311,0.00014506694,0.00014636182,0.00014194846,0.00013209769,0.000120808916,0.00011342397,0.000110532994,0.000109251654,0.00010956784,0.00011332103,0.00012061121,0.00012864308,0.0001326278,0.00013033161,0.00012561175,0.0001233614,0.00012300292,0.00012087972,0.000117291645,0.000118644995,0.00012865891,0.00014007709,0.00014312474,0.00013713934,0.00012762327,0.000117998454,0.000107790474,9.7179174e-05,9.022911e-05,8.923955e-05,9.254863e-05,9.7812605e-05,0.00010024903,9.3223556e-05,7.595519e-05,5.678446e-05,4.5269826e-05,4.3328306e-05,4.5265184e-05,4.6370427e-05
11,3.546371e-05,3.476542e-05,4.0176285e-05,5.2016374e-05,6.778022e-05,8.336888e-05,9.516351e-05,0.000100279096,9.921736e-05,9.614578e-05,9.526425e-05,9.8935154e-05,0.0001076617,0.000118786906,0.00012906446,0.00013721922,0.00014152551,0.00014015305,0.00013249792,0.000121185185,0.00011323186,0.00011319536,0.00011864686,0.000124794,0.00012953694,0.00013511245,0.00014334026,0.00015033994,0.00015061736,0.00014358506,0.00013377701,0.00012672838,0.00012400275,0.00012295443,0.00012306764,0.00012807501,0.00013851946,0.00014973001,0.00015675218,0.00015801583,0.00015798645,0.00016083117,0.00016440476,0.00016725634,0.00017154319,0.00017702623,0.00017894706,0.0001727706,0.00015964231,0.00014585324,0.00013978989,0.00014585324,0.00015964231,0.00017277061,0.00017894707,0.00017702623,0.00017154319,0.00016725635,0.00016440474,0.00016083116,0.00015798645,0.00015801583,0.0001567522,0.00014973001,0.00013851946,0.00012807501,0.00012306764,0.00012295444,0.00012400276,0.00012672838,0.00013377701,0.00014358506,0.00015061736,0.00015033994,0.00014334026,0.00013511244,0.00012953694,0.000124794,0.000118646865,0.00011319536,0.00011323186,0.00012118518,0.00013249792,0.00014015305,0.00014152552,0.00013721922,0.00012906446,0.000118786906,0.000107661705,9.8935154e-05,9.526426e-05,9.614577e-05,9.921736e-05,0.00010027909,9.5163516e-05,8.336888e-05,6.778022e-05,5.2016367e-05,4.0176285e-05,3.476542e-05,3.546371e-05
12,3.3451e-05,3.2992277e-05,4.3386222e-05,6.123113e-05,7.805723e-05,8.844255e-05,9.3227296e-05,9.4318704e-05,9.358445e-05,9.371506e-05,9.721513e-05,0.00010456853,0.00011375577,0.00012270492,0.00013123389,0.00013764242,0.0001373868,0.00013021499,0.000120683966,0.00011264858,0.00010953715,0.00011317467,0.000121684374,0.00013073988,0.00013694563,0.00014255413,0.00015180839,0.0001629539,0.00016884472,0.0001644654,0.00015333806,0.00014422627,0.00014014845,0.00013711408,0.00013457894,0.00013735172,0.00014648736,0.00015740417,0.00016480376,0.0001669967,0.00016779866,0.00017070826,0.00017454519,0.00017838196,0.00018422463,0.0001920806,0.00019594231,0.00018893571,0.00017152261,0.00015223322,0.0001435735,0.00015223322,0.00017152261,0.0001889357,0.00019594231,0.0001920806,0.00018422463,0.00017838196,0.00017454517,0.00017070826,0.00016779866,0.0001669967,0.00016480376,0.00015740417,0.00014648736,0.00013735172,0.00013457894,0.00013711407,0.00014014845,0.00014422626,0.00015333806,0.0001644654,0.00016884474,0.0001629539,0.00015180837,0.00014255411,0.00013694563,0.00013073988,0.000121684374,0.00011317467,0.00010953714,0.00011264859,0.000120683966,0.000130215,0.00013738679,0.00013764242,0.00013123389,0.00012270492,0.00011375577,0.000104568535,9.721514e-05,9.371507e-05,9.358445e-05,9.4318704e-05,9.3227296e-05,8.844255e-05,7.805724e-05,6.123113e-05,4.3386222e-05,3.2992277e-05,3.3451e-05
13,3.834014e-05,3.803365e-05,4.9926475e-05,6.893741e-05,8.4569314e-05,9.043373e-05,8.848104e-05,8.3888415e-05,8.1934595e-05,8.5660766e-05,9.4854266e-05,0.0001063894,0.000115529125,0.000121482015,0.0001281755,0.00013483338,0.00013447923,0.00012629593,0.00011727881,0.000112613714,0.00011414268,0.00012138144,0.00013102008,0.00013854256,0.0001414276,0.00014364014,0.00015163884,0.00016560171,0.00017751804,0.00017809797,0.00016801369,0.00015722949,0.00015123794,0.00014751872,0.00014579983,0.00014931097,0.00015722818,0.00016486447,0.00016883633,0.00016972632,0.00016996231,0.00017108323,0.00017400479,0.00017903013,0.00018673544,0.00019674329,0.00020368666,0.00020078864,0.00018662229,0.00016810812,0.00015923637,0.00016810812,0.0001866223,0.00020078864,0.00020368666,0.00019674329,0.00018673544,0.00017903012,0.00017400477,0.00017108321,0.0001699623,0.00016972632,0.00016883633,0.00016486447,0.00015722818,0.00014931097,0.00014579983,0.00014751872,0.00015123794,0.00015722949,0.00016801369,0.00017809797,0.00017751803,0.00016560171,0.00015163884,0.00014364012,0.0001414276,0.00013854254,0.00013102008,0.00012138144,0.00011414268,0.000112613714,0.00011727881,0.00012629593,0.00013447923,0.00013483338,0.0001281755,0.00012148201,0.00011552913,0.0001063894,9.485426e-05,8.5660766e-05,8.1934595e-05,8.3888415e-05,8.848104e-05,9.0433736e-05,8.4569314e-05,6.89374e-05,4.992648e-05,3.803365e-05,3.8340135e-05
14,4.3601256e-05,4.498234e-05,5.7418718e-05,7.553799e-05,8.941576e-05,9.235851e-05,8.5569e-05,7.555219e-05,7.118914e-05,7.735481e-05,9.1255526e-05,0.0001054552,0.00011342991,0.00011694935,0.00012380043,0.0001340259,0.00013851974,0.00013419476,0.00012758072,0.00012499969,0.00012902272,0.00013733558,0.0001440433,0.00014564034,0.00014332612,0.00014254783,0.0001491804,0.00016398416,0.00017955838,0.0001844262,0.0001760053,0.00016380352,0.00015638309,0.00015464876,0.00015766223,0.00016378277,0.00016920143,0.00017110699,0.0001701384,0.00016908962,0.00016838827,0.00016756686,0.00016938073,0.00017555845,0.00018528233,0.00019677037,0.00020554329,0.00020725302,0.0001999025,0.00018693268,0.00018006016,0.00018693268,0.00019990251,0.00020725302,0.00020554327,0.00019677039,0.00018528235,0.00017555845,0.00016938073,0.00016756686,0.00016838829,0.00016908962,0.0001701384,0.00017110699,0.00016920145,0.00016378277,0.00015766223,0.00015464876,0.00015638309,0.00016380352,0.0001760053,0.0001844262,0.00017955838,0.00016398416,0.00014918041,0.00014254783,0.00014332612,0.00014564034,0.00014404331,0.00013733558,0.00012902272,0.0001249997,0.00012758072,0.00013419476,0.00013851974,0.0001340259,0.00012380042,0.00011694935,0.00011342991,0.00010545519,9.1255526e-05,7.735481e-05,7.118914e-05,7.555219e-05,8.5569e-05,9.235852e-05,8.941576e-05,7.553799e-05,5.741872e-05,4.4982335e-05,4.3601256e-05
15,4.645951e-05,5.1124127e-05,6.4785454e-05,8.158364e-05,9.373925e-05,9.587919e-05,8.780762e-05,7.505354e-05,6.8466834e-05,7.481736e-05,8.9721754e-05,0.000102932376,0.0001081528,0.0001105438,0.00012041478,0.00013696178,0.00014881174,0.00015075461,0.00014742152,0.00014535463,0.0001489842,0.0001555495,0.0001572913,0.00015286912,0.00014778078,0.0001472024,0.0001534097,0.00016635706,0.00018098284,0.000186892,0.00017973952,0.00016755861,0.00016038299,0.00016174726,0.00016956823,0.00017772219,0.00018040853,0.00017753322,0.00017343316,0.00017148367,0.00017021724,0.00016762906,0.0001670036,0.0001718933,0.00018213008,0.00019425114,0.00020324078,0.00020676246,0.00020385247,0.00019601476,0.00019145393,0.00019601476,0.00020385248,0.00020676246,0.00020324076,0.00019425114,0.0001821301,0.00017189332,0.0001670036,0.00016762907,0.00017021724,0.00017148368,0.00017343316,0.00017753322,0.00018040853,0.00017772219,0.00016956823,0.00016174726,0.000160383,0.0001675586,0.00017973952,0.000186892,0.00018098282,0.00016635706,0.0001534097,0.0001472024,0.00014778078,0.0001528691,0.0001572913,0.0001555495,0.0001489842,0.00014535463,0.00014742152,0.00015075461,0.00014881174,0.00013696178,0.00012041478,0.0001105438,0.00010815281,0.000102932376,8.9721754e-05,7.481736e-05,6.8466834e-05,7.505354e-05,8.780761e-05,9.5879186e-05,9.373925e-05,8.158364e-05,6.478546e-05,5.1124127e-05,4.6459514e-05
16,5.0267285e-05,5.737208e-05,7.106424e-05,8.502343e-05,9.532896e-05,9.938117e-05,9.457109e-05,8.326711e-05,7.632605e-05,8.127175e-05,9.3494134e-05,0.0001030641,0.000105335,0.00010744043,0.00012038297,0.00014199925,0.0001595597,0.000167166,0.0001672745,0.00016486636,0.00016581695,0.0001688532,0.00016705657,0.00016126796,0.00015845697,0.00016116042,0.00016733102,0.00017607523,0.00018594519,0.00019035948,0.00018499987,0.00017506265,0.00016894744,0.00017091322,0.00017968132,0.00018852367,0.00019055659,0.0001863197,0.00018169105,0.00018009229,0.00017928422,0.0001758596,0.00017167511,0.00017238804,0.00018071049,0.00019258924,0.00020115949,0.00020344644,0.00019982003,0.0001932125,0.00018978895,0.0001932125,0.00019982002,0.00020344646,0.00020115949,0.00019258924,0.00018071049,0.00017238806,0.00017167511,0.0001758596,0.00017928422,0.00018009229,0.00018169107,0.0001863197,0.00019055659,0.00018852367,0.00017968132,0.0001709132,0.00016894744,0.00017506265,0.00018499987,0.00019035948,0.00018594519,0.00017607522,0.00016733103,0.00016116042,0.00015845697,0.00016126796,0.00016705657,0.0001688532,0.00016581695,0.00016486637,0.0001672745,0.000167166,0.00015955968,0.00014199925,0.00012038297,0.00010744042,0.000105335,0.00010306411,9.3494134e-05,8.127175e-05,7.632605e-05,8.326711e-05,9.4571085e-05,9.938117e-05,9.5328964e-05,8.502342e-05,7.106424e-05,5.7372075e-05,5.0267285e-05
17,5.8088674e-05,6.532569e-05,7.6170814e-05,8.561209e-05,9.422369e-05,0.00010172793,0.00010301475,9.720716e-05,9.294166e-05,9.647317e-05,0.000104593404,0.00011077518,0.0001118255,0.000113205584,0.00012476704,0.00014544508,0.00016462435,0.00017673551,0.00018089608,0.0001787082,0.00017652015,0.00017626042,0.00017434609,0.00017266336,0.00017550994,0.00018149681,0.00018694639,0.00019178324,0.00019695227,0.00019919977,0.00019540502,0.00018839835,0.00018333204,0.00018353637,0.00018970892,0.00019714783,0.000199175,0.000196067,0.00019353186,0.00019430314,0.00019587111,0.0001935102,0.00018686947,0.00018314135,0.00018848287,0.0001997847,0.0002086881,0.00020933597,0.00020231568,0.00019399758,0.00019055666,0.00019399758,0.00020231568,0.00020933597,0.00020868808,0.0001997847,0.00018848287,0.00018314135,0.00018686947,0.0001935102,0.00019587111,0.00019430315,0.00019353186,0.00019606699,0.000199175,0.00019714783,0.00018970892,0.00018353635,0.00018333204,0.00018839836,0.00019540501,0.00019919977,0.00019695227,0.00019178324,0.00018694637,0.0001814968,0.00017550995,0.00017266336,0.00017434607,0.00017626042,0.00017652015,0.0001787082,0.00018089607,0.00017673551,0.00016462433,0.00014544508,0.00012476704,0.00011320558,0.00011182551,0.00011077518,0.0001045934,9.6473166e-05,9.294166e-05,9.720716e-05,0.00010301474,0.00010172793,9.422369e-05,8.561209e-05,7.6170814e-05,6.5325694e-05,5.8088674e-05
18,6.702903e-05,7.2561954e-05,7.890297e-05,8.4298e-05,9.202557e-05,0.000102262966,0.000109431974,0.00011124059,0.00011211958,0.00011516445,0.0001200799,0.0001254473,0.00012830546,0.00012892061,0.00013423992,0.00014757687,0.00016453999,0.00018002489,0.00018825005,0.00018689354,0.0001828503,0.00018187269,0.0001834671,0.00018826472,0.00019587856,0.00020234694,0.00020615311,0.00020963761,0.00021348997,0.00021461895,0.00021111706,0.00020555838,0.0002011938,0.0001997723,0.00020224041,0.00020575027,0.0002060445,0.0002049153,0.000206919,0.00021231196,0.00021773591,0.0002181549,0.00021192369,0.00020623316,0.00020914288,0.00022005558,0.00023084844,0.000232267,0.00022357781,0.00021390116,0.00021028431,0.00021390116,0.00022357781,0.00023226699,0.00023084845,0.00022005558,0.00020914289,0.00020623316,0.0002119237,0.0002181549,0.00021773591,0.00021231196,0.00020691901,0.0002049153,0.00020604448,0.00020575027,0.00020224041,0.0001997723,0.0002011938,0.00020555838,0.00021111705,0.00021461895,0.00021348997,0.0002096376,0.0002061531,0.00020234694,0.00019587856,0.00018826472,0.0001834671,0.00018187267,0.0001828503,0.00018689354,0.00018825005,0.00018002487,0.00016453999,0.00014757687,0.00013423992,0.0001289206,0.00012830546,0.00012544729,0.0001200799,0.00011516444,0.00011211958,0.00011124059,0.00010943197,0.000102262966,9.202556e-05,8.429801e-05,7.890297e-05,7.256196e-05,6.702903e-05
19,7.2752184e-05,7.619718e-05,7.9477235e-05,8.348773e-05,9.112815e-05,0.00010170897,0.00011184881,0.00012010458,0.00012625355,0.0001299167,0.000133996,0.00014149303,0.00014862095,0.00014995289,0.0001487704,0.00015289208,0.00016504554,0.00018076086,0.00019035958,0.00018946978,0.00018583822,0.00018748366,0.00019447262,0.00020441759,0.00021370068,0.00021884494,0.00022184782,0.00022680717,0.00023266004,0.00023442249,0.00023022637,0.00022352808,0.00021845149,0.0002164254,0.00021652965,0.0002159925,0.00021403935,0.00021486686,0.00022145294,0.00023110982,0.00023990456,0.0002441436,0.00024190372,0.0002379067,0.00023946226,0.00024914223,0.00026126928,0.0002652776,0.00025907476,0.00025180404,0.00024938374,0.00025180404,0.00025907473,0.0002652776,0.00026126928,0.00024914223,0.00023946227,0.0002379067,0.0002419037,0.0002441436,0.00023990456,0.00023110982,0.00022145294,0.00021486686,0.00021403935,0.0002159925,0.00021652965,0.0002164254,0.00021845149,0.00022352808,0.00023022637,0.00023442248,0.00023266004,0.00022680717,0.00022184783,0.00021884494,0.0002137007,0.00020441759,0.00019447262,0.00018748366,0.00018583822,0.00018946978,0.0001903596,0.00018076086,0.00016504554,0.00015289208,0.0001487704,0.0001499529,0.00014862095,0.00014149303,0.000133996,0.00012991669,0.00012625355,0.00012010458,0.00011184881,0.000101708974,9.112815e-05,8.348772e-05,7.9477235e-05,7.6197175e-05,7.2752184e-05
20,7.463011e-05,7.834745e-05,8.21247e-05,8.728205e-05,9.438569e-05,0.000102050544,0.00011091281,0.00012239977,0.00013322194,0.00013963255,0.00014537713,0.00015507839,0.00016477023,0.00016716585,0.0001630167,0.00016092467,0.00016709545,0.00017841272,0.00018565732,0.00018567406,0.00018619756,0.00019376764,0.00020602549,0.00021809607,0.00022645203,0.00023048953,0.00023457967,0.00024243946,0.00025092583,0.0002535489,0.0002477784,0.00023771064,0.0002303897,0.00022887492,0.0002296518,0.00022833131,0.00022613356,0.00022838626,0.00023710263,0.00024870722,0.00025959025,0.0002680424,0.00027200964,0.00027199887,0.0002725436,0.00027852162,0.00028851026,0.00029485297,0.00029558752,0.00029618345,0.0002972157,0.00029618345,0.00029558752,0.00029485297,0.00028851026,0.00027852162,0.0002725436,0.00027199887,0.0002720096,0.0002680424,0.00025959025,0.00024870722,0.00023710263,0.00022838626,0.00022613356,0.00022833131,0.00022965179,0.00022887492,0.0002303897,0.00023771064,0.00024777837,0.0002535489,0.00025092583,0.00024243948,0.00023457968,0.00023048953,0.00022645203,0.00021809607,0.0002060255,0.00019376766,0.00018619755,0.00018567407,0.00018565732,0.00017841272,0.00016709545,0.00016092467,0.0001630167,0.00016716585,0.00016477023,0.00015507839,0.00014537713,0.00013963255,0.00013322194,0.00012239977,0.00011091281,0.000102050544,9.438569e-05,8.728205e-05,8.21247e-05,7.8347446e-05,7.463011e-05
21,7.382364e-05,8.116474e-05,8.774379e-05,9.43076e-05,9.987341e-05,0.00010312194,0.00010819632,0.0001201649,0.00013528604,0.00014676448,0.00015529957,0.00016398786,0.00017079565,0.00017192226,0.00016786519,0.0001639591,0.00016521453,0.00017040494,0.00017442774,0.00017769256,0.00018684605,0.00020345736,0.0002207727,0.0002329997,0.00023920552,0.00024224696,0.00024755474,0.00025706884,0.0002657929,0.00026740896,0.00025980998,0.00024689123,0.00023776914,0.00023757381,0.00024113723,0.00024244736,0.00024273906,0.00024640953,0.00025542732,0.0002673118,0.00027898813,0.00028996094,0.00029871278,0.00030258158,0.0003024446,0.00030345394,0.00030864053,0.00031625482,0.0003257469,0.00033674092,0.00034225165,0.00033674092,0.0003257469,0.0003162548,0.00030864053,0.00030345394,0.00030244456,0.00030258158,0.00029871275,0.00028996094,0.00027898813,0.0002673118,0.00025542732,0.00024640956,0.00024273904,0.00024244735,0.00024113723,0.00023757381,0.00023776916,0.00024689123,0.00025980998,0.000267409,0.00026579289,0.00025706884,0.00024755474,0.00024224696,0.00023920553,0.00023299971,0.0002207727,0.00020345734,0.00018684605,0.00017769256,0.00017442774,0.00017040495,0.00016521453,0.00016395909,0.00016786519,0.00017192226,0.00017079565,0.00016398786,0.00015529957,0.00014676448,0.00013528604,0.00012016489,0.00010819631,0.000103121936,9.98734e-05,9.4307594e-05,8.7743785e-05,8.116474e-05,7.382364e-05
22,7.180061e-05,8.2761944e-05,9.1087626e-05,9.817282e-05,0.000103668746,0.00010557956,0.000107924025,0.00011804278,0.00013478578,0.00015045199,0.0001607709,0.00016570259,0.00016657515,0.0001650972,0.00016232702,0.0001595333,0.00015909577,0.00016093058,0.0001640158,0.00017234086,0.00019137475,0.000217406,0.00023948606,0.000251621,0.00025592302,0.00025794213,0.00026307756,0.0002714516,0.00027743075,0.00027668616,0.00026866596,0.00025601147,0.00024736143,0.00024906744,0.00025583358,0.0002609978,0.00026484634,0.00027015057,0.00027922064,0.00029106752,0.00030231714,0.00031282203,0.00032309795,0.0003299604,0.00033080275,0.000328664,0.00032897908,0.00033552223,0.00034996142,0.00036750414,0.00037578223,0.00036750414,0.00034996142,0.00033552223,0.00032897908,0.00032866397,0.00033080275,0.00032996043,0.00032309795,0.00031282203,0.00030231714,0.00029106752,0.00027922064,0.0002701506,0.0002648463,0.0002609978,0.00025583358,0.00024906744,0.00024736143,0.00025601147,0.00026866596,0.00027668616,0.00027743075,0.0002714516,0.00026307756,0.00025794213,0.00025592302,0.000251621,0.00023948606,0.00021740599,0.00019137474,0.00017234086,0.0001640158,0.00016093056,0.00015909577,0.0001595333,0.00016232702,0.00016509721,0.00016657516,0.00016570259,0.0001607709,0.00015045199,0.00013478578,0.00011804278,0.00010792403,0.00010557956,0.00010366873,9.8172815e-05,9.1087626e-05,8.276195e-05,7.1800605e-05
23,7.216842e-05,8.4001374e-05,9.168894e-05,9.923357e-05,0.00010792391,0.00011325434,0.00011536328,0.000121460645,0.00013477818,0.00015022742,0.00016039607,0.00016265227,0.00016084017,0.00015921143,0.00015760153,0.00015566192,0.00015563003,0.00015788054,0.00016273884,0.00017569384,0.00020126087,0.00023317963,0.00025853116,0.00027118102,0.0002749568,0.0002764289,0.00027972978,0.00028432845,0.0002863924,0.00028451995,0.00027885364,0.00026956463,0.00026358414,0.00026797072,0.00027811242,0.00028692157,0.00029322915,0.00029905178,0.00030832717,0.00032144674,0.00033329224,0.00034232181,0.00035140078,0.00035941554,0.00036199042,0.0003589092,0.00035491795,0.00035691363,0.0003692178,0.0003861102,0.0003941737,0.0003861102,0.0003692178,0.00035691363,0.00035491792,0.00035890922,0.00036199042,0.00035941554,0.00035140078,0.00034232181,0.00033329224,0.00032144674,0.00030832714,0.00029905178,0.00029322915,0.00028692157,0.00027811242,0.00026797072,0.00026358414,0.00026956463,0.00027885364,0.00028451998,0.0002863924,0.00028432842,0.00027972978,0.00027642888,0.0002749568,0.00027118102,0.00025853116,0.00023317963,0.00020126087,0.00017569383,0.00016273884,0.00015788054,0.00015563003,0.00015566192,0.00015760152,0.00015921143,0.00016084017,0.00016265227,0.00016039607,0.00015022742,0.00013477818,0.000121460645,0.000115363284,0.00011325433,0.000107923915,9.923356e-05,9.168894e-05,8.400137e-05,7.216842e-05
24,7.978131e-05,9.044749e-05,9.6248616e-05,0.00010398216,0.000116276635,0.00012607058,0.0001290573,0.00013065661,0.00013717246,0.00014772222,0.00015598777,0.0001591441,0.00016116138,0.00016388498,0.00016355491,0.00016044296,0.00016007932,0.000163964,0.00017152244,0.00018707517,0.00021430169,0.0002472289,0.0002737011,0.0002875447,0.00029227248,0.0002937047,0.00029455527,0.00029487986,0.0002942801,0.00029377994,0.0002926336,0.00028823677,0.00028562406,0.00029208744,0.00030470837,0.00031660823,0.0003245161,0.00032954145,0.00033825942,0.00035360537,0.0003684395,0.00037727208,0.00038340501,0.0003893465,0.00039193087,0.00038865051,0.00038180727,0.00037827183,0.00038378706,0.00039464686,0.0004001731,0.0003946469,0.00038378706,0.00037827186,0.00038180727,0.00038865054,0.00039193087,0.0003893465,0.00038340501,0.00037727208,0.0003684395,0.00035360534,0.00033825944,0.00032954145,0.0003245161,0.00031660823,0.00030470837,0.00029208747,0.00028562406,0.00028823677,0.0002926336,0.00029377994,0.0002942801,0.00029487986,0.00029455527,0.00029370474,0.00029227248,0.0002875447,0.00027370112,0.0002472289,0.0002143017,0.00018707517,0.00017152244,0.00016396398,0.00016007932,0.00016044296,0.00016355491,0.00016388498,0.00016116138,0.0001591441,0.00015598777,0.00014772222,0.00013717246,0.00013065661,0.00012905728,0.00012607056,0.000116276635,0.000103982165,9.624861e-05,9.0447495e-05,7.978131e-05
25,9.344798e-05,0.00010214742,0.000106194915,0.000112806316,0.00012552513,0.00013695995,0.00014064997,0.00013995898,0.00014120221,0.00014553397,0.00014995114,0.00015449338,0.00016308154,0.00017369496,0.00017802585,0.00017585166,0.00017541701,0.00017948059,0.00018665788,0.00020066356,0.00022530422,0.00025563315,0.00028132892,0.00029653343,0.0003030336,0.00030555925,0.00030649724,0.00030647073,0.00030669384,0.0003088417,0.00031145668,0.00031112076,0.00031094428,0.00031719237,0.00032971945,0.00034402014,0.00035462083,0.00035944793,0.000365767,0.0003803892,0.00039700436,0.00040647754,0.00041032187,0.0004133915,0.00041489766,0.00041224266,0.00040599352,0.00040022918,0.00039890493,0.00040131152,0.00040296844,0.00040131152,0.0003989049,0.00040022918,0.00040599352,0.00041224266,0.00041489763,0.0004133915,0.00041032187,0.00040647754,0.00039700436,0.0003803892,0.00036576702,0.00035944793,0.00035462083,0.00034402014,0.00032971945,0.00031719237,0.00031094428,0.00031112076,0.00031145668,0.00030884173,0.00030669384,0.00030647073,0.00030649724,0.00030555928,0.0003030336,0.00029653343,0.00028132892,0.00025563312,0.00022530422,0.00020066356,0.00018665788,0.00017948059,0.00017541701,0.00017585166,0.00017802585,0.00017369496,0.00016308154,0.00015449338,0.00014995116,0.00014553397,0.00014120221,0.00013995898,0.00014064997,0.00013695996,0.00012552513,0.000112806316,0.000106194915,0.000102147416,9.3447976e-05
26,0.00010492839,0.00011229398,0.000116614014,0.00012193184,0.00013167493,0.00014128374,0.00014574583,0.00014704828,0.0001485304,0.00014930427,0.0001484222,0.0001504531,0.00016195746,0.00017985469,0.00019277819,0.00019771916,0.00020087462,0.0002036703,0.00020536802,0.00021292642,0.000232675,0.00025974677,0.00028431322,0.00030057816,0.000308732,0.00031326755,0.0003175904,0.0003221832,0.00032689996,0.0003315788,0.00033516358,0.0003364579,0.00033759244,0.00034248008,0.00035310848,0.00036832955,0.00038197092,0.00038807903,0.00039154702,0.00040162337,0.00041585922,0.00042538703,0.0004298898,0.00043349626,0.00043580314,0.00043508405,0.00043185128,0.0004271394,0.00042167996,0.00041691767,0.00041496288,0.00041691767,0.00042167996,0.00042713943,0.00043185128,0.00043508405,0.00043580317,0.00043349626,0.0004298898,0.00042538706,0.00041585922,0.00040162337,0.00039154704,0.00038807903,0.00038197092,0.00036832952,0.00035310848,0.00034248008,0.00033759244,0.0003364579,0.00033516358,0.0003315788,0.00032689996,0.0003221832,0.0003175904,0.00031326755,0.000308732,0.00030057813,0.00028431322,0.00025974677,0.000232675,0.00021292642,0.00020536804,0.0002036703,0.00020087461,0.00019771917,0.00019277819,0.00017985469,0.00016195746,0.0001504531,0.0001484222,0.00014930425,0.0001485304,0.00014704828,0.00014574584,0.00014128374,0.00013167493,0.00012193184,0.000116614014,0.00011229398,0.0001049284
27,0.00010798123,0.00011640237,0.00012465878,0.00013130806,0.00013767969,0.00014375529,0.00014918325,0.00015572872,0.00016222954,0.00016334461,0.00015800798,0.00015472584,0.00016388211,0.00018399814,0.00020391187,0.00021818106,0.0002276611,0.00022980821,0.0002250686,0.00022560761,0.00024146082,0.0002674412,0.00029247536,0.00030987855,0.000318794,0.00032388137,0.00033044105,0.00034012363,0.00035053273,0.0003578149,0.00036111922,0.0003628544,0.0003653605,0.00036970866,0.00037791693,0.00039119963,0.0004044994,0.0004112025,0.0004139791,0.00042084343,0.00043186054,0.00044139175,0.0004494574,0.00045809872,0.00046462048,0.0004665158,0.00046480173,0.00046039678,0.00045349717,0.00044634173,0.00044315006,0.00044634173,0.00045349717,0.00046039678,0.00046480176,0.0004665158,0.00046462048,0.00045809872,0.0004494574,0.00044139175,0.00043186054,0.00042084343,0.00041397908,0.0004112025,0.0004044994,0.00039119963,0.00037791693,0.00036970866,0.00036536052,0.0003628544,0.00036111925,0.00035781492,0.00035053273,0.00034012363,0.00033044105,0.00032388137,0.00031879402,0.00030987855,0.00029247536,0.0002674412,0.00024146083,0.00022560761,0.0002250686,0.00022980821,0.0002276611,0.00021818106,0.00020391186,0.00018399814,0.00016388211,0.00015472586,0.000158008,0.00016334461,0.00016222954,0.00015572872,0.00014918327,0.00014375529,0.00013767969,0.00013130807,0.00012465878,0.00011640237,0.000107981235
28,0.00010541732,0.0001160964,0.00012894566,0.00013893357,0.00014485147,0.00014917811,0.00015556747,0.00016644089,0.00017789053,0.00018120566,0.0001743891,0.00016759793,0.00017309174,0.00019126572,0.00021336222,0.00023319575,0.00024710616,0.00024998095,0.00024352034,0.00024177638,0.00025601513,0.00028159472,0.00030719562,0.00032571884,0.0003351055,0.00033853023,0.0003435501,0.0003557612,0.0003718753,0.00038323057,0.00038787254,0.00039123883,0.00039592417,0.00040023983,0.00040556813,0.0004144803,0.00042348937,0.0004284562,0.0004326183,0.0004407377,0.0004514414,0.00046198713,0.00047467597,0.00049029,0.00050247234,0.00050605816,0.0005029539,0.0004971576,0.0004910894,0.00048618112,0.00048415258,0.00048618112,0.0004910894,0.0004971576,0.0005029539,0.0005060581,0.00050247234,0.00049029,0.00047467597,0.00046198713,0.0004514414,0.00044073767,0.00043261828,0.00042845617,0.00042348937,0.0004144803,0.00040556813,0.00040023983,0.00039592414,0.00039123883,0.00038787254,0.00038323057,0.0003718753,0.0003557612,0.0003435501,0.00033853026,0.0003351055,0.0003257188,0.00030719562,0.00028159472,0.00025601513,0.00024177638,0.00024352035,0.00024998095,0.00024710616,0.00023319575,0.00021336222,0.00019126572,0.00017309173,0.00016759793,0.0001743891,0.00018120566,0.00017789053,0.00016644088,0.00015556747,0.00014917811,0.00014485147,0.00013893357,0.00012894564,0.0001160964,0.00010541732
29,0.00010579667,0.00011589973,0.00012800583,0.00013908371,0.0001480119,0.0001555601,0.00016378025,0.00017507309,0.00018656426,0.00019038914,0.00018483165,0.00017926621,0.00018444748,0.00020142885,0.00022397687,0.0002457572,0.00026111124,0.00026601998,0.00026342174,0.0002638566,0.0002758183,0.00029710808,0.00031944166,0.00033706735,0.00034688026,0.00034937976,0.0003533392,0.0003685314,0.0003913936,0.00040885797,0.0004171359,0.00042335686,0.0004299914,0.0004338903,0.0004371705,0.00044336286,0.00044913994,0.00045223683,0.00045753445,0.0004677245,0.0004791323,0.0004904282,0.0005060286,0.0005262799,0.0005419199,0.0005453549,0.0005400781,0.000533998,0.0005311563,0.0005306904,0.00053067744,0.00053069036,0.0005311563,0.000533998,0.0005400781,0.0005453549,0.0005419199,0.00052627997,0.0005060286,0.0004904282,0.0004791323,0.0004677245,0.00045753445,0.0004522368,0.00044913994,0.00044336286,0.0004371705,0.00043389027,0.0004299914,0.00042335686,0.0004171359,0.00040885794,0.0003913936,0.0003685314,0.0003533392,0.00034937976,0.0003468803,0.00033706735,0.00031944166,0.00029710808,0.0002758183,0.0002638566,0.00026342177,0.00026602,0.00026111124,0.0002457572,0.00022397688,0.00020142883,0.00018444748,0.00017926621,0.00018483165,0.00019038915,0.00018656424,0.00017507309,0.00016378023,0.0001555601,0.0001480119,0.00013908371,0.00012800583,0.00011589974,0.00010579668
30,0.000112114394,0.00011759746,0.00012376571,0.00013311602,0.00014677839,0.00016100737,0.0001716104,0.00017967122,0.0001862261,0.00018825661,0.00018592822,0.00018579685,0.00019423907,0.00021195346,0.00023511225,0.00025770708,0.00027405377,0.0002827888,0.00028649118,0.00028929306,0.00029631043,0.00030957765,0.00032520332,0.00033899036,0.00034843275,0.0003535222,0.000362425,0.00038408855,0.0004134418,0.00043624878,0.00044851738,0.00045736285,0.00046470473,0.00046828337,0.00047245732,0.00048079176,0.00048826088,0.0004919337,0.0004971365,0.00050685706,0.00051729643,0.0005275033,0.00054261595,0.00056333,0.0005796863,0.00058281,0.00057693693,0.00057227776,0.00057335326,0.0005770339,0.00057873374,0.0005770339,0.00057335326,0.00057227776,0.00057693693,0.00058281,0.0005796863,0.00056333,0.00054261595,0.0005275033,0.00051729643,0.00050685706,0.0004971365,0.0004919337,0.0004882609,0.00048079176,0.00047245732,0.00046828337,0.00046470473,0.00045736288,0.0004485174,0.00043624878,0.0004134418,0.00038408855,0.000362425,0.0003535222,0.00034843272,0.00033899033,0.00032520335,0.00030957765,0.00029631043,0.00028929306,0.00028649115,0.0002827888,0.00027405377,0.00025770708,0.00023511225,0.00021195348,0.00019423907,0.00018579685,0.0001859282,0.00018825661,0.00018622611,0.00017967122,0.0001716104,0.00016100737,0.00014677839,0.00013311602,0.00012376571,0.00011759746,0.0001121144
31,0.00012015788,0.0001202536,0.00012193632,0.00013068109,0.00014794328,0.00016591384,0.0001759389,0.00017922527,0.00018082559,0.00018248506,0.00018559073,0.0001921419,0.00020345105,0.00022059442,0.0002428119,0.00026517553,0.000283,0.00029633337,0.00030536638,0.00030916088,0.00031185278,0.0003191592,0.000329824,0.00034001438,0.00034923095,0.00036039637,0.00037936986,0.00040826306,0.0004396746,0.00046345041,0.0004781026,0.0004886621,0.00049581483,0.00049976277,0.000506956,0.0005199809,0.0005320788,0.00053908327,0.00054566626,0.00055527745,0.00056467816,0.0005727699,0.00058503647,0.00060371286,0.0006202841,0.00062532874,0.0006215626,0.0006189465,0.00062248536,0.0006286085,0.0006313818,0.0006286085,0.0006224854,0.0006189465,0.0006215626,0.00062532874,0.0006202841,0.00060371286,0.00058503647,0.0005727699,0.00056467816,0.00055527745,0.00054566626,0.00053908327,0.0005320788,0.0005199809,0.000506956,0.00049976277,0.00049581483,0.0004886621,0.0004781026,0.0004634504,0.0004396746,0.00040826306,0.00037936986,0.00036039637,0.00034923095,0.0003400144,0.00032982402,0.0003191592,0.00031185278,0.0003091609,0.00030536638,0.00029633337,0.000283,0.00026517556,0.00024281189,0.00022059443,0.00020345105,0.0001921419,0.00018559073,0.00018248506,0.00018082559,0.00017922526,0.00017593888,0.00016591384,0.0001479433,0.00013068109,0.00012193632,0.00012025359,0.000120157885
32,0.00012640063,0.00012360593,0.00012623788,0.00013742517,0.00015500464,0.00016952536,0.00017432519,0.00017355317,0.00017387528,0.00017849781,0.00018792873,0.00019943964,0.0002109636,0.000225285,0.0002449249,0.00026660177,0.00028619962,0.00030304352,0.0003151095,0.00032016332,0.0003226816,0.000329198,0.0003393446,0.00034964154,0.00036129128,0.0003800235,0.0004083514,0.00044040882,0.00046817216,0.0004889084,0.00050435774,0.0005158595,0.0005227147,0.0005277278,0.000537649,0.0005535747,0.0005692338,0.00058130815,0.0005932781,0.0006067081,0.00061756157,0.0006250874,0.0006352864,0.00065147335,0.0006678427,0.0006765876,0.0006779477,0.0006787642,0.000683601,0.0006901127,0.00069303944,0.0006901127,0.000683601,0.0006787642,0.0006779477,0.0006765876,0.0006678427,0.00065147335,0.0006352864,0.0006250874,0.00061756157,0.0006067081,0.0005932781,0.00058130815,0.0005692338,0.0005535747,0.000537649,0.0005277278,0.0005227147,0.0005158595,0.00050435774,0.0004889084,0.00046817216,0.00044040885,0.00040835136,0.0003800235,0.00036129128,0.00034964154,0.0003393446,0.000329198,0.0003226816,0.00032016332,0.00031510953,0.00030304352,0.00028619962,0.00026660174,0.0002449249,0.000225285,0.0002109636,0.00019943964,0.00018792874,0.0001784978,0.00017387528,0.00017355318,0.00017432519,0.00016952536,0.00015500464,0.00013742517,0.00012623788,0.00012360592,0.00012640063
33,0.00013113457,0.00012775272,0.00013376288,0.00014775427,0.0001627882,0.00017026176,0.00016910874,0.00016657714,0.00016835058,0.00017685979,0.00019106123,0.00020512093,0.00021610095,0.00022832322,0.000245873,0.00026692206,0.00028800016,0.00030708552,0.00032118824,0.00032865623,0.00033351773,0.00034125822,0.00035313886,0.00036763583,0.00038574153,0.00041152124,0.0004436309,0.00047297849,0.00049457117,0.0005123563,0.00052931433,0.00054264633,0.00055056147,0.00055765326,0.0005694919,0.0005858571,0.00060299534,0.0006202043,0.0006393024,0.0006581538,0.00067226833,0.0006825651,0.000694111,0.00070860866,0.00072362134,0.00073579676,0.0007437191,0.0007491067,0.0007540147,0.0007581359,0.0007597743,0.000758136,0.0007540147,0.0007491067,0.00074371917,0.00073579676,0.00072362134,0.00070860866,0.000694111,0.0006825651,0.00067226833,0.00065815385,0.0006393024,0.0006202043,0.0006029954,0.0005858571,0.0005694919,0.00055765326,0.00055056147,0.00054264633,0.00052931433,0.0005123563,0.00049457117,0.00047297849,0.0004436309,0.00041152124,0.00038574153,0.00036763583,0.00035313886,0.00034125822,0.00033351773,0.0003286562,0.00032118824,0.00030708552,0.00028800016,0.00026692208,0.000245873,0.00022832322,0.00021610095,0.00020512092,0.00019106123,0.00017685979,0.00016835058,0.00016657713,0.00016910874,0.00017026177,0.0001627882,0.00014775427,0.00013376288,0.00012775272,0.00013113457
34,0.00013688926,0.00013355652,0.00014014836,0.0001533232,0.0001650382,0.00016873109,0.00016629923,0.00016458186,0.00016755615,0.00017796061,0.00019459333,0.0002105069,0.00022298898,0.00023640139,0.0002536942,0.0002736927,0.00029481688,0.00031518663,0.00033108145,0.00034055,0.00034672068,0.00035490879,0.00036898028,0.0003899846,0.0004167784,0.0004475315,0.0004775765,0.0005004591,0.00051690417,0.0005344902,0.0005551481,0.00057280617,0.0005844053,0.00059475057,0.00060860463,0.000625506,0.0006438229,0.0006647213,0.0006883233,0.0007098537,0.0007265111,0.00074188114,0.0007582737,0.00077402266,0.00078910985,0.00080410985,0.0008167446,0.0008247475,0.00082802726,0.00082836405,0.00082812045,0.00082836405,0.00082802726,0.0008247475,0.00081674464,0.00080410985,0.0007891099,0.00077402266,0.0007582737,0.00074188114,0.0007265111,0.0007098537,0.0006883233,0.0006647213,0.0006438229,0.000625506,0.00060860463,0.00059475057,0.0005844053,0.00057280617,0.0005551481,0.0005344902,0.00051690417,0.0005004591,0.00047757648,0.0004475315,0.00041677838,0.0003899846,0.00036898028,0.00035490879,0.00034672068,0.00034055,0.00033108145,0.00031518663,0.00029481688,0.00027369274,0.0002536942,0.00023640139,0.00022298898,0.0002105069,0.00019459335,0.00017796061,0.00016755615,0.00016458186,0.00016629921,0.00016873109,0.0001650382,0.00015332321,0.00014014836,0.0001335565,0.00013688926
35,0.00014513455,0.00014249468,0.00014571479,0.00015355801,0.0001624673,0.00016794523,0.00016983064,0.00017070933,0.0001735386,0.00018354898,0.00020099939,0.00021878396,0.0002340107,0.00025041887,0.00026941643,0.00028927284,0.0003097653,0.00033016937,0.00034668262,0.0003569424,0.0003638288,0.0003729054,0.0003895986,0.0004164728,0.00045022747,0.00048361722,0.0005100293,0.0005270827,0.0005402867,0.0005583002,0.0005821147,0.0006048743,0.00062211725,0.0006369255,0.0006537135,0.00067258824,0.0006924981,0.000715038,0.0007395284,0.00076066743,0.00077856285,0.0007992934,0.000822708,0.00084392715,0.0008626502,0.0008801426,0.00089424284,0.00090249046,0.0009051971,0.0009050909,0.0009047842,0.0009050909,0.0009051971,0.00090249046,0.00089424284,0.0008801426,0.0008626502,0.00084392715,0.000822708,0.0007992934,0.00077856285,0.00076066743,0.0007395284,0.0007150379,0.0006924981,0.00067258824,0.0006537135,0.0006369255,0.00062211725,0.0006048743,0.0005821147,0.0005583002,0.0005402867,0.0005270827,0.0005100294,0.00048361722,0.00045022747,0.0004164728,0.00038959863,0.0003729054,0.0003638288,0.00035694236,0.00034668262,0.0003301694,0.0003097653,0.00028927284,0.00026941643,0.00025041887,0.00023401072,0.00021878394,0.0002009994,0.00018354898,0.00017353859,0.00017070933,0.00016983064,0.00016794524,0.0001624673,0.000153558,0.00014571479,0.00014249468,0.00014513455
36,0.00015312085,0.00015221265,0.00015133325,0.00015289438,0.0001597064,0.000169382,0.00017802481,0.000182941,0.00018624468,0.00019547733,0.0002125449,0.00023074713,0.0002467785,0.00026462195,0.0002858776,0.00030747044,0.00032809735,0.00034769188,0.00036403802,0.0003759222,0.00038561234,0.00039729485,0.0004161456,0.00044538296,0.0004815834,0.0005165723,0.00054298,0.0005586392,0.000569833,0.0005857902,0.0006094022,0.0006360727,0.0006598056,0.00068008894,0.00070042023,0.0007218642,0.0007438418,0.00076782354,0.00079275673,0.0008136513,0.00083282473,0.000858192,0.0008884871,0.00091614336,0.00093860127,0.00095693243,0.000971225,0.0009811509,0.0009875643,0.0009920002,0.0009938898,0.0009920002,0.0009875643,0.0009811509,0.000971225,0.00095693243,0.00093860127,0.00091614336,0.0008884871,0.000858192,0.0008328248,0.0008136513,0.00079275673,0.00076782354,0.0007438418,0.0007218643,0.00070042023,0.00068008894,0.0006598056,0.0006360727,0.0006094022,0.0005857902,0.000569833,0.0005586392,0.00054298,0.0005165724,0.0004815834,0.000445383,0.0004161456,0.00039729482,0.00038561234,0.0003759222,0.00036403802,0.00034769188,0.00032809735,0.00030747044,0.0002858776,0.00026462195,0.0002467785,0.00023074713,0.00021254488,0.00019547733,0.00018624468,0.00018294099,0.0001780248,0.000169382,0.00015970641,0.00015289437,0.00015133325,0.00015221265,0.00015312087
37,0.000156744,0.00015747444,0.00015485409,0.00015330786,0.00015918641,0.0001721796,0.00018656946,0.00019601091,0.0002016753,0.00021127216,0.00022725109,0.00024416574,0.00025914094,0.00027689582,0.0002999988,0.00032393093,0.00034502728,0.00036338434,0.00037954166,0.00039436706,0.00040890925,0.0004245343,0.00044482353,0.0004726109,0.0005064241,0.00054201327,0.00057239074,0.0005913995,0.0006023258,0.0006153344,0.0006377987,0.00066871755,0.0006995512,0.00072512875,0.0007484235,0.00077290286,0.0007993244,0.0008281481,0.0008564415,0.0008790672,0.0009002043,0.0009290644,0.00096353213,0.000993906,0.0010161472,0.0010329986,0.0010481952,0.0010626547,0.0010753399,0.0010852297,0.0010893282,0.0010852297,0.0010753399,0.0010626547,0.0010481952,0.0010329986,0.0010161472,0.000993906,0.00096353213,0.0009290644,0.0009002043,0.0008790672,0.00085644145,0.0008281481,0.0007993244,0.00077290286,0.0007484235,0.00072512875,0.0006995512,0.00066871755,0.0006377987,0.0006153344,0.0006023258,0.0005913995,0.00057239074,0.00054201327,0.0005064241,0.00047261087,0.00044482353,0.0004245343,0.00040890925,0.00039436703,0.00037954166,0.00036338434,0.00034502725,0.00032393093,0.0002999988,0.00027689582,0.00025914094,0.00024416574,0.00022725109,0.00021127217,0.0002016753,0.0001960109,0.00018656946,0.0001721796,0.00015918643,0.00015330786,0.00015485409,0.00015747442,0.000156744
38,0.0001556187,0.00015701243,0.00015523445,0.00015446014,0.00016100005,0.00017578868,0.00019271631,0.00020450017,0.00021272333,0.00022392385,0.00023934903,0.00025501224,0.00026956934,0.0002883038,0.0003137784,0.00033990934,0.00036084975,0.0003771224,0.00039246056,0.00040992425,0.00042956581,0.00045021484,0.0004728464,0.000498428,0.0005274227,0.0005610132,0.0005943862,0.0006180833,0.0006315813,0.0006447777,0.000668718,0.0007050799,0.0007426058,0.0007726496,0.00079903525,0.000828305,0.00086249737,0.000899808,0.0009339942,0.0009598499,0.0009841401,0.0010165705,0.0010529617,0.001082355,0.0011017673,0.0011167717,0.0011337108,0.0011531689,0.0011711161,0.0011841905,0.0011892169,0.0011841905,0.0011711161,0.0011531689,0.0011337108,0.0011167717,0.0011017673,0.001082355,0.0010529617,0.0010165705,0.0009841401,0.0009598499,0.0009339942,0.000899808,0.0008624973,0.0008283051,0.00079903525,0.0007726496,0.0007426058,0.0007050799,0.000668718,0.0006447777,0.0006315813,0.0006180833,0.0005943862,0.0005610132,0.0005274227,0.000498428,0.00047284644,0.00045021484,0.00042956581,0.00040992425,0.00039246056,0.00037712243,0.00036084975,0.0003399093,0.0003137784,0.0002883038,0.00026956934,0.00025501224,0.00023934903,0.00022392385,0.00021272332,0.00020450019,0.00019271631,0.00017578866,0.00016100005,0.00015446014,0.00015523445,0.00015701243,0.0001556187
39,0.00015130788,0.0001530614,0.00015347128,0.00015574561,0.00016441502,0.00018021623,0.00019692745,0.0002083143,0.00021765655,0.00023060974,0.0002464517,0.0002617534,0.00027707027,0.00029793475,0.00032593956,0.00035368293,0.00037390768,0.00038758537,0.00040132407,0.00042034418,0.00044447242,0.0004710696,0.0004986106,0.00052527623,0.0005511175,0.0005805748,0.00061293726,0.0006396334,0.0006576906,0.0006743817,0.00070096785,0.0007405776,0.00078218884,0.00081694446,0.00084886,0.0008852258,0.0009282798,0.0009745049,0.0010154955,0.0010468266,0.0010775353,0.0011161076,0.0011552956,0.0011841313,0.0012024826,0.0012182278,0.001238035,0.0012614703,0.0012829634,0.0012977511,0.0013030485,0.0012977511,0.0012829634,0.0012614703,0.0012380349,0.0012182278,0.0012024826,0.0011841313,0.0011552956,0.0011161076,0.0010775353,0.0010468266,0.0010154955,0.000974505,0.0009282798,0.0008852258,0.00084886,0.00081694446,0.00078218884,0.0007405776,0.00070096785,0.0006743817,0.0006576906,0.0006396334,0.00061293726,0.00058057485,0.0005511175,0.00052527623,0.00049861067,0.0004710696,0.00044447242,0.00042034415,0.00040132404,0.00038758537,0.00037390768,0.00035368293,0.00032593956,0.00029793475,0.00027707027,0.00026175342,0.0002464517,0.00023060973,0.00021765653,0.00020831432,0.00019692745,0.00018021623,0.00016441503,0.00015574561,0.00015347128,0.0001530614,0.00015130788
40,0.0001444314,0.00014778208,0.000151552,0.00015781575,0.00016859216,0.0001840028,0.00019927582,0.0002099028,0.00021967835,0.00023361732,0.0002500376,0.00026562027,0.00028211984,0.0003048233,0.00033408072,0.00036218367,0.00038186295,0.00039400707,0.00040628057,0.00042557507,0.00045251203,0.00048451743,0.00051889627,0.0005511499,0.0005786144,0.0006057542,0.00063557527,0.00066287135,0.0006841151,0.00070370064,0.0007309812,0.00077008654,0.00081337756,0.0008538782,0.00089383527,0.0009383734,0.0009894738,0.0010437212,0.0010926978,0.0011330241,0.0011739663,0.0012215825,0.0012668453,0.0012999767,0.0013231396,0.0013449071,0.0013700863,0.0013967229,0.0014197825,0.0014348082,0.0014398556,0.0014348082,0.0014197825,0.0013967229,0.0013700863,0.0013449071,0.0013231396,0.0012999767,0.0012668453,0.0012215825,0.0011739662,0.0011330241,0.0010926978,0.0010437212,0.0009894738,0.0009383734,0.00089383527,0.00085387815,0.00081337756,0.0007700865,0.0007309812,0.00070370064,0.0006841151,0.0006628714,0.00063557527,0.0006057542,0.0005786144,0.0005511499,0.00051889627,0.00048451743,0.00045251206,0.00042557507,0.00040628057,0.0003940071,0.00038186295,0.00036218367,0.0003340807,0.0003048233,0.00028211984,0.00026562027,0.0002500376,0.00023361732,0.00021967836,0.0002099028,0.0001992758,0.0001840028,0.00016859216,0.00015781575,0.000151552,0.00014778208,0.0001444314
41,0.00013764255,0.00014526586,0.00015413309,0.00016422692,0.00017475564,0.0001863183,0.00019827792,0.0002083244,0.00021851074,0.00023243815,0.00024887125,0.0002652312,0.00028333574,0.00030777752,0.00033821838,0.0003671773,0.0003880232,0.00040144345,0.00041414401,0.00043288193,0.0004595975,0.0004934601,0.00053239294,0.0005709652,0.0006041844,0.0006339993,0.0006632961,0.0006890581,0.0007095222,0.000729098,0.0007563076,0.00079568214,0.00084208214,0.00088942004,0.0009374195,0.0009894051,0.0010478866,0.0011101234,0.0011683432,0.0012197479,0.0012723878,0.0013304822,0.0013857484,0.0014302055,0.0014659513,0.0014997879,0.0015332773,0.0015629008,0.0015857972,0.0015997924,0.001604255,0.0015997924,0.0015857972,0.001562901,0.0015332773,0.0014997879,0.0014659513,0.0014302055,0.0013857484,0.0013304822,0.0012723878,0.0012197479,0.0011683432,0.0011101234,0.0010478866,0.0009894051,0.0009374195,0.00088942004,0.00084208214,0.00079568214,0.0007563076,0.000729098,0.00070952217,0.0006890581,0.0006632961,0.0006339993,0.0006041844,0.0005709652,0.00053239294,0.0004934601,0.0004595975,0.00043288193,0.00041414401,0.00040144345,0.0003880232,0.0003671773,0.0003382184,0.00030777752,0.00028333574,0.0002652312,0.00024887125,0.00023243815,0.00021851076,0.0002083244,0.00019827794,0.0001863183,0.00017475562,0.00016422693,0.00015413309,0.00014526586,0.00013764255
42,0.00013666003,0.00014997512,0.00016458734,0.00017751142,0.00018567729,0.00019093118,0.00019730726,0.00020521763,0.00021470973,0.00022722094,0.00024256902,0.00025956827,0.0002792087,0.0003052265,0.00033803176,0.0003705485,0.0003960943,0.00041500395,0.0004320197,0.0004516187,0.00047604265,0.00050664705,0.0005436756,0.0005836099,0.0006213996,0.00065616355,0.0006872332,0.0007111207,0.00072875567,0.000747437,0.00077686977,0.000821436,0.000875409,0.0009311508,0.0009861856,0.0010438749,0.0011088712,0.0011794124,0.0012475888,0.0013103413,0.0013745879,0.0014442843,0.0015134398,0.0015753667,0.0016297653,0.001679528,0.001723245,0.0017572751,0.00178165,0.0017967268,0.0018017759,0.0017967268,0.00178165,0.0017572751,0.001723245,0.001679528,0.0016297654,0.0015753667,0.0015134398,0.0014442842,0.001374588,0.0013103413,0.0012475888,0.0011794124,0.0011088712,0.0010438748,0.0009861856,0.0009311508,0.000875409,0.000821436,0.00077686977,0.000747437,0.00072875567,0.0007111207,0.0006872332,0.00065616355,0.0006213996,0.0005836099,0.0005436756,0.0005066471,0.00047604265,0.0004516187,0.0004320197,0.00041500395,0.0003960943,0.00037054849,0.0003380318,0.00030522648,0.0002792087,0.00025956827,0.00024256902,0.00022722094,0.00021470974,0.00020521763,0.00019730725,0.00019093118,0.0001856773,0.00017751142,0.00016458736,0.00014997514,0.00013666003
43,0.00014345621,0.00015946329,0.0001774504,0.00019262356,0.00020020071,0.00020201984,0.00020405231,0.0002090375,0.00021670251,0.00022696063,0.00024011308,0.000255967,0.00027481842,0.0003001877,0.00033424463,0.0003710321,0.0004032621,0.0004304148,0.0004550774,0.0004785475,0.00050163886,0.00052674086,0.0005570863,0.0005925901,0.000629593,0.00066597085,0.00069856533,0.00072267815,0.00074037793,0.0007610602,0.0007955362,0.00084788346,0.00091148436,0.0009769667,0.0010395454,0.0011025155,0.0011734788,0.001252651,0.0013317611,0.0014067506,0.0014836723,0.0015673528,0.0016543478,0.0017383047,0.0018150364,0.0018829829,0.0019394227,0.001982221,0.0020135245,0.0020345033,0.0020421895,0.0020345033,0.0020135245,0.001982221,0.0019394227,0.0018829829,0.0018150364,0.0017383047,0.0016543476,0.0015673528,0.0014836723,0.0014067506,0.0013317611,0.001252651,0.0011734788,0.0011025155,0.0010395454,0.0009769667,0.00091148436,0.00084788346,0.0007955362,0.00076106016,0.000740378,0.0007226781,0.00069856533,0.00066597085,0.000629593,0.0005925901,0.0005570863,0.00052674086,0.00050163886,0.0004785475,0.0004550774,0.0004304148,0.0004032621,0.0003710321,0.00033424463,0.0003001877,0.00027481842,0.000255967,0.00024011309,0.00022696062,0.0002167025,0.00020903752,0.00020405231,0.00020201984,0.0002002007,0.00019262356,0.0001774504,0.00015946329,0.00014345623
44,0.00015285525,0.00016678701,0.00018416165,0.00020094111,0.00021179405,0.00021658762,0.00021944218,0.00022389801,0.00023117087,0.00024106164,0.00025297404,0.00026608302,0.000280888,0.00030208722,0.00033358083,0.00037076118,0.0004064063,0.00043924298,0.00047044008,0.0004989154,0.00052315346,0.00054480764,0.0005693238,0.0005994854,0.0006324081,0.0006659273,0.00069795497,0.00072482706,0.00074808253,0.0007754523,0.0008160576,0.00087380706,0.00094408356,0.0010184685,0.0010904112,0.001161729,0.0012409146,0.001329609,0.0014202024,0.0015092625,0.0016025883,0.0017049859,0.0018144421,0.001924474,0.002027589,0.0021186166,0.0021942707,0.0022533862,0.002298099,0.0023286247,0.0023399743,0.0023286247,0.002298099,0.002253386,0.0021942707,0.0021186166,0.002027589,0.001924474,0.0018144421,0.0017049859,0.0016025882,0.0015092625,0.0014202024,0.001329609,0.0012409146,0.001161729,0.0010904112,0.0010184685,0.00094408356,0.00087380706,0.0008160576,0.0007754523,0.00074808253,0.00072482706,0.00069795497,0.0006659273,0.0006324081,0.0005994854,0.0005693238,0.00054480764,0.00052315346,0.0004989154,0.00047044008,0.000439243,0.0004064063,0.00037076118,0.00033358083,0.00030208722,0.000280888,0.00026608302,0.00025297404,0.00024106164,0.00023117087,0.00022389802,0.00021944217,0.0002165876,0.00021179405,0.00020094111,0.00018416166,0.00016678701,0.00015285527
45,0.00016074217,0.0001716373,0.000185988,0.00020249689,0.00021740988,0.00022860458,0.00023634802,0.00024338598,0.00025293443,0.00026599527,0.00028030408,0.00029277778,0.00030408025,0.0003201079,0.0003456981,0.00037749036,0.0004095725,0.00044126133,0.00047366208,0.0005048341,0.0005309909,0.0005522501,0.0005749115,0.00060281914,0.00063279504,0.00066280336,0.0006936033,0.00072466757,0.00075644534,0.0007924911,0.00083821436,0.00089766475,0.0009704842,0.0010515124,0.0011335707,0.0012165077,0.0013073109,0.0014069669,0.0015095462,0.0016153612,0.0017312584,0.0018595805,0.0019971405,0.0021386698,0.002276695,0.0024042008,0.0025153996,0.0026047833,0.0026692175,0.002708354,0.0027216624,0.002708354,0.0026692175,0.0026047833,0.0025153996,0.0024042008,0.002276695,0.0021386698,0.0019971405,0.0018595805,0.0017312584,0.0016153612,0.0015095463,0.0014069669,0.0013073109,0.0012165079,0.0011335707,0.0010515124,0.0009704842,0.00089766475,0.00083821436,0.0007924911,0.00075644534,0.00072466757,0.0006936033,0.0006628034,0.00063279504,0.0006028192,0.0005749115,0.0005522501,0.00053099095,0.0005048341,0.00047366208,0.00044126133,0.0004095725,0.00037749036,0.0003456981,0.0003201079,0.00030408028,0.00029277778,0.00028030408,0.00026599527,0.00025293443,0.00024338599,0.00023634802,0.00022860456,0.00021740988,0.00020249689,0.00018598798,0.00017163731,0.00016074217
46,0.0001668908,0.00017679064,0.0001890682,0.0002045042,0.00022154915,0.00023738491,0.00024935274,0.00025873707,0.0002702411,0.00028737026,0.00030774792,0.00032560414,0.00033937852,0.00035367277,0.0003731965,0.00039614039,0.00041908392,0.00044352195,0.0004717523,0.0005017499,0.0005284297,0.0005508349,0.0005746568,0.0006029322,0.0006324092,0.00066166325,0.0006934621,0.0007296032,0.00076930877,0.000812305,0.00086129166,0.0009207104,0.0009939465,0.0010792846,0.0011695953,0.0012628903,0.0013648327,0.0014762146,0.001593203,0.0017199308,0.0018643647,0.0020256832,0.0021989588,0.002382684,0.0025752997,0.0027728756,0.0029651371,0.003123799,0.0032177637,0.0032504806,0.0032550553,0.0032504806,0.0032177637,0.0031237989,0.0029651371,0.0027728756,0.0025752997,0.002382684,0.0021989588,0.0020256834,0.0018643647,0.0017199308,0.001593203,0.0014762147,0.0013648327,0.0012628903,0.0011695953,0.0010792846,0.0009939465,0.0009207104,0.00086129166,0.00081230496,0.00076930877,0.0007296032,0.0006934621,0.00066166325,0.0006324092,0.0006029322,0.0005746568,0.00055083487,0.0005284297,0.00050174986,0.00047175228,0.00044352195,0.00041908395,0.00039614039,0.0003731965,0.00035367277,0.0003393785,0.00032560414,0.00030774792,0.00028737026,0.0002702411,0.00025873707,0.00024935274,0.00023738491,0.00022154915,0.00020450419,0.0001890682,0.00017679064,0.0001668908
47,0.00016944496,0.00017941614,0.00019263006,0.0002090848,0.00022719079,0.00024413146,0.0002568334,0.0002658263,0.00027633557,0.00029543182,0.00032351285,0.00035237212,0.00037481004,0.00039136386,0.00040678296,0.0004214796,0.00043440424,0.00044975703,0.00047161165,0.00049794395,0.0005235933,0.000547689,0.0005737444,0.0006026946,0.00063265685,0.00066400185,0.00069970643,0.0007415199,0.0007873666,0.0008351814,0.0008866555,0.0009459538,0.0010186752,0.0011066438,0.0012027365,0.0013023134,0.0014107381,0.0015315227,0.0016641126,0.0018141604,0.0019892498,0.0021882409,0.0024079494,0.0026538135,0.0029403185,0.0032889214,0.0036902633,0.0040347767,0.004177971,0.0041379714,0.004090873,0.0041379714,0.004177971,0.0040347762,0.0036902633,0.0032889214,0.0029403185,0.0026538135,0.0024079494,0.0021882409,0.0019892498,0.0018141604,0.0016641126,0.0015315227,0.0014107381,0.0013023134,0.0012027365,0.0011066438,0.0010186752,0.0009459538,0.0008866555,0.0008351814,0.0007873666,0.0007415199,0.00069970643,0.00066400185,0.00063265685,0.00060269464,0.0005737444,0.000547689,0.0005235933,0.00049794395,0.00047161168,0.00044975706,0.00043440424,0.0004214796,0.00040678296,0.00039136386,0.00037481,0.00035237212,0.00032351285,0.00029543182,0.00027633557,0.0002658263,0.0002568334,0.00024413146,0.00022719079,0.00020908481,0.00019263005,0.00017941612,0.00016944496
48,0.00016753521,0.0001771283,0.00019241398,0.00021159931,0.0002311655,0.00024766105,0.0002590813,0.0002664285,0.00027500326,0.0002949753,0.00033021846,0.00037002066,0.00040050797,0.00041871294,0.00043127278,0.00044098607,0.00044752558,0.00045687886,0.00047440483,0.0004973726,0.0005217619,0.00054787425,0.00057606644,0.00060470565,0.000634626,0.0006690737,0.00071015855,0.0007572443,0.00080670294,0.0008567341,0.00090943684,0.0009680281,0.0010402693,0.001132208,0.0012352712,0.0013391126,0.0014481144,0.0015716346,0.001715407,0.0018858184,0.00208896,0.0023268142,0.0026025204,0.0029328866,0.0033691388,0.0040071183,0.004859838,0.005618331,0.00583712,0.0055703805,0.005374563,0.0055703805,0.00583712,0.005618331,0.004859838,0.0040071183,0.003369139,0.0029328866,0.0026025204,0.0023268142,0.00208896,0.0018858184,0.001715407,0.0015716346,0.0014481144,0.0013391126,0.0012352712,0.001132208,0.0010402693,0.0009680281,0.00090943684,0.0008567341,0.0008067029,0.00075724436,0.00071015855,0.0006690737,0.0006346261,0.00060470565,0.00057606644,0.0005478743,0.0005217619,0.0004973726,0.00047440483,0.00045687886,0.00044752558,0.00044098607,0.00043127278,0.00041871294,0.000400508,0.00037002066,0.00033021846,0.0002949753,0.00027500323,0.0002664285,0.0002590813,0.00024766105,0.0002311655,0.00021159933,0.00019241398,0.0001771283,0.00016753521
49,0.0001641681,0.00017241156,0.00018781498,0.0002089401,0.00023064585,0.00024763937,0.00025838817,0.00026505705,0.00027341227,0.0002950413,0.0003350946,0.00038048084,0.00041317302,0.00042967318,0.0004397937,0.0004478212,0.00045271963,0.0004611301,0.00047834628,0.0005001234,0.0005239533,0.0005518441,0.0005812624,0.0006085093,0.0006373604,0.00067424326,0.00072037056,0.0007714745,0.00082150043,0.0008700563,0.00092113885,0.0009779177,0.001050802,0.0011495526,0.0012620848,0.0013699136,0.001475454,0.0015951478,0.0017430861,0.0019269302,0.0021510327,0.002421064,0.0027476854,0.0031620276,0.0037675356,0.004772015,0.0062319445,0.007555617,0.007856396,0.0072394134,0.0068194596,0.0072394134,0.007856396,0.007555617,0.0062319445,0.004772015,0.0037675356,0.0031620276,0.0027476854,0.002421064,0.0021510327,0.0019269302,0.001743086,0.0015951478,0.001475454,0.0013699137,0.0012620848,0.0011495526,0.001050802,0.0009779177,0.00092113885,0.00087005633,0.00082150043,0.0007714745,0.00072037056,0.0006742432,0.0006373604,0.0006085093,0.0005812624,0.0005518441,0.0005239533,0.0005001234,0.00047834628,0.00046113008,0.00045271963,0.0004478212,0.00043979372,0.00042967315,0.00041317302,0.00038048084,0.0003350946,0.00029504127,0.00027341227,0.00026505705,0.00025838817,0.00024763934,0.00023064585,0.0002089401,0.00018781496,0.00017241156,0.00016416812
50,0.00016260204,0.00016993533,0.00018467614,0.00020632287,0.00022923463,0.00024689845,0.00025768703,0.00026441246,0.00027321538,0.00029592833,0.00033761477,0.000384134,0.00041633853,0.00043125055,0.00044025542,0.00044808706,0.00045319684,0.00046230032,0.00048032287,0.00050212163,0.00052588293,0.00055446377,0.000584168,0.000610498,0.00063858484,0.00067637046,0.00072472217,0.0007774353,0.00082703895,0.00087394594,0.0009234635,0.0009791236,0.001052688,0.0011553238,0.0012728448,0.0013825553,0.0014857945,0.0016024985,0.0017509287,0.0019394835,0.00217166,0.0024546904,0.0028025669,0.0032536827,0.0039386717,0.005124375,0.0068918727,0.008503414,0.008841689,0.00803819,0.007499871,0.00803819,0.008841689,0.008503414,0.0068918727,0.005124375,0.0039386717,0.0032536827,0.002802567,0.0024546904,0.00217166,0.0019394835,0.0017509287,0.0016024985,0.0014857945,0.0013825553,0.0012728448,0.0011553238,0.001052688,0.0009791236,0.0009234635,0.0008739459,0.00082703895,0.0007774353,0.00072472217,0.00067637046,0.00063858484,0.000610498,0.000584168,0.0005544637,0.00052588293,0.00050212163,0.00048032287,0.0004623003,0.00045319684,0.00044808706,0.00044025542,0.00043125055,0.00041633853,0.000384134,0.00033761477,0.00029592833,0.0002732154,0.00026441243,0.00025768703,0.00024689845,0.00022923463,0.00020632287,0.00018467614,0.00016993532,0.00016260202
51,0.0001641681,0.00017241156,0.00018781496,0.00020894008,0.00023064585,0.00024763937,0.00025838817,0.00026505705,0.00027341227,0.00029504127,0.0003350946,0.00038048084,0.00041317302,0.00042967318,0.0004397937,0.0004478212,0.00045271963,0.0004611301,0.00047834628,0.00050012337,0.0005239533,0.0005518441,0.0005812624,0.0006085093,0.0006373604,0.00067424326,0.00072037056,0.0007714745,0.00082150043,0.0008700563,0.00092113885,0.0009779177,0.001050802,0.0011495526,0.0012620848,0.0013699136,0.001475454,0.0015951478,0.0017430861,0.0019269302,0.0021510327,0.002421064,0.0027476854,0.0031620276,0.0037675356,0.004772015,0.0062319445,0.007555617,0.007856396,0.0072394134,0.0068194596,0.0072394134,0.007856396,0.007555617,0.0062319445,0.004772015,0.0037675356,0.0031620276,0.0027476854,0.002421064,0.0021510327,0.0019269302,0.001743086,0.0015951478,0.001475454,0.0013699137,0.0012620848,0.0011495526,0.001050802,0.0009779177,0.00092113885,0.00087005633,0.00082150043,0.0007714745,0.00072037056,0.00067424326,0.0006373604,0.0006085093,0.0005812624,0.0005518441,0.00052395335,0.0005001234,0.00047834628,0.0004611301,0.00045271963,0.0004478212,0.00043979372,0.00042967315,0.00041317302,0.00038048084,0.0003350946,0.00029504127,0.00027341227,0.00026505705,0.00025838817,0.00024763934,0.00023064585,0.0002089401,0.00018781496,0.00017241154,0.00016416812
52,0.00016753521,0.0001771283,0.00019241398,0.00021159931,0.0002311655,0.00024766105,0.0002590813,0.0002664285,0.00027500326,0.0002949753,0.00033021846,0.00037002066,0.000400508,0.00041871294,0.00043127278,0.00044098607,0.00044752558,0.00045687886,0.00047440483,0.0004973726,0.0005217619,0.00054787425,0.00057606644,0.00060470565,0.000634626,0.0006690737,0.0007101585,0.00075724436,0.00080670294,0.0008567341,0.00090943684,0.0009680281,0.0010402693,0.001132208,0.0012352712,0.0013391126,0.0014481144,0.0015716346,0.001715407,0.0018858184,0.00208896,0.0023268142,0.0026025204,0.0029328866,0.0033691388,0.0040071183,0.004859838,0.005618331,0.00583712,0.0055703805,0.005374563,0.0055703805,0.00583712,0.005618331,0.004859838,0.0040071183,0.0033691388,0.0029328866,0.0026025204,0.0023268142,0.00208896,0.0018858184,0.001715407,0.0015716346,0.0014481144,0.0013391126,0.0012352712,0.001132208,0.0010402694,0.0009680281,0.00090943684,0.0008567341,0.00080670294,0.00075724436,0.00071015855,0.0006690737,0.0006346261,0.00060470565,0.00057606644,0.0005478743,0.0005217619,0.0004973726,0.00047440483,0.00045687886,0.00044752558,0.00044098607,0.00043127278,0.00041871294,0.000400508,0.00037002066,0.00033021846,0.0002949753,0.00027500323,0.0002664285,0.0002590813,0.00024766105,0.0002311655,0.00021159933,0.000192414,0.0001771283,0.00016753521
53,0.00016944496,0.00017941612,0.00019263006,0.00020908481,0.00022719079,0.00024413146,0.0002568334,0.0002658263,0.00027633557,0.00029543182,0.00032351285,0.00035237212,0.00037481004,0.00039136386,0.00040678296,0.0004214796,0.00043440424,0.00044975703,0.00047161168,0.00049794395,0.0005235933,0.000547689,0.0005737444,0.00060269464,0.00063265685,0.0006640019,0.0006997065,0.0007415199,0.0007873666,0.0008351814,0.0008866555,0.0009459538,0.0010186752,0.0011066438,0.0012027365,0.0013023134,0.0014107381,0.0015315227,0.0016641126,0.0018141604,0.0019892498,0.0021882409,0.0024079494,0.0026538135,0.0029403185,0.0032889214,0.0036902633,0.0040347767,0.004177971,0.0041379714,0.004090873,0.0041379714,0.004177971,0.0040347762,0.0036902633,0.0032889214,0.0029403185,0.0026538135,0.0024079494,0.0021882409,0.0019892498,0.0018141604,0.0016641126,0.0015315227,0.0014107381,0.0013023134,0.0012027365,0.0011066438,0.0010186752,0.0009459538,0.0008866555,0.0008351814,0.0007873666,0.0007415199,0.00069970643,0.00066400185,0.00063265685,0.00060269464,0.0005737444,0.000547689,0.0005235933,0.00049794395,0.00047161168,0.00044975706,0.00043440424,0.0004214796,0.00040678296,0.00039136386,0.00037481,0.00035237212,0.00032351285,0.00029543182,0.00027633557,0.0002658263,0.0002568334,0.00024413146,0.0002271908,0.00020908481,0.00019263005,0.00017941612,0.00016944496
54,0.0001668908,0.00017679064,0.0001890682,0.0002045042,0.00022154915,0.00023738491,0.00024935274,0.00025873707,0.00027024111,0.00028737026,0.00030774792,0.00032560414,0.00033937852,0.00035367277,0.0003731965,0.00039614039,0.00041908392,0.00044352195,0.0004717523,0.00050174986,0.0005284297,0.0005508349,0.0005746568,0.0006029322,0.0006324091,0.00066166325,0.0006934621,0.0007296033,0.00076930877,0.00081230496,0.00086129166,0.0009207104,0.0009939465,0.0010792846,0.0011695953,0.0012628903,0.0013648327,0.0014762146,0.001593203,0.0017199308,0.0018643646,0.0020256832,0.0021989588,0.002382684,0.0025752997,0.0027728756,0.0029651371,0.003123799,0.0032177637,0.0032504806,0.0032550553,0.0032504806,0.0032177637,0.0031237989,0.0029651371,0.0027728756,0.0025752997,0.002382684,0.0021989588,0.0020256834,0.0018643646,0.0017199308,0.001593203,0.0014762147,0.0013648327,0.0012628903,0.0011695953,0.0010792846,0.0009939465,0.0009207104,0.00086129166,0.000812305,0.00076930877,0.0007296032,0.0006934621,0.00066166325,0.0006324092,0.0006029322,0.0005746568,0.00055083487,0.0005284297,0.00050174986,0.00047175228,0.00044352195,0.00041908395,0.00039614039,0.0003731965,0.00035367277,0.0003393785,0.00032560417,0.00030774792,0.00028737023,0.0002702411,0.00025873707,0.00024935274,0.00023738491,0.00022154915,0.00020450419,0.0001890682,0.00017679064,0.0001668908
55,0.00016074217,0.0001716373,0.000185988,0.00020249689,0.00021740988,0.00022860456,0.00023634802,0.00024338598,0.00025293443,0.00026599527,0.00028030408,0.00029277778,0.00030408028,0.0003201079,0.0003456981,0.00037749036,0.0004095725,0.00044126133,0.00047366208,0.0005048341,0.0005309909,0.0005522501,0.0005749115,0.0006028192,0.00063279504,0.00066280336,0.0006936033,0.00072466757,0.0007564454,0.00079249113,0.00083821436,0.00089766475,0.0009704842,0.0010515124,0.0011335707,0.0012165079,0.0013073109,0.0014069669,0.0015095463,0.0016153612,0.0017312584,0.0018595805,0.0019971405,0.0021386698,0.002276695,0.0024042008,0.0025153996,0.0026047833,0.0026692175,0.002708354,0.0027216624,0.002708354,0.0026692175,0.0026047833,0.0025153996,0.0024042008,0.002276695,0.0021386698,0.0019971405,0.0018595805,0.0017312584,0.0016153612,0.0015095463,0.0014069669,0.0013073109,0.0012165079,0.0011335707,0.0010515124,0.0009704842,0.00089766475,0.00083821436,0.0007924911,0.00075644534,0.00072466757,0.0006936033,0.0006628034,0.00063279504,0.0006028192,0.0005749115,0.0005522501,0.00053099095,0.0005048341,0.00047366208,0.0004412613,0.0004095725,0.00037749036,0.0003456981,0.0003201079,0.00030408028,0.00029277778,0.00028030408,0.00026599527,0.00025293443,0.00024338598,0.00023634803,0.00022860458,0.00021740988,0.00020249689,0.00018598798,0.0001716373,0.00016074217
56,0.00015285525,0.00016678701,0.00018416166,0.00020094111,0.00021179405,0.0002165876,0.00021944218,0.00022389801,0.00023117087,0.00024106164,0.00025297404,0.00026608302,0.000280888,0.00030208722,0.00033358083,0.00037076118,0.0004064063,0.000439243,0.00047044008,0.0004989154,0.00052315346,0.00054480764,0.0005693238,0.0005994854,0.0006324081,0.0006659273,0.00069795497,0.00072482706,0.00074808253,0.0007754523,0.0008160576,0.00087380706,0.00094408356,0.0010184685,0.0010904112,0.001161729,0.0012409146,0.001329609,0.0014202024,0.0015092625,0.0016025882,0.0017049859,0.0018144421,0.001924474,0.002027589,0.0021186166,0.002194271,0.0022533862,0.002298099,0.0023286247,0.0023399743,0.0023286247,0.002298099,0.002253386,0.0021942707,0.0021186166,0.002027589,0.001924474,0.0018144421,0.0017049859,0.0016025882,0.0015092625,0.0014202024,0.001329609,0.0012409146,0.001161729,0.0010904112,0.0010184685,0.00094408356,0.00087380706,0.0008160576,0.0007754523,0.00074808253,0.00072482706,0.00069795497,0.0006659273,0.0006324081,0.0005994854,0.0005693238,0.00054480764,0.00052315346,0.0004989154,0.00047044008,0.000439243,0.0004064063,0.00037076118,0.00033358083,0.00030208722,0.000280888,0.00026608302,0.00025297404,0.00024106164,0.00023117087,0.00022389802,0.00021944218,0.00021658762,0.00021179405,0.00020094111,0.00018416166,0.00016678701,0.00015285527
57,0.00014345621,0.00015946329,0.00017745039,0.00019262356,0.00020020071,0.00020201984,0.00020405231,0.0002090375,0.00021670251,0.00022696063,0.00024011309,0.00025596697,0.00027481845,0.0003001877,0.00033424463,0.0003710321,0.0004032621,0.0004304148,0.0004550774,0.0004785475,0.00050163886,0.00052674086,0.0005570863,0.0005925901,0.000629593,0.00066597085,0.00069856533,0.00072267815,0.00074037793,0.0007610602,0.0007955362,0.00084788346,0.00091148436,0.0009769667,0.0010395454,0.0011025155,0.0011734788,0.001252651,0.0013317611,0.0014067506,0.0014836723,0.0015673528,0.0016543476,0.0017383047,0.0018150364,0.0018829829,0.0019394227,0.001982221,0.0020135245,0.0020345033,0.0020421895,0.0020345033,0.0020135245,0.001982221,0.0019394227,0.0018829829,0.0018150364,0.0017383047,0.0016543478,0.0015673528,0.0014836723,0.0014067506,0.0013317611,0.001252651,0.0011734788,0.0011025155,0.0010395454,0.0009769667,0.00091148436,0.00084788346,0.0007955362,0.0007610602,0.000740378,0.0007226781,0.00069856533,0.00066597085,0.000629593,0.0005925901,0.0005570863,0.00052674086,0.00050163886,0.0004785475,0.0004550774,0.0004304148,0.0004032621,0.0003710321,0.00033424463,0.0003001877,0.00027481842,0.000255967,0.00024011309,0.00022696063,0.0002167025,0.00020903752,0.00020405231,0.00020201984,0.00020020071,0.00019262356,0.0001774504,0.00015946329,0.00014345623
58,0.00013666003,0.00014997512,0.00016458734,0.00017751142,0.0001856773,0.00019093118,0.00019730726,0.00020521763,0.00021470973,0.00022722094,0.00024256902,0.00025956827,0.0002792087,0.0003052265,0.00033803176,0.0003705485,0.0003960943,0.00041500395,0.0004320197,0.0004516187,0.00047604265,0.0005066471,0.0005436756,0.0005836099,0.0006213996,0.00065616355,0.0006872332,0.0007111207,0.00072875567,0.000747437,0.00077686977,0.000821436,0.000875409,0.0009311508,0.0009861856,0.0010438749,0.0011088712,0.0011794124,0.0012475888,0.0013103413,0.0013745879,0.0014442843,0.0015134398,0.0015753667,0.0016297653,0.001679528,0.001723245,0.0017572751,0.00178165,0.0017967268,0.0018017759,0.0017967268,0.00178165,0.0017572751,0.001723245,0.001679528,0.0016297653,0.0015753667,0.0015134398,0.0014442842,0.001374588,0.0013103413,0.0012475888,0.0011794124,0.0011088712,0.0010438748,0.0009861856,0.0009311508,0.000875409,0.000821436,0.00077686977,0.000747437,0.00072875567,0.0007111207,0.0006872332,0.00065616355,0.0006213996,0.0005836099,0.0005436756,0.0005066471,0.00047604265,0.0004516187,0.0004320197,0.00041500392,0.0003960943,0.0003705485,0.0003380318,0.00030522648,0.0002792087,0.00025956827,0.00024256902,0.00022722094,0.00021470974,0.00020521763,0.00019730725,0.00019093117,0.0001856773,0.00017751142,0.00016458736,0.00014997514,0.00013666003
59,0.00013764255,0.00014526586,0.00015413309,0.00016422692,0.00017475564,0.0001863183,0.00019827792,0.00020832439,0.00021851074,0.00023243815,0.00024887125,0.0002652312,0.00028333574,0.00030777752,0.0003382184,0.0003671773,0.0003880232,0.00040144345,0.00041414401,0.00043288193,0.0004595975,0.0004934601,0.00053239294,0.0005709652,0.0006041844,0.0006339993,0.0006632961,0.0006890581,0.0007095222,0.000729098,0.0007563076,0.00079568214,0.00084208214,0.00088942004,0.0009374195,0.0009894051,0.0010478866,0.0011101234,0.0011683432,0.0012197479,0.0012723878,0.0013304822,0.0013857484,0.0014302055,0.0014659513,0.0014997879,0.0015332773,0.0015629008,0.0015857972,0.0015997924,0.001604255,0.0015997924,0.0015857972,0.0015629008,0.0015332773,0.0014997879,0.0014659513,0.0014302055,0.0013857484,0.0013304822,0.0012723878,0.0012197479,0.0011683432,0.0011101234,0.0010478866,0.0009894051,0.0009374195,0.00088942004,0.00084208214,0.00079568214,0.0007563076,0.000729098,0.0007095222,0.0006890581,0.0006632961,0.0006339993,0.0006041844,0.0005709652,0.00053239294,0.0004934601,0.0004595975,0.00043288193,0.00041414401,0.00040144345,0.0003880232,0.0003671773,0.0003382184,0.00030777752,0.00028333574,0.0002652312,0.00024887125,0.00023243815,0.00021851076,0.0002083244,0.00019827794,0.0001863183,0.00017475562,0.00016422693,0.0001541331,0.00014526586,0.00013764255
60,0.0001444314,0.00014778208,0.000151552,0.00015781575,0.00016859216,0.0001840028,0.00019927582,0.0002099028,0.00021967835,0.00023361732,0.0002500376,0.00026562027,0.00028211984,0.0003048233,0.0003340807,0.00036218367,0.00038186295,0.00039400707,0.00040628057,0.00042557507,0.00045251203,0.00048451743,0.00051889627,0.0005511499,0.0005786144,0.0006057542,0.00063557527,0.00066287135,0.0006841151,0.00070370064,0.0007309812,0.00077008654,0.00081337756,0.0008538782,0.00089383527,0.0009383734,0.0009894738,0.0010437212,0.0010926978,0.0011330241,0.0011739662,0.0012215825,0.0012668453,0.0012999767,0.0013231396,0.0013449071,0.0013700863,0.0013967229,0.0014197825,0.0014348082,0.0014398556,0.0014348082,0.0014197825,0.0013967229,0.0013700863,0.0013449071,0.0013231396,0.0012999767,0.0012668453,0.0012215825,0.0011739662,0.0011330241,0.0010926978,0.0010437212,0.0009894738,0.0009383734,0.00089383527,0.00085387815,0.00081337756,0.0007700865,0.0007309812,0.00070370064,0.0006841151,0.0006628714,0.00063557527,0.0006057542,0.0005786144,0.0005511499,0.00051889627,0.00048451743,0.00045251206,0.00042557507,0.00040628057,0.0003940071,0.00038186292,0.00036218367,0.0003340807,0.0003048233,0.00028211984,0.00026562027,0.0002500376,0.00023361732,0.00021967836,0.00020990279,0.0001992758,0.0001840028,0.00016859216,0.00015781575,0.000151552,0.00014778208,0.0001444314
61,0.00015130788,0.00015306141,0.00015347128,0.00015574561,0.00016441503,0.00018021623,0.00019692743,0.0002083143,0.00021765655,0.00023060974,0.0002464517,0.0002617534,0.00027707027,0.00029793475,0.00032593956,0.00035368293,0.0003739077,0.00038758537,0.00040132407,0.00042034418,0.00044447242,0.0004710696,0.0004986106,0.00052527623,0.0005511175,0.0005805748,0.00061293726,0.0006396334,0.0006576906,0.0006743817,0.00070096785,0.0007405776,0.00078218884,0.00081694446,0.00084886,0.0008852258,0.0009282798,0.0009745049,0.0010154955,0.0010468266,0.0010775353,0.0011161076,0.0011552956,0.0011841313,0.0012024826,0.0012182278,0.001238035,0.0012614703,0.0012829634,0.0012977511,0.0013030485,0.0012977511,0.0012829634,0.0012614703,0.0012380349,0.0012182278,0.0012024826,0.0011841313,0.0011552956,0.0011161076,0.0010775353,0.0010468266,0.0010154955,0.000974505,0.0009282798,0.0008852258,0.00084886,0.00081694446,0.00078218884,0.0007405776,0.00070096785,0.0006743817,0.0006576906,0.0006396334,0.00061293726,0.00058057485,0.0005511175,0.00052527623,0.00049861067,0.0004710696,0.00044447242,0.00042034415,0.00040132407,0.00038758537,0.0003739077,0.00035368293,0.00032593956,0.00029793475,0.00027707027,0.00026175342,0.0002464517,0.00023060974,0.00021765653,0.00020831432,0.00019692745,0.00018021623,0.00016441503,0.00015574561,0.00015347128,0.0001530614,0.00015130788
62,0.0001556187,0.00015701243,0.00015523445,0.00015446014,0.00016100005,0.00017578868,0.00019271631,0.00020450017,0.00021272333,0.00022392387,0.00023934903,0.00025501224,0.00026956934,0.0002883038,0.0003137784,0.00033990934,0.00036084972,0.0003771224,0.00039246056,0.00040992425,0.00042956581,0.00045021484,0.0004728464,0.000498428,0.0005274227,0.0005610132,0.0005943862,0.0006180833,0.0006315813,0.0006447777,0.000668718,0.0007050799,0.0007426058,0.0007726496,0.00079903525,0.000828305,0.00086249737,0.000899808,0.0009339942,0.0009598499,0.0009841401,0.0010165705,0.0010529617,0.001082355,0.0011017673,0.0011167717,0.0011337108,0.0011531689,0.0011711161,0.0011841905,0.0011892169,0.0011841905,0.0011711161,0.0011531689,0.0011337108,0.0011167717,0.0011017673,0.001082355,0.0010529617,0.0010165705,0.0009841401,0.0009598499,0.0009339942,0.000899808,0.00086249737,0.0008283051,0.00079903525,0.0007726496,0.0007426058,0.0007050799,0.000668718,0.0006447777,0.0006315813,0.0006180833,0.0005943862,0.0005610132,0.0005274227,0.000498428,0.00047284644,0.00045021484,0.00042956581,0.00040992425,0.00039246056,0.00037712243,0.00036084975,0.0003399093,0.0003137784,0.0002883038,0.00026956934,0.00025501224,0.00023934903,0.00022392385,0.00021272332,0.00020450019,0.00019271631,0.00017578866,0.00016100005,0.00015446014,0.00015523445,0.00015701243,0.0001556187
63,0.000156744,0.00015747444,0.00015485409,0.00015330786,0.00015918641,0.0001721796,0.00018656946,0.00019601091,0.00020167531,0.00021127216,0.00022725109,0.00024416574,0.00025914094,0.00027689582,0.0002999988,0.00032393093,0.00034502728,0.00036338434,0.00037954166,0.00039436706,0.00040890925,0.00042453426,0.00044482353,0.0004726109,0.0005064241,0.00054201327,0.00057239074,0.0005913995,0.0006023258,0.0006153344,0.0006377987,0.00066871755,0.0006995512,0.00072512875,0.0007484235,0.00077290286,0.0007993244,0.0008281481,0.00085644145,0.0008790672,0.0009002043,0.0009290644,0.00096353213,0.000993906,0.0010161472,0.0010329986,0.0010481952,0.0010626547,0.0010753399,0.0010852297,0.0010893282,0.0010852297,0.0010753399,0.0010626547,0.0010481952,0.0010329986,0.0010161472,0.000993906,0.00096353213,0.00092906447,0.0009002043,0.0008790672,0.00085644145,0.0008281481,0.0007993244,0.00077290286,0.0007484235,0.00072512875,0.0006995512,0.00066871755,0.0006377987,0.0006153344,0.0006023258,0.0005913995,0.00057239074,0.00054201327,0.0005064241,0.00047261087,0.00044482353,0.0004245343,0.00040890925,0.00039436703,0.00037954166,0.00036338434,0.00034502728,0.00032393093,0.0002999988,0.00027689582,0.00025914094,0.00024416574,0.00022725109,0.00021127217,0.0002016753,0.00019601091,0.00018656946,0.0001721796,0.00015918643,0.00015330786,0.00015485409,0.00015747444,0.000156744
64,0.00015312085,0.00015221265,0.00015133325,0.00015289437,0.00015970641,0.000169382,0.0001780248,0.000182941,0.00018624468,0.00019547733,0.0002125449,0.00023074713,0.0002467785,0.00026462195,0.0002858776,0.00030747044,0.00032809735,0.00034769188,0.00036403802,0.0003759222,0.00038561234,0.00039729485,0.0004161456,0.00044538296,0.0004815834,0.0005165723,0.00054298,0.0005586392,0.000569833,0.0005857902,0.0006094022,0.0006360727,0.0006598056,0.00068008894,0.00070042023,0.0007218643,0.0007438418,0.00076782354,0.00079275673,0.00081365125,0.00083282473,0.000858192,0.0008884871,0.00091614336,0.00093860127,0.00095693243,0.000971225,0.0009811509,0.0009875643,0.0009920002,0.0009938898,0.0009920002,0.0009875643,0.0009811509,0.0009712249,0.00095693243,0.00093860127,0.00091614336,0.0008884871,0.000858192,0.0008328248,0.0008136513,0.00079275673,0.00076782354,0.0007438418,0.0007218642,0.00070042023,0.00068008894,0.0006598056,0.0006360727,0.0006094022,0.0005857902,0.000569833,0.0005586392,0.00054298,0.0005165723,0.0004815834,0.00044538296,0.0004161456,0.00039729482,0.00038561234,0.0003759222,0.00036403802,0.0003476919,0.00032809735,0.00030747044,0.0002858776,0.00026462195,0.0002467785,0.00023074713,0.0002125449,0.00019547733,0.00018624468,0.00018294099,0.0001780248,0.000169382,0.00015970641,0.00015289437,0.00015133325,0.00015221265,0.00015312087
65,0.00014513455,0.00014249468,0.00014571479,0.00015355801,0.0001624673,0.00016794523,0.00016983064,0.00017070933,0.0001735386,0.00018354898,0.00020099939,0.00021878396,0.0002340107,0.00025041887,0.00026941643,0.00028927284,0.0003097653,0.0003301694,0.00034668262,0.0003569424,0.0003638288,0.0003729054,0.0003895986,0.0004164728,0.00045022747,0.00048361722,0.0005100293,0.0005270827,0.0005402867,0.0005583002,0.0005821147,0.0006048743,0.00062211725,0.0006369255,0.00065371353,0.00067258824,0.0006924981,0.000715038,0.0007395284,0.00076066743,0.00077856285,0.0007992934,0.000822708,0.00084392715,0.0008626502,0.0008801426,0.00089424284,0.00090249046,0.0009051971,0.0009050909,0.00090478425,0.0009050909,0.0009051971,0.00090249046,0.00089424284,0.00088014256,0.0008626502,0.00084392715,0.000822708,0.0007992934,0.00077856285,0.00076066743,0.0007395284,0.000715038,0.00069249806,0.00067258824,0.0006537135,0.0006369255,0.00062211725,0.0006048743,0.0005821147,0.0005583002,0.0005402867,0.0005270827,0.0005100293,0.00048361722,0.00045022747,0.00041647282,0.00038959863,0.0003729054,0.0003638288,0.0003569424,0.00034668262,0.0003301694,0.0003097653,0.00028927284,0.00026941643,0.00025041887,0.0002340107,0.00021878396,0.0002009994,0.00018354898,0.0001735386,0.00017070935,0.00016983064,0.00016794524,0.0001624673,0.000153558,0.00014571479,0.00014249468,0.00014513455
66,0.00013688926,0.00013355652,0.00014014836,0.0001533232,0.00016503822,0.00016873109,0.00016629921,0.00016458186,0.00016755615,0.00017796061,0.00019459333,0.0002105069,0.00022298898,0.00023640139,0.0002536942,0.0002736927,0.00029481688,0.00031518663,0.00033108145,0.00034055,0.00034672068,0.00035490879,0.00036898028,0.0003899846,0.0004167784,0.0004475315,0.0004775765,0.0005004591,0.00051690417,0.0005344902,0.0005551481,0.00057280617,0.0005844053,0.00059475057,0.00060860463,0.000625506,0.0006438229,0.0006647213,0.0006883233,0.0007098537,0.0007265111,0.00074188114,0.0007582737,0.00077402266,0.00078910985,0.00080410985,0.0008167446,0.0008247475,0.00082802726,0.00082836405,0.00082812045,0.00082836405,0.00082802726,0.0008247475,0.0008167446,0.00080410985,0.0007891099,0.00077402266,0.0007582737,0.00074188114,0.0007265111,0.0007098538,0.0006883233,0.0006647213,0.00064382295,0.000625506,0.00060860463,0.00059475057,0.0005844053,0.00057280617,0.0005551481,0.0005344902,0.00051690417,0.0005004591,0.00047757648,0.00044753152,0.00041677838,0.0003899846,0.00036898028,0.00035490879,0.00034672068,0.00034055,0.00033108145,0.00031518663,0.00029481688,0.00027369274,0.0002536942,0.00023640139,0.00022298898,0.0002105069,0.00019459333,0.00017796061,0.00016755615,0.00016458186,0.00016629921,0.00016873109,0.0001650382,0.00015332321,0.00014014836,0.00013355652,0.00013688926
67,0.00013113457,0.00012775272,0.00013376288,0.00014775427,0.0001627882,0.00017026176,0.00016910874,0.00016657714,0.00016835058,0.00017685979,0.00019106123,0.00020512093,0.00021610095,0.00022832322,0.000245873,0.00026692206,0.00028800016,0.00030708552,0.00032118824,0.0003286562,0.00033351773,0.00034125822,0.00035313886,0.00036763583,0.00038574153,0.00041152124,0.0004436309,0.0004729785,0.00049457117,0.0005123563,0.00052931433,0.00054264633,0.00055056147,0.00055765326,0.0005694919,0.0005858571,0.00060299534,0.0006202043,0.0006393024,0.0006581538,0.00067226833,0.00068256503,0.000694111,0.00070860866,0.00072362134,0.00073579676,0.00074371917,0.0007491067,0.0007540147,0.0007581359,0.0007597743,0.000758136,0.0007540147,0.0007491067,0.0007437191,0.00073579676,0.00072362134,0.00070860866,0.000694111,0.0006825651,0.00067226833,0.00065815385,0.0006393024,0.0006202043,0.0006029954,0.0005858571,0.0005694919,0.00055765326,0.00055056147,0.00054264633,0.00052931433,0.0005123563,0.00049457117,0.00047297849,0.0004436309,0.00041152124,0.00038574153,0.00036763583,0.00035313886,0.00034125822,0.00033351773,0.0003286562,0.00032118824,0.00030708552,0.00028800016,0.00026692208,0.000245873,0.00022832322,0.00021610095,0.00020512093,0.00019106123,0.00017685979,0.00016835058,0.00016657714,0.00016910874,0.00017026177,0.0001627882,0.00014775427,0.00013376286,0.00012775272,0.00013113457
68,0.00012640063,0.00012360593,0.00012623788,0.00013742517,0.00015500464,0.00016952536,0.00017432519,0.00017355317,0.00017387528,0.00017849781,0.00018792874,0.00019943964,0.0002109636,0.00022528501,0.0002449249,0.00026660177,0.00028619962,0.00030304352,0.0003151095,0.00032016332,0.0003226816,0.000329198,0.0003393446,0.00034964154,0.00036129128,0.0003800235,0.0004083514,0.00044040882,0.00046817216,0.0004889084,0.00050435774,0.0005158595,0.0005227147,0.0005277278,0.0005376489,0.0005535747,0.0005692338,0.00058130815,0.0005932781,0.0006067081,0.00061756157,0.0006250874,0.0006352864,0.00065147335,0.0006678427,0.0006765876,0.0006779477,0.0006787642,0.000683601,0.0006901127,0.00069303944,0.0006901127,0.000683601,0.0006787642,0.0006779477,0.0006765876,0.0006678427,0.00065147335,0.0006352864,0.0006250874,0.00061756157,0.0006067081,0.0005932781,0.00058130815,0.0005692338,0.0005535747,0.000537649,0.0005277278,0.0005227147,0.0005158595,0.00050435774,0.0004889084,0.00046817216,0.00044040885,0.00040835136,0.0003800235,0.00036129128,0.00034964154,0.0003393446,0.000329198,0.0003226816,0.00032016332,0.00031510953,0.00030304352,0.00028619962,0.00026660177,0.0002449249,0.000225285,0.0002109636,0.00019943964,0.00018792874,0.0001784978,0.00017387528,0.00017355318,0.00017432519,0.00016952536,0.00015500464,0.00013742517,0.00012623788,0.00012360592,0.00012640063
69,0.000120157885,0.0001202536,0.00012193632,0.00013068109,0.00014794328,0.00016591384,0.0001759389,0.00017922527,0.00018082559,0.00018248506,0.00018559073,0.0001921419,0.00020345105,0.00022059442,0.00024281189,0.00026517553,0.000283,0.00029633337,0.00030536638,0.00030916088,0.00031185278,0.0003191592,0.000329824,0.0003400144,0.00034923095,0.00036039637,0.00037936986,0.00040826306,0.0004396746,0.0004634504,0.0004781026,0.0004886621,0.00049581483,0.00049976277,0.000506956,0.0005199809,0.0005320788,0.00053908327,0.00054566626,0.00055527745,0.00056467816,0.0005727699,0.00058503647,0.00060371286,0.0006202841,0.00062532874,0.0006215626,0.0006189465,0.00062248536,0.0006286085,0.0006313818,0.0006286085,0.00062248536,0.0006189465,0.0006215626,0.00062532874,0.0006202841,0.00060371286,0.00058503647,0.0005727699,0.00056467816,0.00055527745,0.00054566626,0.00053908327,0.0005320788,0.0005199809,0.000506956,0.00049976277,0.00049581483,0.0004886621,0.0004781026,0.0004634504,0.0004396746,0.00040826306,0.00037936986,0.00036039637,0.00034923095,0.00034001438,0.000329824,0.0003191592,0.00031185278,0.0003091609,0.00030536638,0.00029633337,0.000283,0.00026517556,0.00024281189,0.00022059442,0.00020345105,0.00019214189,0.00018559073,0.00018248506,0.00018082559,0.00017922526,0.00017593888,0.00016591384,0.0001479433,0.00013068109,0.00012193632,0.00012025359,0.000120157885
70,0.0001121144,0.00011759746,0.00012376571,0.000133116,0.00014677839,0.00016100737,0.0001716104,0.00017967122,0.0001862261,0.00018825661,0.0001859282,0.00018579683,0.00019423907,0.00021195346,0.00023511225,0.00025770708,0.00027405377,0.0002827888,0.00028649115,0.00028929306,0.00029631043,0.00030957765,0.00032520332,0.00033899036,0.00034843275,0.0003535222,0.000362425,0.00038408855,0.00041344177,0.00043624878,0.00044851738,0.00045736285,0.00046470473,0.00046828337,0.00047245732,0.00048079176,0.00048826088,0.0004919338,0.0004971365,0.00050685706,0.00051729643,0.0005275033,0.00054261595,0.00056333,0.0005796863,0.00058281,0.00057693693,0.00057227776,0.00057335326,0.0005770339,0.00057873374,0.0005770339,0.00057335326,0.00057227776,0.00057693693,0.00058281,0.00057968625,0.00056333,0.00054261595,0.0005275033,0.00051729643,0.00050685706,0.0004971365,0.0004919337,0.0004882609,0.00048079176,0.00047245732,0.00046828337,0.00046470473,0.00045736288,0.0004485174,0.00043624878,0.0004134418,0.00038408855,0.000362425,0.0003535222,0.00034843272,0.00033899033,0.00032520335,0.00030957765,0.00029631043,0.00028929306,0.00028649115,0.0002827888,0.00027405377,0.00025770708,0.00023511224,0.00021195348,0.00019423907,0.00018579685,0.0001859282,0.00018825661,0.00018622611,0.00017967122,0.0001716104,0.00016100737,0.00014677839,0.00013311602,0.00012376571,0.00011759746,0.0001121144
71,0.00010579667,0.00011589973,0.00012800583,0.00013908371,0.0001480119,0.0001555601,0.00016378025,0.00017507309,0.00018656426,0.00019038915,0.00018483165,0.00017926621,0.00018444748,0.00020142885,0.00022397688,0.00024575723,0.00026111124,0.00026601998,0.00026342177,0.0002638566,0.0002758183,0.00029710808,0.00031944166,0.00033706735,0.00034688026,0.00034937976,0.0003533392,0.0003685314,0.0003913936,0.00040885797,0.0004171359,0.00042335686,0.0004299914,0.0004338903,0.0004371705,0.00044336286,0.00044913994,0.0004522368,0.00045753445,0.0004677245,0.0004791323,0.0004904282,0.0005060286,0.0005262799,0.0005419199,0.0005453549,0.0005400781,0.000533998,0.0005311563,0.0005306904,0.00053067744,0.00053069036,0.0005311563,0.000533998,0.0005400781,0.0005453549,0.0005419199,0.00052627997,0.0005060286,0.0004904282,0.0004791323,0.0004677245,0.00045753445,0.0004522368,0.00044913994,0.00044336286,0.0004371705,0.00043389027,0.0004299914,0.00042335686,0.0004171359,0.00040885794,0.0003913936,0.0003685314,0.0003533392,0.00034937976,0.0003468803,0.00033706735,0.00031944166,0.00029710808,0.0002758183,0.0002638566,0.00026342177,0.00026602,0.00026111124,0.0002457572,0.00022397687,0.00020142885,0.00018444748,0.00017926621,0.00018483165,0.00019038915,0.00018656424,0.00017507307,0.00016378023,0.00015556012,0.0001480119,0.00013908371,0.00012800583,0.00011589973,0.00010579668
72,0.00010541732,0.00011609641,0.00012894566,0.00013893357,0.00014485147,0.00014917811,0.00015556747,0.00016644089,0.00017789053,0.00018120566,0.00017438912,0.00016759793,0.00017309174,0.00019126572,0.00021336222,0.00023319575,0.00024710616,0.00024998095,0.00024352034,0.00024177638,0.00025601513,0.00028159472,0.00030719562,0.00032571884,0.0003351055,0.00033853026,0.0003435501,0.0003557612,0.0003718753,0.00038323057,0.00038787254,0.00039123883,0.00039592414,0.00040023983,0.00040556813,0.0004144803,0.00042348937,0.00042845617,0.0004326183,0.0004407377,0.0004514414,0.00046198713,0.00047467594,0.00049029,0.00050247234,0.00050605816,0.0005029539,0.0004971576,0.0004910894,0.00048618112,0.00048415258,0.00048618112,0.0004910894,0.0004971576,0.0005029539,0.0005060581,0.00050247234,0.00049029,0.00047467594,0.00046198713,0.0004514414,0.0004407377,0.00043261828,0.00042845617,0.00042348937,0.0004144803,0.00040556813,0.00040023983,0.00039592414,0.00039123883,0.00038787254,0.00038323057,0.0003718753,0.00035576118,0.0003435501,0.00033853026,0.0003351055,0.0003257188,0.00030719562,0.00028159472,0.00025601513,0.00024177638,0.00024352035,0.00024998095,0.00024710616,0.00023319575,0.00021336222,0.00019126572,0.00017309173,0.00016759793,0.0001743891,0.00018120566,0.00017789053,0.00016644088,0.00015556747,0.00014917811,0.00014485148,0.00013893357,0.00012894564,0.0001160964,0.00010541732
73,0.00010798123,0.00011640237,0.00012465878,0.00013130806,0.00013767969,0.00014375529,0.00014918325,0.00015572872,0.00016222954,0.00016334461,0.000158008,0.00015472584,0.00016388213,0.00018399814,0.00020391187,0.00021818106,0.0002276611,0.00022980821,0.0002250686,0.00022560761,0.00024146083,0.00026744118,0.00029247536,0.00030987855,0.00031879402,0.00032388137,0.00033044105,0.0003401236,0.00035053273,0.00035781492,0.00036111922,0.0003628544,0.0003653605,0.00036970866,0.00037791693,0.00039119963,0.0004044994,0.0004112025,0.0004139791,0.00042084343,0.00043186054,0.00044139175,0.0004494574,0.00045809872,0.00046462048,0.0004665158,0.00046480173,0.00046039678,0.00045349717,0.00044634176,0.00044315006,0.00044634173,0.00045349717,0.00046039678,0.00046480173,0.0004665158,0.00046462048,0.00045809872,0.0004494574,0.00044139175,0.00043186054,0.00042084343,0.0004139791,0.0004112025,0.0004044994,0.00039119963,0.00037791693,0.0003697087,0.00036536052,0.0003628544,0.00036111925,0.00035781492,0.00035053273,0.00034012363,0.00033044105,0.00032388137,0.00031879402,0.00030987855,0.00029247536,0.0002674412,0.00024146082,0.00022560761,0.0002250686,0.00022980821,0.0002276611,0.00021818106,0.00020391187,0.00018399814,0.00016388211,0.00015472586,0.000158008,0.00016334461,0.00016222954,0.00015572872,0.00014918327,0.00014375529,0.00013767969,0.00013130807,0.00012465878,0.00011640237,0.000107981235
74,0.00010492839,0.00011229398,0.000116614014,0.00012193184,0.00013167493,0.00014128373,0.00014574583,0.00014704828,0.0001485304,0.00014930427,0.0001484222,0.0001504531,0.00016195746,0.00017985469,0.00019277819,0.00019771916,0.00020087462,0.0002036703,0.00020536804,0.00021292642,0.000232675,0.00025974677,0.00028431322,0.00030057816,0.000308732,0.00031326755,0.0003175904,0.0003221832,0.00032689996,0.0003315788,0.00033516358,0.0003364579,0.00033759244,0.00034248008,0.00035310848,0.00036832955,0.00038197092,0.00038807903,0.00039154704,0.00040162337,0.00041585922,0.00042538703,0.0004298898,0.00043349626,0.00043580317,0.00043508405,0.00043185128,0.00042713943,0.00042167996,0.00041691767,0.00041496288,0.00041691767,0.00042167996,0.00042713943,0.00043185128,0.00043508405,0.00043580314,0.00043349626,0.0004298898,0.00042538706,0.00041585922,0.00040162337,0.00039154702,0.00038807903,0.00038197092,0.00036832952,0.00035310848,0.00034248008,0.00033759244,0.0003364579,0.00033516358,0.0003315788,0.00032689996,0.0003221832,0.0003175904,0.00031326755,0.000308732,0.00030057816,0.00028431322,0.00025974677,0.000232675,0.00021292642,0.00020536804,0.0002036703,0.00020087462,0.00019771917,0.00019277819,0.0001798547,0.00016195746,0.0001504531,0.0001484222,0.00014930427,0.0001485304,0.00014704828,0.00014574584,0.00014128374,0.00013167493,0.00012193184,0.000116614014,0.00011229397,0.0001049284
75,9.344798e-05,0.00010214742,0.000106194915,0.000112806316,0.00012552514,0.00013695995,0.00014064997,0.00013995898,0.00014120221,0.00014553397,0.00014995114,0.00015449338,0.00016308154,0.00017369496,0.00017802583,0.00017585166,0.00017541701,0.00017948059,0.00018665788,0.00020066356,0.00022530422,0.00025563315,0.00028132892,0.00029653343,0.0003030336,0.00030555925,0.00030649724,0.00030647073,0.00030669384,0.0003088417,0.00031145668,0.00031112076,0.00031094428,0.00031719237,0.00032971945,0.00034402017,0.00035462083,0.00035944793,0.00036576702,0.0003803892,0.00039700436,0.00040647754,0.00041032187,0.0004133915,0.00041489766,0.00041224266,0.00040599352,0.00040022918,0.00039890493,0.00040131152,0.00040296846,0.00040131152,0.0003989049,0.0004002292,0.00040599352,0.00041224266,0.00041489766,0.0004133915,0.00041032187,0.00040647754,0.00039700436,0.00038038922,0.00036576702,0.00035944793,0.00035462083,0.00034402014,0.00032971945,0.00031719237,0.00031094428,0.00031112076,0.00031145668,0.00030884173,0.00030669384,0.00030647073,0.00030649724,0.00030555928,0.00030303356,0.00029653343,0.00028132892,0.00025563312,0.00022530422,0.00020066355,0.00018665788,0.00017948059,0.00017541701,0.00017585166,0.00017802585,0.00017369496,0.00016308154,0.00015449338,0.00014995116,0.00014553397,0.00014120221,0.00013995898,0.00014064997,0.00013695996,0.00012552513,0.00011280632,0.000106194915,0.000102147416,9.3447976e-05
76,7.978131e-05,9.044749e-05,9.6248616e-05,0.000103982165,0.000116276635,0.00012607058,0.0001290573,0.00013065661,0.00013717246,0.00014772222,0.00015598777,0.0001591441,0.00016116138,0.00016388498,0.00016355491,0.00016044296,0.00016007932,0.000163964,0.00017152244,0.00018707517,0.00021430169,0.0002472289,0.00027370112,0.0002875447,0.00029227248,0.0002937047,0.00029455527,0.00029487984,0.0002942801,0.00029377994,0.0002926336,0.00028823677,0.00028562406,0.00029208744,0.00030470837,0.00031660823,0.0003245161,0.00032954145,0.00033825942,0.00035360537,0.0003684395,0.00037727208,0.00038340501,0.0003893465,0.00039193087,0.00038865051,0.00038180727,0.00037827183,0.00038378706,0.00039464686,0.0004001731,0.0003946469,0.00038378706,0.00037827186,0.00038180727,0.00038865051,0.00039193087,0.0003893465,0.00038340501,0.00037727208,0.0003684395,0.00035360534,0.00033825942,0.00032954145,0.0003245161,0.00031660823,0.00030470837,0.00029208747,0.00028562406,0.00028823677,0.0002926336,0.00029377994,0.00029428006,0.00029487986,0.00029455527,0.00029370474,0.00029227248,0.0002875447,0.00027370112,0.0002472289,0.0002143017,0.00018707517,0.00017152244,0.00016396398,0.00016007932,0.00016044296,0.00016355491,0.00016388498,0.00016116138,0.0001591441,0.00015598777,0.00014772222,0.00013717246,0.00013065661,0.00012905728,0.00012607056,0.00011627663,0.000103982165,9.624861e-05,9.0447495e-05,7.978131e-05
77,7.216842e-05,8.4001374e-05,9.168893e-05,9.923357e-05,0.00010792391,0.00011325434,0.00011536328,0.000121460645,0.00013477818,0.00015022742,0.00016039607,0.00016265227,0.00016084017,0.00015921143,0.00015760153,0.00015566192,0.00015563003,0.00015788054,0.00016273884,0.00017569384,0.00020126087,0.00023317963,0.00025853116,0.00027118102,0.0002749568,0.0002764289,0.00027972978,0.00028432845,0.0002863924,0.00028451995,0.00027885364,0.00026956463,0.00026358414,0.00026797072,0.00027811242,0.00028692157,0.00029322915,0.00029905178,0.00030832717,0.00032144674,0.00033329226,0.00034232181,0.00035140078,0.00035941554,0.00036199042,0.00035890922,0.00035491795,0.0003569136,0.0003692178,0.00038611022,0.0003941737,0.0003861102,0.0003692178,0.00035691363,0.00035491795,0.00035890922,0.00036199042,0.00035941554,0.00035140078,0.00034232181,0.00033329226,0.00032144674,0.00030832714,0.00029905178,0.00029322915,0.00028692157,0.00027811242,0.00026797072,0.00026358414,0.00026956463,0.00027885364,0.00028451998,0.0002863924,0.00028432845,0.00027972978,0.00027642888,0.0002749568,0.00027118102,0.00025853116,0.00023317963,0.00020126087,0.00017569384,0.00016273884,0.00015788054,0.00015563003,0.00015566192,0.00015760153,0.00015921143,0.00016084017,0.00016265227,0.00016039607,0.00015022742,0.00013477818,0.000121460645,0.000115363284,0.00011325433,0.000107923915,9.923357e-05,9.168894e-05,8.4001374e-05,7.216842e-05
78,7.180061e-05,8.276195e-05,9.1087626e-05,9.817282e-05,0.00010366874,0.00010557956,0.000107924025,0.00011804278,0.00013478578,0.00015045199,0.0001607709,0.00016570259,0.00016657515,0.0001650972,0.00016232702,0.00015953329,0.00015909577,0.00016093058,0.0001640158,0.00017234086,0.00019137475,0.000217406,0.00023948606,0.000251621,0.00025592302,0.00025794213,0.00026307756,0.0002714516,0.00027743075,0.00027668616,0.00026866596,0.00025601147,0.00024736143,0.00024906744,0.00025583358,0.0002609978,0.00026484634,0.00027015057,0.00027922064,0.00029106752,0.00030231714,0.00031282203,0.00032309795,0.0003299604,0.00033080275,0.00032866397,0.00032897908,0.00033552223,0.00034996142,0.00036750414,0.00037578223,0.00036750414,0.0003499614,0.00033552223,0.00032897908,0.00032866397,0.00033080275,0.00032996043,0.00032309795,0.00031282203,0.00030231714,0.00029106752,0.00027922064,0.0002701506,0.0002648463,0.0002609978,0.00025583358,0.00024906744,0.00024736143,0.00025601147,0.00026866596,0.00027668616,0.00027743075,0.0002714516,0.00026307756,0.00025794213,0.00025592302,0.000251621,0.00023948606,0.00021740599,0.00019137474,0.00017234086,0.0001640158,0.00016093058,0.00015909577,0.0001595333,0.00016232702,0.0001650972,0.00016657516,0.00016570257,0.0001607709,0.00015045199,0.00013478578,0.00011804278,0.000107924025,0.00010557956,0.00010366873,9.8172815e-05,9.1087626e-05,8.276195e-05,7.180061e-05
79,7.382364e-05,8.116474e-05,8.774379e-05,9.43076e-05,9.987341e-05,0.00010312194,0.00010819632,0.00012016489,0.00013528604,0.00014676448,0.00015529957,0.00016398786,0.00017079565,0.00017192226,0.00016786519,0.0001639591,0.00016521454,0.00017040494,0.00017442773,0.00017769256,0.00018684605,0.00020345736,0.0002207727,0.0002329997,0.00023920552,0.00024224696,0.00024755474,0.00025706884,0.0002657929,0.00026740896,0.00025980998,0.00024689123,0.00023776914,0.00023757381,0.00024113723,0.00024244736,0.00024273906,0.00024640953,0.00025542732,0.0002673118,0.00027898813,0.00028996094,0.00029871278,0.00030258158,0.0003024446,0.00030345394,0.00030864053,0.00031625482,0.0003257469,0.00033674092,0.00034225165,0.00033674092,0.0003257469,0.0003162548,0.00030864053,0.00030345394,0.00030244456,0.00030258158,0.00029871275,0.00028996094,0.00027898813,0.0002673118,0.00025542732,0.00024640956,0.00024273904,0.00024244736,0.00024113723,0.00023757381,0.00023776914,0.00024689123,0.00025980998,0.000267409,0.00026579289,0.00025706884,0.00024755474,0.00024224696,0.00023920553,0.00023299971,0.0002207727,0.00020345734,0.00018684607,0.00017769256,0.00017442774,0.00017040494,0.00016521453,0.0001639591,0.00016786519,0.00017192226,0.00017079565,0.00016398786,0.00015529957,0.00014676448,0.00013528604,0.00012016489,0.00010819631,0.000103121936,9.98734e-05,9.43076e-05,8.774379e-05,8.116474e-05,7.382364e-05
80,7.463011e-05,7.834745e-05,8.21247e-05,8.728205e-05,9.438568e-05,0.000102050544,0.00011091281,0.00012239977,0.00013322194,0.00013963255,0.00014537713,0.00015507839,0.00016477023,0.00016716585,0.0001630167,0.00016092468,0.00016709545,0.00017841272,0.00018565732,0.00018567406,0.00018619756,0.00019376764,0.00020602549,0.00021809607,0.00022645203,0.00023048953,0.00023457967,0.00024243946,0.00025092583,0.0002535489,0.0002477784,0.00023771064,0.0002303897,0.00022887492,0.00022965179,0.00022833131,0.00022613356,0.00022838626,0.00023710263,0.00024870722,0.00025959025,0.0002680424,0.00027200964,0.00027199887,0.0002725436,0.00027852162,0.00028851026,0.00029485297,0.00029558752,0.00029618345,0.0002972157,0.00029618345,0.00029558752,0.00029485297,0.00028851026,0.00027852162,0.0002725436,0.00027199887,0.0002720096,0.00026804238,0.00025959025,0.00024870722,0.00023710263,0.00022838626,0.00022613356,0.00022833131,0.00022965179,0.00022887492,0.0002303897,0.00023771063,0.00024777837,0.0002535489,0.00025092583,0.00024243948,0.00023457967,0.00023048953,0.00022645204,0.00021809607,0.00020602549,0.00019376766,0.00018619755,0.00018567406,0.00018565732,0.00017841272,0.00016709545,0.00016092467,0.0001630167,0.00016716585,0.00016477023,0.00015507839,0.00014537713,0.00013963255,0.00013322194,0.00012239977,0.00011091282,0.00010205055,9.438568e-05,8.728205e-05,8.2124694e-05,7.8347446e-05,7.463011e-05
81,7.2752184e-05,7.619718e-05,7.9477235e-05,8.348773e-05,9.112815e-05,0.00010170897,0.00011184881,0.00012010458,0.00012625355,0.0001299167,0.000133996,0.00014149303,0.00014862095,0.0001499529,0.0001487704,0.00015289208,0.00016504554,0.00018076086,0.00019035958,0.00018946979,0.00018583822,0.00018748366,0.00019447261,0.00020441758,0.0002137007,0.00021884494,0.00022184782,0.00022680717,0.00023266004,0.00023442249,0.00023022637,0.00022352808,0.00021845149,0.0002164254,0.00021652965,0.0002159925,0.00021403935,0.00021486686,0.00022145294,0.00023110982,0.00023990455,0.0002441436,0.00024190372,0.0002379067,0.00023946226,0.00024914223,0.00026126928,0.0002652776,0.00025907476,0.00025180404,0.00024938374,0.00025180404,0.00025907473,0.0002652776,0.00026126928,0.00024914223,0.00023946227,0.0002379067,0.0002419037,0.0002441436,0.00023990455,0.00023110982,0.00022145295,0.00021486686,0.00021403935,0.0002159925,0.00021652965,0.0002164254,0.00021845149,0.0002235281,0.00023022637,0.00023442248,0.00023266004,0.00022680717,0.00022184782,0.00021884494,0.0002137007,0.00020441758,0.00019447262,0.00018748367,0.00018583822,0.00018946978,0.0001903596,0.00018076086,0.00016504554,0.00015289208,0.0001487704,0.0001499529,0.00014862095,0.00014149302,0.000133996,0.00012991669,0.00012625355,0.00012010458,0.0001118488,0.000101708974,9.112815e-05,8.348772e-05,7.9477235e-05,7.619718e-05,7.2752184e-05
82,6.702903e-05,7.2561954e-05,7.890297e-05,8.429801e-05,9.202557e-05,0.00010226296,0.000109431974,0.00011124059,0.00011211958,0.00011516444,0.0001200799,0.0001254473,0.00012830546,0.00012892061,0.0001342399,0.00014757687,0.00016453999,0.00018002489,0.00018825007,0.00018689354,0.0001828503,0.00018187267,0.0001834671,0.00018826472,0.00019587856,0.00020234696,0.00020615311,0.0002096376,0.00021348996,0.00021461895,0.00021111706,0.00020555838,0.00020119379,0.0001997723,0.00020224041,0.00020575027,0.0002060445,0.0002049153,0.00020691901,0.00021231196,0.00021773591,0.0002181549,0.0002119237,0.00020623316,0.00020914289,0.00022005558,0.00023084844,0.00023226699,0.00022357781,0.00021390116,0.00021028431,0.00021390116,0.00022357781,0.00023226699,0.00023084844,0.00022005558,0.00020914288,0.00020623316,0.0002119237,0.0002181549,0.00021773591,0.00021231195,0.000206919,0.0002049153,0.0002060445,0.00020575027,0.00020224041,0.0001997723,0.0002011938,0.00020555838,0.00021111705,0.00021461895,0.00021348997,0.00020963761,0.0002061531,0.00020234694,0.00019587856,0.00018826472,0.00018346708,0.00018187267,0.0001828503,0.00018689355,0.00018825005,0.00018002487,0.00016453999,0.00014757685,0.00013423992,0.0001289206,0.00012830546,0.00012544729,0.0001200799,0.00011516444,0.00011211958,0.00011124059,0.000109431974,0.00010226296,9.202556e-05,8.429801e-05,7.890297e-05,7.2561954e-05,6.702903e-05
83,5.8088674e-05,6.532569e-05,7.6170814e-05,8.561209e-05,9.422369e-05,0.00010172793,0.00010301475,9.720716e-05,9.294166e-05,9.647317e-05,0.000104593404,0.00011077518,0.0001118255,0.000113205584,0.00012476704,0.00014544508,0.00016462435,0.00017673551,0.00018089607,0.0001787082,0.00017652015,0.00017626042,0.00017434609,0.00017266336,0.00017550994,0.00018149681,0.00018694637,0.00019178324,0.00019695229,0.00019919977,0.00019540501,0.00018839835,0.00018333204,0.00018353637,0.00018970892,0.00019714783,0.000199175,0.000196067,0.00019353186,0.00019430314,0.00019587111,0.0001935102,0.00018686947,0.00018314137,0.00018848287,0.0001997847,0.0002086881,0.00020933597,0.00020231568,0.00019399758,0.00019055668,0.00019399758,0.00020231568,0.00020933597,0.00020868808,0.0001997847,0.00018848287,0.00018314135,0.00018686947,0.0001935102,0.00019587111,0.00019430315,0.00019353187,0.00019606699,0.000199175,0.00019714783,0.00018970892,0.00018353637,0.00018333204,0.00018839836,0.00019540502,0.00019919977,0.00019695227,0.00019178324,0.00018694637,0.0001814968,0.00017550995,0.00017266336,0.00017434607,0.00017626042,0.00017652015,0.0001787082,0.00018089607,0.00017673551,0.00016462433,0.00014544508,0.00012476704,0.000113205584,0.00011182551,0.00011077518,0.0001045934,9.647317e-05,9.2941664e-05,9.7207165e-05,0.00010301475,0.00010172793,9.422369e-05,8.561209e-05,7.6170814e-05,6.532569e-05,5.8088674e-05
84,5.0267285e-05,5.737208e-05,7.106424e-05,8.502343e-05,9.532896e-05,9.938117e-05,9.457109e-05,8.326711e-05,7.632605e-05,8.127175e-05,9.3494134e-05,0.00010306411,0.000105335,0.00010744043,0.00012038297,0.00014199925,0.0001595597,0.000167166,0.0001672745,0.00016486636,0.00016581695,0.0001688532,0.00016705657,0.00016126796,0.00015845697,0.00016116042,0.00016733103,0.00017607523,0.00018594519,0.00019035948,0.00018499987,0.00017506265,0.00016894744,0.00017091322,0.00017968132,0.00018852367,0.00019055659,0.0001863197,0.00018169107,0.00018009229,0.00017928422,0.0001758596,0.00017167511,0.00017238804,0.00018071049,0.00019258923,0.00020115948,0.00020344644,0.00019982003,0.0001932125,0.00018978895,0.0001932125,0.00019982002,0.00020344646,0.00020115949,0.00019258924,0.0001807105,0.00017238806,0.00017167513,0.0001758596,0.00017928422,0.00018009228,0.00018169107,0.0001863197,0.00019055659,0.00018852367,0.00017968132,0.0001709132,0.00016894744,0.00017506265,0.00018499985,0.00019035948,0.00018594519,0.00017607522,0.00016733103,0.00016116042,0.00015845697,0.00016126796,0.00016705657,0.0001688532,0.00016581695,0.00016486636,0.0001672745,0.000167166,0.0001595597,0.00014199925,0.00012038297,0.00010744042,0.000105335,0.00010306411,9.3494134e-05,8.127175e-05,7.632605e-05,8.326711e-05,9.4571085e-05,9.938117e-05,9.5328964e-05,8.502342e-05,7.106424e-05,5.737208e-05,5.0267285e-05
85,4.645951e-05,5.112413e-05,6.4785454e-05,8.158364e-05,9.373925e-05,9.5879186e-05,8.780761e-05,7.505354e-05,6.8466834e-05,7.481736e-05,8.9721754e-05,0.000102932376,0.0001081528,0.0001105438,0.00012041478,0.00013696178,0.00014881174,0.00015075461,0.00014742152,0.00014535463,0.0001489842,0.0001555495,0.0001572913,0.00015286912,0.00014778078,0.0001472024,0.00015340971,0.00016635706,0.00018098284,0.00018689198,0.00017973951,0.00016755861,0.00016038299,0.00016174726,0.00016956823,0.00017772219,0.00018040853,0.0001775332,0.00017343316,0.00017148367,0.00017021724,0.00016762906,0.0001670036,0.00017189332,0.00018213008,0.00019425114,0.00020324078,0.00020676247,0.00020385248,0.00019601476,0.00019145392,0.00019601476,0.00020385248,0.00020676246,0.00020324076,0.00019425114,0.0001821301,0.00017189332,0.0001670036,0.00016762907,0.00017021724,0.00017148368,0.00017343316,0.00017753322,0.00018040853,0.00017772219,0.00016956821,0.00016174726,0.000160383,0.0001675586,0.00017973951,0.000186892,0.00018098282,0.00016635706,0.0001534097,0.0001472024,0.00014778078,0.0001528691,0.0001572913,0.0001555495,0.0001489842,0.00014535463,0.00014742152,0.00015075461,0.00014881173,0.00013696178,0.000120414785,0.0001105438,0.00010815281,0.000102932376,8.972175e-05,7.481736e-05,6.8466834e-05,7.505354e-05,8.780762e-05,9.5879186e-05,9.373924e-05,8.158364e-05,6.4785454e-05,5.1124127e-05,4.6459514e-05
86,4.3601256e-05,4.498234e-05,5.741872e-05,7.553799e-05,8.941576e-05,9.235851e-05,8.556901e-05,7.555219e-05,7.118914e-05,7.735481e-05,9.1255526e-05,0.0001054552,0.00011342991,0.00011694935,0.00012380043,0.0001340259,0.00013851974,0.00013419476,0.00012758072,0.00012499969,0.00012902272,0.00013733558,0.0001440433,0.00014564034,0.00014332612,0.00014254783,0.0001491804,0.00016398416,0.00017955838,0.0001844262,0.0001760053,0.00016380352,0.00015638309,0.00015464876,0.00015766223,0.00016378277,0.00016920143,0.00017110698,0.0001701384,0.0001690896,0.00016838827,0.00016756686,0.00016938073,0.00017555847,0.00018528233,0.00019677039,0.00020554329,0.000207253,0.0001999025,0.00018693268,0.00018006016,0.00018693268,0.00019990251,0.00020725302,0.00020554329,0.00019677039,0.00018528233,0.00017555845,0.00016938074,0.00016756688,0.00016838827,0.00016908962,0.0001701384,0.00017110699,0.00016920145,0.00016378277,0.00015766223,0.00015464876,0.00015638309,0.00016380352,0.0001760053,0.0001844262,0.00017955838,0.00016398416,0.00014918041,0.00014254783,0.00014332612,0.00014564034,0.00014404331,0.00013733558,0.00012902272,0.0001249997,0.00012758072,0.00013419476,0.00013851974,0.0001340259,0.00012380042,0.00011694935,0.00011342992,0.00010545519,9.1255526e-05,7.735481e-05,7.118915e-05,7.555219e-05,8.556901e-05,9.235852e-05,8.941576e-05,7.553799e-05,5.741872e-05,4.498234e-05,4.3601256e-05
87,3.8340135e-05,3.803365e-05,4.992648e-05,6.893741e-05,8.4569314e-05,9.0433736e-05,8.848104e-05,8.3888415e-05,8.1934595e-05,8.5660766e-05,9.4854266e-05,0.0001063894,0.00011552913,0.000121482015,0.0001281755,0.00013483339,0.00013447923,0.00012629593,0.00011727881,0.000112613714,0.00011414268,0.00012138144,0.00013102008,0.00013854256,0.0001414276,0.00014364014,0.00015163884,0.00016560171,0.00017751804,0.00017809797,0.00016801369,0.00015722949,0.00015123794,0.00014751872,0.00014579983,0.00014931097,0.00015722818,0.00016486447,0.00016883633,0.00016972632,0.0001699623,0.00017108323,0.00017400479,0.00017903013,0.00018673546,0.00019674329,0.00020368666,0.00020078864,0.00018662229,0.00016810812,0.00015923637,0.00016810812,0.00018662229,0.00020078864,0.00020368666,0.00019674329,0.00018673546,0.00017903012,0.00017400477,0.00017108323,0.0001699623,0.00016972632,0.00016883633,0.00016486447,0.00015722818,0.00014931097,0.00014579983,0.00014751872,0.00015123794,0.00015722949,0.00016801369,0.00017809797,0.00017751803,0.00016560171,0.00015163884,0.00014364012,0.0001414276,0.00013854254,0.00013102006,0.00012138145,0.00011414268,0.000112613714,0.0001172788,0.00012629593,0.00013447923,0.00013483338,0.0001281755,0.00012148201,0.00011552913,0.0001063894,9.485426e-05,8.566076e-05,8.193459e-05,8.388841e-05,8.848104e-05,9.0433736e-05,8.456931e-05,6.89374e-05,4.992648e-05,3.803365e-05,3.8340135e-05
88,3.3451e-05,3.2992277e-05,4.3386222e-05,6.123113e-05,7.805724e-05,8.844255e-05,9.322729e-05,9.4318704e-05,9.358446e-05,9.371506e-05,9.721514e-05,0.000104568535,0.00011375578,0.00012270492,0.00013123389,0.00013764242,0.0001373868,0.000130215,0.000120683966,0.00011264858,0.00010953714,0.00011317467,0.000121684374,0.00013073988,0.00013694563,0.00014255413,0.00015180839,0.0001629539,0.00016884472,0.0001644654,0.00015333806,0.00014422626,0.00014014845,0.00013711407,0.00013457894,0.00013735172,0.00014648735,0.00015740417,0.00016480376,0.0001669967,0.00016779866,0.00017070826,0.00017454517,0.00017838198,0.00018422463,0.0001920806,0.00019594232,0.0001889357,0.00017152261,0.00015223322,0.0001435735,0.0001522332,0.00017152261,0.00018893571,0.00019594232,0.0001920806,0.00018422463,0.00017838196,0.00017454519,0.00017070826,0.00016779866,0.00016699669,0.00016480376,0.00015740417,0.00014648736,0.00013735173,0.00013457894,0.00013711407,0.00014014845,0.00014422626,0.00015333806,0.0001644654,0.00016884472,0.00016295389,0.00015180837,0.00014255411,0.00013694563,0.00013073988,0.00012168438,0.00011317467,0.00010953714,0.00011264859,0.00012068396,0.000130215,0.00013738679,0.00013764242,0.00013123389,0.00012270492,0.00011375577,0.00010456853,9.721514e-05,9.371507e-05,9.358445e-05,9.4318704e-05,9.322729e-05,8.844255e-05,7.805724e-05,6.123113e-05,4.338622e-05,3.2992277e-05,3.3451e-05
89,3.546371e-05,3.476542e-05,4.017628e-05,5.2016374e-05,6.778022e-05,8.336889e-05,9.516351e-05,0.00010027909,9.921736e-05,9.614578e-05,9.526425e-05,9.8935154e-05,0.0001076617,0.000118786906,0.00012906446,0.00013721922,0.00014152552,0.00014015305,0.00013249792,0.000121185185,0.000113231865,0.00011319536,0.00011864686,0.000124794,0.00012953693,0.00013511245,0.00014334026,0.00015033994,0.00015061736,0.00014358506,0.00013377701,0.00012672838,0.00012400275,0.00012295443,0.00012306764,0.00012807501,0.00013851946,0.00014973001,0.00015675218,0.00015801583,0.00015798645,0.00016083116,0.00016440474,0.00016725634,0.00017154319,0.00017702623,0.00017894706,0.0001727706,0.00015964231,0.00014585324,0.00013978989,0.00014585324,0.00015964231,0.00017277061,0.00017894707,0.00017702623,0.00017154319,0.00016725635,0.00016440474,0.00016083116,0.00015798645,0.00015801583,0.0001567522,0.00014973001,0.00013851946,0.00012807501,0.00012306764,0.00012295444,0.00012400276,0.00012672838,0.00013377701,0.00014358506,0.00015061736,0.00015033994,0.00014334026,0.00013511244,0.00012953694,0.000124794,0.000118646865,0.00011319536,0.00011323186,0.00012118518,0.00013249792,0.00014015305,0.00014152552,0.00013721922,0.00012906446,0.000118786906,0.000107661705,9.8935154e-05,9.526425e-05,9.614577e-05,9.921737e-05,0.000100279096,9.5163516e-05,8.336888e-05,6.7780216e-05,5.2016367e-05,4.0176285e-05,3.476542e-05,3.5463705e-05
90,4.6370427e-05,4.5265184e-05,4.3328306e-05,4.5269826e-05,5.678446e-05,7.595519e-05,9.322356e-05,0.00010024903,9.7812605e-05,9.254863e-05,8.9239555e-05,9.022911e-05,9.7179174e-05,0.00010779048,0.000117998454,0.00012762327,0.00013713934,0.00014312475,0.00014007707,0.00012865891,0.000118644995,0.00011729164,0.00012087972,0.0001230029,0.0001233614,0.00012561174,0.00013033161,0.00013262779,0.00012864309,0.00012061121,0.00011332104,0.00010956783,0.00010925165,0.000110533,0.00011342397,0.000120808916,0.0001320977,0.00014194848,0.00014636182,0.00014506694,0.00014217313,0.00014193638,0.00014361668,0.00014582125,0.00014902573,0.00015246635,0.00015439284,0.00015361352,0.00014964028,0.0001441458,0.00014144534,0.0001441458,0.00014964028,0.00015361351,0.00015439285,0.00015246635,0.00014902573,0.00014582125,0.00014361668,0.00014193638,0.00014217311,0.00014506694,0.00014636182,0.00014194846,0.00013209769,0.00012080891,0.00011342397,0.000110532994,0.000109251654,0.00010956784,0.00011332104,0.00012061121,0.00012864308,0.0001326278,0.00013033161,0.00012561174,0.0001233614,0.00012300292,0.00012087972,0.000117291645,0.000118644995,0.00012865891,0.00014007707,0.00014312474,0.00013713934,0.00012762327,0.000117998454,0.00010779048,9.7179174e-05,9.022911e-05,8.9239555e-05,9.254863e-05,9.7812605e-05,0.00010024903,9.3223556e-05,7.595519e-05,5.678446e-05,4.5269826e-05,4.3328306e-05,4.5265184e-05,4.6370427e-05
91,5.9804428e-05,5.8406513e-05,5.039209e-05,4.305086e-05,4.8690144e-05,6.8657755e-05,8.947466e-05,9.768327e-05,9.3985385e-05,8.7320295e-05,8.282348e-05,8.187021e-05,8.575979e-05,9.317098e-05,0.00010100956,0.00010948075,0.00012003923,0.00013003232,0.00013255265,0.00012552139,0.00011756802,0.000116934694,0.00012015665,0.00012060096,0.00011909999,0.0001192254,0.0001199384,0.000117147385,0.00010958837,0.000100876336,9.624056e-05,9.7595526e-05,0.000101765036,0.000105171406,0.00010889101,0.00011644916,0.00012680884,0.00013465981,0.00013646163,0.00013214597,0.00012533306,0.00012143605,0.000122172,0.00012536351,0.00012849829,0.000130323,0.00013200579,0.00013499378,0.00013741203,0.00013742787,0.0001368717,0.00013742787,0.00013741203,0.00013499378,0.0001320058,0.000130323,0.00012849827,0.0001253635,0.00012217199,0.00012143606,0.00012533307,0.00013214597,0.00013646165,0.00013465981,0.00012680885,0.00011644916,0.00010889101,0.000105171406,0.000101765036,9.759552e-05,9.624056e-05,0.00010087634,0.00010958837,0.000117147385,0.000119938406,0.0001192254,0.00011909999,0.000120600955,0.000120156656,0.000116934694,0.00011756802,0.00012552139,0.00013255267,0.0001300323,0.00012003922,0.00010948075,0.00010100956,9.317098e-05,8.575979e-05,8.187021e-05,8.282348e-05,8.73203e-05,9.398539e-05,9.768327e-05,8.947466e-05,6.8657755e-05,4.869014e-05,4.3050863e-05,5.039209e-05,5.8406513e-05,5.9804428e-05
92,6.699975e-05,6.5383094e-05,5.4845645e-05,4.2923362e-05,4.391492e-05,6.215265e-05,8.41719e-05,9.371611e-05,9.01709e-05,8.303893e-05,7.781144e-05,7.555613e-05,7.680615e-05,8.063158e-05,8.524414e-05,9.073144e-05,9.828618e-05,0.00010690671,0.00011172866,0.00010957697,0.00010549957,0.00010632797,0.00011033041,0.000112773036,0.00011418565,0.000115205534,0.00011257741,0.00010466542,9.4336596e-05,8.610603e-05,8.470468e-05,9.1265e-05,9.9719764e-05,0.00010481588,0.000109336244,0.00011727339,0.00012650265,0.00013214775,0.00013135126,0.00012418334,0.00011447606,0.00010861864,0.00010932435,0.00011342159,0.000116761425,0.000118090946,0.00011888506,0.000120837045,0.00012236563,0.00012147784,0.00012041132,0.00012147784,0.00012236563,0.00012083704,0.00011888506,0.000118090946,0.000116761425,0.00011342159,0.00010932434,0.00010861864,0.00011447606,0.00012418335,0.00013135126,0.00013214776,0.00012650267,0.00011727338,0.00010933624,0.000104815874,9.9719764e-05,9.126499e-05,8.470469e-05,8.610603e-05,9.4336596e-05,0.000104665414,0.000112577414,0.000115205534,0.00011418565,0.000112773036,0.00011033041,0.00010632796,0.00010549957,0.00010957696,0.000111728674,0.0001069067,9.828618e-05,9.073144e-05,8.5244144e-05,8.063158e-05,7.680615e-05,7.5556134e-05,7.781145e-05,8.3038925e-05,9.01709e-05,9.371611e-05,8.417191e-05,6.2152656e-05,4.391492e-05,4.292337e-05,5.4845645e-05,6.538309e-05,6.699975e-05
93,6.696851e-05,6.573716e-05,5.5955148e-05,4.4495453e-05,4.307164e-05,5.6785648e-05,7.58423e-05,8.5626554e-05,8.410896e-05,7.886679e-05,7.449546e-05,7.206002e-05,7.196024e-05,7.35698e-05,7.600366e-05,7.902125e-05,8.270136e-05,8.671719e-05,8.927136e-05,8.872136e-05,8.723224e-05,8.8825655e-05,9.405293e-05,0.0001009432,0.000107490596,0.00011007273,0.000104774605,9.318006e-05,8.176719e-05,7.557866e-05,7.7285804e-05,8.635816e-05,9.662137e-05,0.0001040482,0.00011239599,0.00012385682,0.000133461,0.00013644107,0.00013244119,0.00012346878,0.00011313493,0.0001060577,0.00010443314,0.0001064457,0.0001093313,0.000111820365,0.00011313292,0.00011271727,0.000109436696,0.0001033624,9.9898054e-05,0.0001033624,0.000109436696,0.00011271727,0.00011313292,0.000111820365,0.00010933129,0.000106445696,0.000104433144,0.0001060577,0.00011313492,0.00012346878,0.00013244119,0.00013644109,0.000133461,0.00012385682,0.00011239599,0.0001040482,9.662137e-05,8.635816e-05,7.7285804e-05,7.557866e-05,8.17672e-05,9.318007e-05,0.000104774605,0.00011007273,0.0001074906,0.000100943194,9.405293e-05,8.8825655e-05,8.723224e-05,8.872137e-05,8.927136e-05,8.671719e-05,8.270136e-05,7.902125e-05,7.600366e-05,7.3569805e-05,7.196024e-05,7.206002e-05,7.449546e-05,7.88668e-05,8.410895e-05,8.562655e-05,7.58423e-05,5.678564e-05,4.307164e-05,4.4495453e-05,5.5955148e-05,6.573716e-05,6.696851e-05
94,6.813935e-05,6.7711415e-05,5.9531336e-05,5.0368326e-05,4.758358e-05,5.464558e-05,6.7043846e-05,7.543958e-05,7.718666e-05,7.609186e-05,7.4161624e-05,7.203108e-05,7.1272494e-05,7.259847e-05,7.4883676e-05,7.622043e-05,7.608537e-05,7.5341646e-05,7.471656e-05,7.3964045e-05,7.2761235e-05,7.2609146e-05,7.714963e-05,8.767236e-05,9.865151e-05,0.00010225112,9.553509e-05,8.270403e-05,7.169729e-05,6.751614e-05,7.074407e-05,7.962491e-05,9.041149e-05,0.00010155056,0.00011572638,0.00013180576,0.00014200338,0.00014166272,0.00013395908,0.00012415084,0.000114879236,0.000106818785,0.00010120623,9.953164e-05,0.00010167953,0.000105883766,0.00010910142,0.00010858539,0.000102911814,9.388298e-05,8.909412e-05,9.3882976e-05,0.00010291182,0.00010858539,0.00010910142,0.000105883766,0.00010167953,9.953164e-05,0.00010120623,0.000106818785,0.000114879236,0.00012415083,0.00013395908,0.00014166272,0.00014200337,0.00013180578,0.00011572638,0.00010155056,9.041149e-05,7.962491e-05,7.074406e-05,6.751614e-05,7.169729e-05,8.270402e-05,9.553509e-05,0.00010225112,9.86515e-05,8.7672364e-05,7.714963e-05,7.260915e-05,7.2761235e-05,7.3964045e-05,7.471656e-05,7.5341646e-05,7.608537e-05,7.622042e-05,7.4883676e-05,7.2598465e-05,7.1272494e-05,7.203107e-05,7.4161624e-05,7.609186e-05,7.718666e-05,7.543958e-05,6.7043846e-05,5.464558e-05,4.758358e-05,5.0368326e-05,5.9531336e-05,6.7711415e-05,6.813935e-05
95,7.681774e-05,7.6357e-05,6.870816e-05,6.119409e-05,5.7347996e-05,5.8171623e-05,6.367755e-05,7.0010916e-05,7.400071e-05,7.549466e-05,7.417437e-05,7.112631e-05,6.9928436e-05,7.24682e-05,7.625132e-05,7.7066e-05,7.437515e-05,7.116921e-05,6.996292e-05,7.010595e-05,6.820648e-05,6.3869666e-05,6.4110274e-05,7.4085016e-05,8.644931e-05,9.0524256e-05,8.43695e-05,7.34127e-05,6.432233e-05,6.065028e-05,6.301263e-05,7.1209244e-05,8.377248e-05,9.889628e-05,0.00011614309,0.00013292878,0.00014192043,0.00013880577,0.00012838654,0.0001183289,0.00011098214,0.000103753046,9.628134e-05,9.239523e-05,9.4044255e-05,9.8762415e-05,0.00010262737,0.0001030699,9.917109e-05,9.2716095e-05,8.936171e-05,9.27161e-05,9.91711e-05,0.00010306989,0.00010262736,9.876241e-05,9.404426e-05,9.2395225e-05,9.628135e-05,0.000103753046,0.00011098214,0.000118328906,0.00012838654,0.00013880577,0.00014192043,0.00013292878,0.0001161431,9.889628e-05,8.377248e-05,7.120925e-05,6.301263e-05,6.065028e-05,6.432233e-05,7.341271e-05,8.43695e-05,9.052425e-05,8.644932e-05,7.4085016e-05,6.411028e-05,6.3869666e-05,6.820648e-05,7.010593e-05,6.996292e-05,7.116922e-05,7.437515e-05,7.7066e-05,7.625132e-05,7.24682e-05,6.9928436e-05,7.1126306e-05,7.417437e-05,7.549467e-05,7.40007e-05,7.001091e-05,6.367755e-05,5.817162e-05,5.7347996e-05,6.119409e-05,6.870816e-05,7.6357e-05,7.681774e-05
96,8.64697e-05,8.5885884e-05,7.9677986e-05,7.430471e-05,7.035755e-05,6.705322e-05,6.721499e-05,7.04909e-05,7.275241e-05,7.1354945e-05,6.648088e-05,6.174595e-05,6.132312e-05,6.568585e-05,7.139379e-05,7.372067e-05,7.181504e-05,6.971878e-05,7.100418e-05,7.376887e-05,7.184791e-05,6.339188e-05,5.7336307e-05,6.185562e-05,7.0616996e-05,7.321409e-05,6.899655e-05,6.3142536e-05,5.8131383e-05,5.415661e-05,5.4368888e-05,6.300226e-05,7.91346e-05,9.696548e-05,0.000112215675,0.00012386002,0.00012906388,0.00012490971,0.00011529961,0.00010772206,0.00010414211,0.00010014687,9.367819e-05,8.9140485e-05,8.983027e-05,9.274801e-05,9.371412e-05,9.246048e-05,9.066259e-05,8.932854e-05,8.884629e-05,8.932854e-05,9.066258e-05,9.246048e-05,9.3714116e-05,9.2748e-05,8.983026e-05,8.9140485e-05,9.367819e-05,0.00010014687,0.00010414212,0.000107722066,0.00011529962,0.00012490971,0.00012906388,0.00012386002,0.00011221568,9.696548e-05,7.913461e-05,6.300227e-05,5.436889e-05,5.4156608e-05,5.8131387e-05,6.3142536e-05,6.8996545e-05,7.321408e-05,7.0616996e-05,6.185562e-05,5.733631e-05,6.339188e-05,7.184791e-05,7.376887e-05,7.100418e-05,6.971878e-05,7.181504e-05,7.372067e-05,7.139379e-05,6.568585e-05,6.132311e-05,6.174596e-05,6.648088e-05,7.1354945e-05,7.275242e-05,7.04909e-05,6.721499e-05,6.705322e-05,7.035755e-05,7.430471e-05,7.9677986e-05,8.588589e-05,8.64697e-05
97,8.684711e-05,8.769766e-05,8.560204e-05,8.411722e-05,8.130343e-05,7.573716e-05,7.1565424e-05,7.0080874e-05,6.636717e-05,5.7555488e-05,4.77179e-05,4.369934e-05,4.7156052e-05,5.4256703e-05,6.136475e-05,6.544255e-05,6.587182e-05,6.694686e-05,7.2035335e-05,7.772706e-05,7.683999e-05,6.7002664e-05,5.6352914e-05,5.328492e-05,5.436946e-05,5.3307776e-05,5.157439e-05,5.238514e-05,5.2617896e-05,4.9281247e-05,4.871846e-05,5.930515e-05,7.908091e-05,9.738095e-05,0.00010712265,0.00011024751,0.00010965543,0.00010541837,0.00010049387,9.943993e-05,0.0001014713,0.00010102159,9.582599e-05,9.073453e-05,9.0074645e-05,9.0253096e-05,8.617465e-05,7.991853e-05,7.726124e-05,7.925282e-05,8.103355e-05,7.925282e-05,7.726124e-05,7.9918536e-05,8.617465e-05,9.0253096e-05,9.007465e-05,9.073453e-05,9.582599e-05,0.00010102159,0.00010147129,9.943992e-05,0.00010049387,0.00010541837,0.000109655426,0.00011024751,0.00010712264,9.738095e-05,7.908091e-05,5.9305155e-05,4.871846e-05,4.9281247e-05,5.26179e-05,5.2385138e-05,5.1574392e-05,5.3307776e-05,5.4369462e-05,5.328492e-05,5.6352914e-05,6.700266e-05,7.683999e-05,7.772706e-05,7.2035335e-05,6.694686e-05,6.587182e-05,6.544256e-05,6.136475e-05,5.4256703e-05,4.7156052e-05,4.3699343e-05,4.77179e-05,5.7555488e-05,6.636717e-05,7.008087e-05,7.1565424e-05,7.573717e-05,8.1303435e-05,8.4117215e-05,8.5602034e-05,8.769766e-05,8.684711e-05
98,7.922913e-05,8.164397e-05,8.303371e-05,8.491058e-05,8.3713254e-05,7.757928e-05,7.033891e-05,6.388457e-05,5.3616226e-05,3.8304734e-05,2.6497682e-05,2.672167e-05,3.6389632e-05,4.699772e-05,5.4338252e-05,5.7349633e-05,5.7665995e-05,6.107507e-05,6.970804e-05,7.806694e-05,7.9297875e-05,7.1140224e-05,5.9149803e-05,4.999486e-05,4.365201e-05,3.929755e-05,4.0228762e-05,4.6681766e-05,5.1370516e-05,5.0161212e-05,5.0953364e-05,6.338226e-05,8.439494e-05,0.00010056155,0.00010403599,9.940323e-05,9.3528884e-05,8.9351015e-05,8.93362e-05,9.450076e-05,0.000100667974,0.000101844256,9.673794e-05,9.107155e-05,9.008286e-05,8.9447014e-05,8.220781e-05,7.114143e-05,6.544214e-05,6.757176e-05,7.0066846e-05,6.757177e-05,6.544214e-05,7.1141425e-05,8.22078e-05,8.944701e-05,9.008285e-05,9.1071546e-05,9.673794e-05,0.00010184426,0.00010066798,9.450076e-05,8.93362e-05,8.9351015e-05,9.352887e-05,9.940323e-05,0.000104035986,0.00010056155,8.439493e-05,6.338226e-05,5.0953364e-05,5.0161212e-05,5.1370513e-05,4.6681766e-05,4.0228762e-05,3.9297553e-05,4.3652006e-05,4.999486e-05,5.9149803e-05,7.1140224e-05,7.9297875e-05,7.806694e-05,6.970804e-05,6.107507e-05,5.766599e-05,5.7349633e-05,5.4338252e-05,4.699772e-05,3.6389632e-05,2.6721667e-05,2.6497682e-05,3.830473e-05,5.3616226e-05,6.388457e-05,7.033891e-05,7.757929e-05,8.371325e-05,8.491057e-05,8.3033716e-05,8.164397e-05,7.9229125e-05
99,7.1123744e-05,7.34535e-05,7.498012e-05,7.798628e-05,7.806179e-05,7.226915e-05,6.3435e-05,5.398717e-05,4.0924137e-05,2.4474231e-05,1.4753787e-05,1.9644767e-05,3.387935e-05,4.6898538e-05,5.3309384e-05,5.2555966e-05,4.9387072e-05,5.2549476e-05,6.3595115e-05,7.502706e-05,7.9508565e-05,7.42314e-05,6.2939194e-05,5.1759976e-05,4.2800384e-05,3.7497648e-05,3.9372193e-05,4.7476846e-05,5.40454e-05,5.5403238e-05,5.8348767e-05,7.1059614e-05,9.0424764e-05,0.00010321183,0.00010228196,9.3776645e-05,8.6436026e-05,8.334456e-05,8.510239e-05,9.1194524e-05,9.744179e-05,9.8458935e-05,9.317053e-05,8.748001e-05,8.7159184e-05,8.7578905e-05,8.047693e-05,6.777517e-05,5.9439888e-05,5.9510494e-05,6.131394e-05,5.9510494e-05,5.9439888e-05,6.777517e-05,8.047693e-05,8.7578905e-05,8.715918e-05,8.748001e-05,9.317052e-05,9.845893e-05,9.744179e-05,9.1194524e-05,8.510239e-05,8.334455e-05,8.6436026e-05,9.3776645e-05,0.00010228196,0.000103211845,9.0424764e-05,7.105962e-05,5.8348767e-05,5.5403238e-05,5.4045402e-05,4.7476842e-05,3.9372193e-05,3.7497648e-05,4.280038e-05,5.1759976e-05,6.293919e-05,7.423139e-05,7.950855e-05,7.502706e-05,6.3595115e-05,5.2549476e-05,4.9387072e-05,5.2555966e-05,5.3309384e-05,4.6898538e-05,3.387935e-05,1.9644765e-05,1.4753785e-05,2.4474231e-05,4.0924133e-05,5.398717e-05,6.3435e-05,7.226915e-05,7.806179e-05,7.798629e-05,7.498012e-05,7.345349e-05,7.1123744e-05
100,6.4283115e-05,6.5884626e-05,6.665148e-05,7.02142e-05,7.065473e-05,6.3808846e-05,5.328222e-05,4.3428707e-05,3.2814478e-05,2.1094223e-05,1.6011758e-05,2.327249e-05,3.779186e-05,5.0578925e-05,5.558946e-05,5.105334e-05,4.312395e-05,4.3031985e-05,5.3581472e-05,6.695444e-05,7.456919e-05,7.246633e-05,6.4072985e-05,5.6095414e-05,5.0399307e-05,4.6378947e-05,4.6283258e-05,5.0609382e-05,5.5073924e-05,5.781665e-05,6.305375e-05,7.525787e-05,9.161892e-05,0.00010183058,9.989555e-05,9.183355e-05,8.652741e-05,8.573629e-05,8.759665e-05,9.161954e-05,9.573842e-05,9.570924e-05,9.006024e-05,8.40055e-05,8.333952e-05,8.414768e-05,7.835237e-05,6.6668814e-05,5.763916e-05,5.5722085e-05,5.64431e-05,5.5722085e-05,5.763916e-05,6.666881e-05,7.835237e-05,8.414769e-05,8.333952e-05,8.40055e-05,9.006024e-05,9.570924e-05,9.573841e-05,9.161954e-05,8.759665e-05,8.573629e-05,8.652742e-05,9.183355e-05,9.989555e-05,0.00010183058,9.161892e-05,7.525787e-05,6.305375e-05,5.781665e-05,5.5073924e-05,5.060938e-05,4.6283258e-05,4.6378947e-05,5.0399307e-05,5.609541e-05,6.407299e-05,7.246633e-05,7.456918e-05,6.695444e-05,5.3581472e-05,4.3031985e-05,4.3123946e-05,5.1053335e-05,5.558946e-05,5.0578925e-05,3.779186e-05,2.3272489e-05,1.6011758e-05,2.1094223e-05,3.2814478e-05,4.3428703e-05,5.3282216e-05,6.3808846e-05,7.065473e-05,7.02142e-05,6.665148e-05,6.5884626e-05,6.4283115e-05
