,0,1,2,3,4,5,6,7,8,9,10,11,12,13,14,15,16,17,18,19,20,21,22,23,24,25,26,27,28,29,30,31,32,33,34,35,36,37,38,39,40,41,42,43,44,45,46,47,48,49,50,51,52,53,54,55,56,57,58,59,60,61,62,63,64,65,66,67,68,69,70,71,72,73,74,75,76,77,78,79,80,81,82,83,84,85,86,87,88,89,90,91,92,93,94,95,96,97,98,99,100
0,6.277073e-05,6.514244e-05,6.5006476e-05,6.4289095e-05,6.033454e-05,5.3341915e-05,4.6499597e-05,3.9853192e-05,3.067853e-05,2.0877762e-05,1.766495e-05,2.4297715e-05,3.6334364e-05,4.7639518e-05,5.4985478e-05,5.780399e-05,5.8858863e-05,6.374089e-05,7.3684554e-05,8.274013e-05,8.535151e-05,8.13554e-05,7.404577e-05,6.612404e-05,5.8412465e-05,5.2765845e-05,5.151747e-05,5.317606e-05,5.519716e-05,5.9285987e-05,6.854988e-05,8.410225e-05,0.000103140585,0.00011731591,0.00012047606,0.000116386356,0.000113289825,0.000115697825,0.00012284513,0.00012982737,0.00013156977,0.0001272395,0.000119147466,0.00011211089,0.00011068779,0.00011258189,0.00011153409,0.00010653859,0.00010372986,0.000106808344,0.00010967106,0.000106808344,0.00010372985,0.00010653859,0.00011153409,0.00011258189,0.00011068779,0.000112110894,0.00011914746,0.00012723952,0.00013156977,0.00012982739,0.00012284513,0.000115697825,0.00011328982,0.00011638635,0.000120476056,0.0001173159,0.00010314059,8.410224e-05,6.854988e-05,5.9285987e-05,5.519716e-05,5.317606e-05,5.151747e-05,5.2765845e-05,5.841246e-05,6.612404e-05,7.404577e-05,8.13554e-05,8.535151e-05,8.274013e-05,7.3684554e-05,6.374089e-05,5.8858866e-05,5.7803987e-05,5.4985478e-05,4.7639518e-05,3.6334364e-05,2.4297715e-05,1.766495e-05,2.0877764e-05,3.067853e-05,3.9853196e-05,4.6499597e-05,5.3341915e-05,6.0334536e-05,6.428909e-05,6.5006476e-05,6.514244e-05,6.277073e-05
1,6.209848e-05,6.568858e-05,6.6467044e-05,6.474571e-05,5.9422997e-05,5.2752945e-05,4.8131013e-05,4.423782e-05,3.6180572e-05,2.4712499e-05,1.8612533e-05,2.4117622e-05,3.690311e-05,4.7880214e-05,5.326679e-05,5.5122116e-05,5.771888e-05,6.535928e-05,7.66893e-05,8.462501e-05,8.52303e-05,8.0138016e-05,7.2762225e-05,6.47223e-05,5.5524797e-05,4.7416674e-05,4.510098e-05,4.8120288e-05,5.1637e-05,5.5611377e-05,6.542253e-05,8.446256e-05,0.00010770103,0.00012324972,0.00012475456,0.00011781686,0.000111729205,0.0001114715,0.000117144686,0.00012467039,0.00012868122,0.00012675583,0.00012007886,0.0001140571,0.000114296374,0.000118126845,0.000117753145,0.00011193338,0.00010811385,0.00011072456,0.00011347368,0.00011072456,0.00010811384,0.00011193338,0.000117753145,0.00011812683,0.000114296374,0.0001140571,0.00012007887,0.00012675583,0.00012868122,0.00012467038,0.000117144686,0.00011147149,0.000111729205,0.000117816846,0.00012475456,0.00012324972,0.000107701024,8.4462554e-05,6.542253e-05,5.5611377e-05,5.1637e-05,4.8120288e-05,4.510098e-05,4.7416674e-05,5.55248e-05,6.47223e-05,7.276223e-05,8.0138016e-05,8.52303e-05,8.4625004e-05,7.66893e-05,6.535928e-05,5.7718884e-05,5.5122116e-05,5.326679e-05,4.7880218e-05,3.690311e-05,2.4117622e-05,1.8612533e-05,2.47125e-05,3.618057e-05,4.4237822e-05,4.813101e-05,5.275294e-05,5.9422997e-05,6.474572e-05,6.646705e-05,6.568858e-05,6.209848e-05
2,6.603892e-05,6.870937e-05,6.877719e-05,6.598779e-05,5.9682956e-05,5.2397594e-05,4.8005902e-05,4.593666e-05,4.134443e-05,3.308479e-05,2.7453108e-05,3.1215142e-05,4.2106585e-05,5.1441948e-05,5.5403438e-05,5.6562316e-05,5.8816586e-05,6.527255e-05,7.432784e-05,7.957489e-05,7.804313e-05,7.253321e-05,6.747432e-05,6.411823e-05,5.9243215e-05,5.211922e-05,4.7790272e-05,4.8875932e-05,5.170704e-05,5.517922e-05,6.514632e-05,8.534681e-05,0.00010939053,0.00012486972,0.00012580777,0.00011778243,0.0001096216,0.00010654688,0.0001099194,0.000117178366,0.00012335725,0.00012471006,0.000120997465,0.0001169871,0.00011809573,0.00012217482,0.00012225256,0.00011763056,0.000115161914,0.00011819033,0.000120832294,0.00011819032,0.000115161914,0.00011763057,0.00012225256,0.00012217482,0.000118095726,0.000116987096,0.000120997465,0.00012471006,0.00012335727,0.000117178366,0.0001099194,0.000106546875,0.0001096216,0.00011778243,0.00012580777,0.00012486972,0.00010939053,8.534681e-05,6.514632e-05,5.5179218e-05,5.170704e-05,4.8875936e-05,4.7790272e-05,5.211922e-05,5.9243215e-05,6.411823e-05,6.747433e-05,7.25332e-05,7.804312e-05,7.957489e-05,7.432784e-05,6.527255e-05,5.8816586e-05,5.6562312e-05,5.540344e-05,5.1441948e-05,4.2106585e-05,3.121514e-05,2.7453108e-05,3.3084787e-05,4.134443e-05,4.5936657e-05,4.8005902e-05,5.2397594e-05,5.9682956e-05,6.5987784e-05,6.877719e-05,6.870937e-05,6.603891e-05
3,7.5340206e-05,7.505913e-05,7.145485e-05,6.6063956e-05,5.870354e-05,5.1197996e-05,4.730629e-05,4.6939935e-05,4.6390476e-05,4.3797696e-05,4.1541894e-05,4.4333217e-05,5.251512e-05,6.034208e-05,6.384059e-05,6.380842e-05,6.291964e-05,6.457468e-05,6.926953e-05,7.209886e-05,6.936892e-05,6.389122e-05,6.1911596e-05,6.537227e-05,6.815929e-05,6.514287e-05,5.9741575e-05,5.75475e-05,5.8554644e-05,6.1803075e-05,7.1078895e-05,8.862589e-05,0.00010914157,0.00012319995,0.00012577842,0.000120476005,0.000113451955,0.000108480235,0.00010814009,0.00011295471,0.00011963874,0.00012322508,0.00012180358,0.00011916532,0.00012029697,0.0001245001,0.00012701612,0.00012676377,0.00012718127,0.0001298706,0.0001316397,0.00012987062,0.00012718127,0.00012676377,0.00012701612,0.00012450012,0.00012029697,0.000119165314,0.00012180358,0.00012322508,0.00011963874,0.000112954716,0.00010814009,0.000108480235,0.00011345195,0.000120476005,0.00012577842,0.00012319995,0.00010914157,8.862589e-05,7.1078895e-05,6.1803075e-05,5.8554644e-05,5.75475e-05,5.974157e-05,6.514287e-05,6.815929e-05,6.537227e-05,6.1911596e-05,6.3891224e-05,6.936892e-05,7.209887e-05,6.926953e-05,6.457468e-05,6.291963e-05,6.380842e-05,6.384058e-05,6.0342085e-05,5.2515123e-05,4.4333217e-05,4.1541898e-05,4.37977e-05,4.6390476e-05,4.693994e-05,4.730629e-05,5.1197992e-05,5.8703536e-05,6.6063956e-05,7.145485e-05,7.505913e-05,7.53402e-05
4,8.047945e-05,7.783031e-05,7.024644e-05,6.174571e-05,5.366208e-05,4.7779664e-05,4.6816556e-05,4.922886e-05,5.1661988e-05,5.3245843e-05,5.4522574e-05,5.7716898e-05,6.4481006e-05,7.221548e-05,7.676876e-05,7.610035e-05,7.143962e-05,6.725806e-05,6.684297e-05,6.7303285e-05,6.426064e-05,5.9889422e-05,6.136586e-05,7.065286e-05,7.9627236e-05,8.054591e-05,7.521449e-05,7.0357e-05,6.974646e-05,7.3850824e-05,8.287203e-05,9.57737e-05,0.000109566616,0.00012020817,0.00012513992,0.00012554273,0.00012311061,0.00011888213,0.000116170275,0.00011839267,0.00012390569,0.00012697518,0.00012479273,0.00012095224,0.00012094881,0.00012603629,0.00013274586,0.00013767567,0.00013994484,0.00014033524,0.00014024098,0.00014033524,0.00013994484,0.00013767567,0.00013274586,0.00012603629,0.00012094881,0.000120952245,0.00012479273,0.00012697518,0.00012390569,0.00011839268,0.00011617027,0.00011888213,0.00012311061,0.00012554273,0.00012513992,0.00012020817,0.000109566616,9.57737e-05,8.287204e-05,7.385082e-05,6.9746464e-05,7.0357004e-05,7.5214484e-05,8.054591e-05,7.9627236e-05,7.065285e-05,6.136586e-05,5.9889422e-05,6.426064e-05,6.7303285e-05,6.684297e-05,6.725806e-05,7.1439616e-05,7.610035e-05,7.676876e-05,7.221548e-05,6.4481006e-05,5.7716898e-05,5.4522574e-05,5.3245847e-05,5.1661988e-05,4.9228864e-05,4.6816556e-05,4.7779664e-05,5.366208e-05,6.174572e-05,7.0246446e-05,7.7830315e-05,8.0479454e-05
5,7.576984e-05,7.261645e-05,6.319717e-05,5.2877145e-05,4.5860153e-05,4.5065422e-05,5.043725e-05,5.6598106e-05,5.9773054e-05,6.141819e-05,6.332261e-05,6.6667344e-05,7.284378e-05,8.0985556e-05,8.750666e-05,8.859877e-05,8.375206e-05,7.6829085e-05,7.230281e-05,6.99228e-05,6.666742e-05,6.437356e-05,6.8980284e-05,8.095502e-05,9.158727e-05,9.335128e-05,8.783295e-05,8.167628e-05,8.0555175e-05,8.6170316e-05,9.572241e-05,0.00010494879,0.00011210382,0.00011776432,0.00012315798,0.00012882863,0.0001326891,0.00013254411,0.00013045275,0.00013066528,0.00013341173,0.00013408305,0.00012993762,0.0001243148,0.00012325117,0.00012922019,0.00013845516,0.00014538318,0.000146911,0.00014389915,0.00014169313,0.00014389915,0.000146911,0.00014538318,0.00013845516,0.00012922019,0.00012325117,0.0001243148,0.00012993762,0.00013408303,0.00013341173,0.00013066528,0.00013045275,0.00013254411,0.0001326891,0.00012882863,0.00012315798,0.00011776432,0.00011210383,0.000104948784,9.572241e-05,8.6170316e-05,8.0555175e-05,8.167628e-05,8.783296e-05,9.335128e-05,9.158727e-05,8.095502e-05,6.8980284e-05,6.437356e-05,6.666742e-05,6.99228e-05,7.230281e-05,7.682908e-05,8.375206e-05,8.859877e-05,8.750666e-05,8.0985556e-05,7.284378e-05,6.6667344e-05,6.33226e-05,6.141819e-05,5.9773058e-05,5.659811e-05,5.0437255e-05,4.5065422e-05,4.5860153e-05,5.287715e-05,6.319717e-05,7.261646e-05,7.5769836e-05
6,6.7028705e-05,6.372479e-05,5.3706386e-05,4.2975124e-05,3.9407325e-05,4.6944602e-05,6.0532566e-05,6.989628e-05,7.173972e-05,7.079066e-05,7.097883e-05,7.336249e-05,7.836675e-05,8.5610605e-05,9.2977534e-05,9.716112e-05,9.643289e-05,9.203906e-05,8.6819535e-05,8.216652e-05,7.8245386e-05,7.7726974e-05,8.397454e-05,9.5142736e-05,0.00010367019,0.00010406506,9.814857e-05,9.1707996e-05,9.032844e-05,9.5969386e-05,0.00010516289,0.000112623784,0.00011591044,0.000116864016,0.000120138444,0.00012798009,0.00013695643,0.00014205955,0.00014199787,0.00013983443,0.00013832429,0.00013644496,0.00013253404,0.00012849626,0.00012891449,0.00013532689,0.0001434646,0.00014862906,0.00014858853,0.00014381725,0.00014057802,0.00014381725,0.00014858853,0.00014862904,0.0001434646,0.00013532689,0.00012891449,0.00012849626,0.00013253404,0.00013644496,0.00013832429,0.00013983442,0.00014199787,0.00014205955,0.00013695643,0.00012798009,0.000120138444,0.00011686401,0.00011591044,0.00011262379,0.00010516289,9.596938e-05,9.032844e-05,9.170799e-05,9.814857e-05,0.00010406506,0.00010367019,9.5142736e-05,8.397453e-05,7.7726974e-05,7.8245386e-05,8.216653e-05,8.6819535e-05,9.203905e-05,9.6432894e-05,9.716113e-05,9.2977534e-05,8.5610605e-05,7.836674e-05,7.336249e-05,7.097883e-05,7.079066e-05,7.173972e-05,6.9896276e-05,6.0532566e-05,4.6944602e-05,3.9407325e-05,4.2975124e-05,5.3706386e-05,6.372479e-05,6.70287e-05
7,6.2131796e-05,5.860813e-05,4.8187998e-05,3.7622467e-05,3.801962e-05,5.326474e-05,7.291969e-05,8.3265484e-05,8.31816e-05,8.058394e-05,8.03124e-05,8.262791e-05,8.679859e-05,9.248731e-05,9.8824894e-05,0.00010443918,0.00010841525,0.00010986301,0.00010772736,0.00010229569,9.687015e-05,9.634084e-05,0.000102007354,0.00011019655,0.00011547788,0.00011475307,0.000109256776,0.00010307182,0.00010094828,0.000104883315,0.00011214475,0.00011813334,0.00011957746,0.0001175968,0.00011823865,0.00012559055,0.00013670174,0.00014530633,0.00014734066,0.00014371728,0.00013849174,0.00013462763,0.00013274753,0.00013318709,0.00013702505,0.00014334009,0.00014883158,0.0001522362,0.00015291283,0.00014973377,0.0001471716,0.00014973377,0.00015291285,0.0001522362,0.00014883156,0.0001433401,0.00013702505,0.00013318709,0.00013274753,0.00013462763,0.00013849174,0.00014371728,0.00014734066,0.00014530633,0.00013670175,0.00012559057,0.00011823865,0.00011759679,0.00011957745,0.000118133335,0.00011214475,0.00010488331,0.00010094828,0.00010307182,0.00010925678,0.00011475307,0.00011547789,0.00011019655,0.000102007354,9.634084e-05,9.687015e-05,0.000102295686,0.00010772736,0.00010986302,0.00010841525,0.00010443918,9.882491e-05,9.248731e-05,8.679858e-05,8.262791e-05,8.03124e-05,8.058394e-05,8.31816e-05,8.326548e-05,7.291969e-05,5.326474e-05,3.801962e-05,3.762247e-05,4.8187998e-05,5.860813e-05,6.2131796e-05
8,6.1432234e-05,5.869568e-05,4.8802656e-05,3.904265e-05,4.208884e-05,6.079312e-05,8.155726e-05,9.0426416e-05,8.911102e-05,8.728827e-05,8.9305526e-05,9.393499e-05,9.947291e-05,0.00010515269,0.000110254885,0.00011535662,0.00012202009,0.0001285808,0.00012980029,0.00012379707,0.00011629272,0.00011427788,0.00011782741,0.0001223294,0.00012435105,0.00012312143,0.00011947306,0.000115092145,0.00011323651,0.00011583307,0.0001204846,0.00012354605,0.00012316294,0.00012061145,0.00012062528,0.00012694855,0.0001377516,0.00014769248,0.00015223541,0.0001503728,0.00014486426,0.00014022196,0.00013933,0.00014234369,0.00014780342,0.0001532409,0.00015727291,0.00016111383,0.00016406704,0.00016361679,0.00016235467,0.00016361679,0.00016406705,0.00016111383,0.0001572729,0.0001532409,0.00014780342,0.00014234369,0.00013933,0.00014022196,0.00014486426,0.0001503728,0.00015223543,0.00014769248,0.0001377516,0.00012694855,0.00012062528,0.00012061144,0.00012316294,0.00012354605,0.0001204846,0.00011583308,0.000113236514,0.000115092145,0.000119473065,0.00012312141,0.00012435106,0.00012232941,0.00011782741,0.00011427788,0.00011629273,0.00012379707,0.00012980029,0.00012858078,0.00012202008,0.00011535661,0.00011025488,0.00010515269,9.947291e-05,9.393499e-05,8.9305526e-05,8.728827e-05,8.9111025e-05,9.0426416e-05,8.155726e-05,6.079312e-05,4.208884e-05,3.904265e-05,4.8802656e-05,5.869568e-05,6.1432234e-05
9,5.8776877e-05,5.7870082e-05,5.0903574e-05,4.4471e-05,4.9721282e-05,6.7804445e-05,8.5691e-05,9.227747e-05,9.08646e-05,9.060893e-05,9.5037e-05,0.0001025465,0.000111240995,0.00011925292,0.00012491069,0.0001300741,0.00013786106,0.00014579577,0.00014665326,0.00013878215,0.0001298677,0.00012691368,0.00012849411,0.0001298179,0.00012911187,0.00012793466,0.00012741164,0.00012665175,0.00012650248,0.00012861223,0.00013085503,0.0001306656,0.00012907716,0.00012817392,0.00012942402,0.00013461153,0.0001437813,0.00015403579,0.00016176981,0.00016444543,0.0001624958,0.00015940142,0.00015828095,0.00016010844,0.00016413571,0.00016837422,0.00017219542,0.00017642477,0.00017938612,0.0001790087,0.00017795473,0.00017900868,0.00017938612,0.00017642477,0.00017219542,0.00016837423,0.00016413571,0.00016010844,0.00015828095,0.00015940142,0.0001624958,0.00016444543,0.00016176981,0.0001540358,0.0001437813,0.00013461155,0.000129424,0.00012817391,0.00012907718,0.0001306656,0.00013085503,0.00012861223,0.00012650249,0.00012665176,0.00012741164,0.00012793466,0.00012911187,0.0001298179,0.00012849411,0.00012691368,0.0001298677,0.00013878214,0.00014665324,0.00014579577,0.00013786106,0.0001300741,0.00012491069,0.00011925292,0.000111240995,0.0001025465,9.5037e-05,9.060893e-05,9.08646e-05,9.227747e-05,8.569099e-05,6.780445e-05,4.972128e-05,4.4471002e-05,5.0903574e-05,5.7870082e-05,5.8776874e-05
10,5.195716e-05,5.326087e-05,5.207948e-05,5.239985e-05,6.051697e-05,7.569022e-05,8.890682e-05,9.374334e-05,9.31541e-05,9.367098e-05,9.8438526e-05,0.00010711414,0.00011829913,0.00012891614,0.00013640177,0.0001426856,0.00015003639,0.00015537001,0.00015320703,0.00014425104,0.00013624092,0.00013406384,0.00013504611,0.0001350058,0.00013355934,0.00013382346,0.00013700659,0.00013991338,0.00014094013,0.00014164207,0.00014154868,0.00013993662,0.0001394472,0.00014138181,0.00014372915,0.00014671084,0.00015296752,0.00016298426,0.0001738783,0.00018136704,0.00018425105,0.00018457252,0.00018388097,0.00018380741,0.00018602182,0.00018970517,0.00019334404,0.00019599972,0.00019569462,0.00019218333,0.000189909,0.00019218332,0.00019569462,0.00019599972,0.00019334404,0.00018970517,0.00018602182,0.0001838074,0.00018388097,0.00018457252,0.00018425105,0.00018136704,0.0001738783,0.00016298426,0.00015296752,0.00014671084,0.00014372915,0.00014138181,0.0001394472,0.00013993662,0.00014154866,0.00014164209,0.00014094013,0.00013991339,0.00013700659,0.00013382346,0.00013355934,0.0001350058,0.0001350461,0.00013406384,0.00013624092,0.00014425104,0.00015320705,0.00015537001,0.00015003639,0.00014268559,0.00013640177,0.00012891614,0.00011829913,0.00010711414,9.843852e-05,9.367097e-05,9.31541e-05,9.374335e-05,8.8906825e-05,7.5690215e-05,6.0516973e-05,5.239985e-05,5.207948e-05,5.326087e-05,5.1957155e-05
11,4.7043162e-05,5.0306997e-05,5.5933262e-05,6.415192e-05,7.4841824e-05,8.543846e-05,9.261067e-05,9.533559e-05,9.552959e-05,9.634865e-05,0.00010050632,0.0001090272,0.00012063416,0.00013177526,0.00014023259,0.00014714108,0.00015250735,0.00015393176,0.0001498931,0.00014284009,0.00013827653,0.00013861322,0.00014108168,0.00014204365,0.00014136307,0.00014328252,0.0001497284,0.00015590945,0.00015739087,0.00015519228,0.0001520417,0.00015045583,0.00015261679,0.00015696594,0.00015937838,0.00015998069,0.00016338722,0.00017274846,0.00018536026,0.00019531278,0.00020087873,0.00020361246,0.00020391737,0.00020372558,0.00020608306,0.00021059287,0.00021464171,0.00021570575,0.00021176325,0.00020433404,0.00020033488,0.00020433404,0.00021176325,0.00021570575,0.00021464171,0.00021059287,0.00020608306,0.00020372556,0.00020391736,0.00020361246,0.00020087871,0.00019531278,0.00018536026,0.00017274846,0.00016338723,0.0001599807,0.00015937837,0.00015696592,0.00015261679,0.00015045585,0.0001520417,0.00015519226,0.00015739087,0.00015590947,0.00014972838,0.00014328252,0.00014136307,0.00014204363,0.00014108168,0.00013861322,0.00013827653,0.00014284009,0.00014989311,0.00015393176,0.00015250736,0.00014714108,0.00014023259,0.00013177526,0.00012063417,0.000109027205,0.00010050631,9.634865e-05,9.552959e-05,9.533559e-05,9.261067e-05,8.543846e-05,7.4841824e-05,6.415192e-05,5.5933266e-05,5.0306993e-05,4.7043162e-05
12,4.9407092e-05,5.3386477e-05,6.381949e-05,7.771413e-05,8.930358e-05,9.449537e-05,9.475184e-05,9.3775314e-05,9.35559e-05,9.480033e-05,9.916342e-05,0.00010805411,0.00011956738,0.00012992448,0.0001380976,0.00014484189,0.00014844921,0.00014763433,0.00014396361,0.00014009842,0.00013930822,0.00014295238,0.00014849073,0.00015142647,0.00015062686,0.00015199454,0.00016005329,0.00016968817,0.0001729762,0.00016880942,0.00016272896,0.00016090345,0.00016469018,0.00016985078,0.00017235051,0.00017303057,0.00017595047,0.00018396851,0.00019473469,0.00020325367,0.00020840904,0.00021148627,0.00021286626,0.00021423917,0.00021822799,0.00022479246,0.00023097296,0.0002326722,0.00022706664,0.00021695864,0.00021165871,0.00021695864,0.00022706664,0.00023267219,0.00023097298,0.00022479246,0.00021822799,0.00021423916,0.00021286626,0.00021148627,0.00020840904,0.00020325366,0.0001947347,0.00018396851,0.00017595047,0.00017303058,0.0001723505,0.00016985078,0.00016469018,0.00016090347,0.00016272896,0.00016880942,0.0001729762,0.00016968817,0.00016005329,0.00015199452,0.00015062686,0.00015142649,0.00014849071,0.0001429524,0.00013930822,0.00014009843,0.00014396363,0.00014763433,0.00014844921,0.00014484189,0.0001380976,0.00012992448,0.000119567376,0.00010805411,9.916343e-05,9.4800314e-05,9.35559e-05,9.3775314e-05,9.475184e-05,9.449537e-05,8.9303576e-05,7.771413e-05,6.381949e-05,5.3386477e-05,4.9407092e-05
13,5.708849e-05,6.0477574e-05,7.249678e-05,8.822894e-05,9.889232e-05,9.967551e-05,9.423393e-05,8.870177e-05,8.647107e-05,8.811634e-05,9.42012e-05,0.000105169594,0.00011775286,0.00012769943,0.00013521963,0.00014156319,0.00014466475,0.00014404673,0.0001422845,0.00014123095,0.00014304102,0.00014917272,0.00015680943,0.00016013696,0.00015742512,0.00015624921,0.00016401884,0.00017671009,0.00018388021,0.00018096564,0.00017369613,0.00017063122,0.00017357225,0.00017821827,0.00018192717,0.00018525877,0.00018903421,0.0001938105,0.00019907448,0.00020387513,0.00020800685,0.00021143036,0.0002146429,0.0002185189,0.000224366,0.00023300159,0.00024185318,0.00024559427,0.00024050541,0.00022995473,0.00022436451,0.00022995473,0.00024050543,0.00024559424,0.00024185318,0.00023300159,0.000224366,0.0002185189,0.0002146429,0.00021143038,0.00020800685,0.00020387513,0.00019907448,0.00019381051,0.00018903421,0.00018525876,0.00018192719,0.00017821827,0.00017357225,0.00017063122,0.00017369613,0.00018096564,0.00018388021,0.00017671008,0.00016401884,0.00015624921,0.00015742512,0.00016013696,0.00015680943,0.00014917272,0.00014304102,0.00014123095,0.0001422845,0.00014404673,0.00014466475,0.00014156319,0.00013521963,0.00012769943,0.00011775286,0.00010516959,9.42012e-05,8.811634e-05,8.647107e-05,8.870176e-05,9.423394e-05,9.967551e-05,9.889232e-05,8.822893e-05,7.2496776e-05,6.0477578e-05,5.7088488e-05
14,6.394966e-05,6.74468e-05,7.967923e-05,9.484296e-05,0.00010385182,0.000102215905,9.361033e-05,8.4204876e-05,7.910567e-05,8.082839e-05,8.932999e-05,0.000102727674,0.00011621922,0.00012606643,0.00013370859,0.00014041357,0.00014409033,0.00014514665,0.00014627806,0.00014800833,0.00015185162,0.00015927962,0.00016658095,0.00016781027,0.00016246593,0.00015876138,0.00016499561,0.00017907855,0.00019031699,0.00019075847,0.00018397994,0.00017922555,0.00017990393,0.00018370806,0.0001890799,0.00019468677,0.00019791657,0.00019818856,0.00019817441,0.00020086844,0.00020549545,0.0002098208,0.00021458672,0.00022045744,0.00022761944,0.0002370633,0.0002466256,0.00025156495,0.0002484576,0.00023989964,0.00023516489,0.00023989966,0.0002484576,0.00025156495,0.0002466256,0.0002370633,0.00022761944,0.00022045744,0.00021458673,0.0002098208,0.00020549545,0.00020086845,0.00019817441,0.00019818856,0.00019791658,0.00019468679,0.00018907989,0.00018370806,0.00017990393,0.00017922554,0.00018397994,0.00019075847,0.000190317,0.00017907855,0.0001649956,0.0001587614,0.00016246593,0.00016781027,0.00016658097,0.00015927962,0.00015185162,0.00014800833,0.00014627806,0.00014514665,0.00014409033,0.00014041355,0.00013370859,0.00012606643,0.00011621922,0.000102727674,8.932999e-05,8.082839e-05,7.910567e-05,8.420487e-05,9.361034e-05,0.00010221591,0.00010385182,9.4842966e-05,7.967923e-05,6.74468e-05,6.394966e-05
15,6.73243e-05,7.24312e-05,8.497412e-05,9.878625e-05,0.000106729276,0.00010532725,9.6425276e-05,8.4751984e-05,7.728433e-05,7.876932e-05,8.8220324e-05,0.000101370424,0.000113432994,0.00012331438,0.00013347191,0.00014300426,0.00014843425,0.00015124245,0.0001546515,0.00015832041,0.00016331939,0.0001709327,0.0001768689,0.00017625482,0.00017028514,0.00016585848,0.00016980802,0.00018229855,0.00019485032,0.00019815975,0.00019332832,0.00018837902,0.0001872331,0.0001896094,0.00019491103,0.0002006752,0.00020255274,0.0002000155,0.0001983693,0.00020208128,0.00020824157,0.00021245671,0.00021631732,0.00022189382,0.00022916774,0.0002378698,0.00024562515,0.00024963793,0.00024812887,0.00024246378,0.00023914292,0.00024246378,0.00024812887,0.00024963793,0.00024562515,0.0002378698,0.00022916774,0.0002218938,0.00021631732,0.0002124567,0.00020824157,0.00020208128,0.00019836928,0.0002000155,0.00020255274,0.00020067522,0.00019491103,0.0001896094,0.00018723312,0.00018837902,0.00019332833,0.00019815976,0.00019485032,0.00018229855,0.000169808,0.00016585848,0.00017028514,0.00017625482,0.0001768689,0.0001709327,0.00016331938,0.00015832041,0.0001546515,0.00015124246,0.00014843425,0.00014300426,0.00013347191,0.00012331438,0.00011343299,0.00010137043,8.822032e-05,7.876932e-05,7.728433e-05,8.4751984e-05,9.642528e-05,0.00010532726,0.000106729276,9.878625e-05,8.497413e-05,7.2431205e-05,6.73243e-05
16,6.9531736e-05,7.5851145e-05,8.718227e-05,9.820878e-05,0.000105930514,0.000107900276,0.00010204511,9.069164e-05,8.2689745e-05,8.3950625e-05,9.204701e-05,0.000101862955,0.000110789406,0.000120952034,0.00013499694,0.00014878671,0.0001566924,0.00016086233,0.00016499171,0.0001683929,0.00017222075,0.00017833759,0.0001837987,0.00018539191,0.0001837294,0.00018167795,0.00018348217,0.00019177736,0.00020207613,0.00020654079,0.00020476722,0.00020177462,0.00019997942,0.00020005816,0.00020319849,0.00020803799,0.00020969479,0.00020702236,0.00020624124,0.00021196011,0.00021944167,0.00022269058,0.00022371403,0.00022681552,0.00023281712,0.00024007975,0.00024547108,0.00024714775,0.00024499258,0.00024054361,0.00023813918,0.0002405436,0.0002449926,0.00024714775,0.00024547108,0.00024007975,0.00023281712,0.00022681554,0.00022371403,0.00022269058,0.00021944167,0.00021196011,0.00020624124,0.00020702236,0.00020969477,0.00020803798,0.00020319849,0.00020005817,0.00019997943,0.0002017746,0.00020476722,0.00020654078,0.00020207613,0.00019177738,0.00018348216,0.00018167794,0.0001837294,0.00018539191,0.0001837987,0.00017833759,0.00017222075,0.0001683929,0.00016499171,0.00016086231,0.00015669239,0.00014878671,0.00013499694,0.000120952034,0.000110789406,0.000101862955,9.204701e-05,8.3950625e-05,8.268975e-05,9.069163e-05,0.00010204512,0.000107900276,0.000105930514,9.820878e-05,8.718228e-05,7.585115e-05,6.9531736e-05
17,7.229089e-05,7.794909e-05,8.498183e-05,9.108748e-05,9.8629316e-05,0.00010592326,0.00010638381,9.932389e-05,9.3566116e-05,9.485343e-05,0.00010048478,0.00010697652,0.0001140542,0.00012409643,0.00013849532,0.00015276065,0.00016211648,0.0001684363,0.000173587,0.00017606223,0.00017745227,0.00018112671,0.00018744552,0.00019498015,0.00020105822,0.00020328519,0.00020428255,0.00020911198,0.00021649626,0.00022079938,0.00022105749,0.00021989687,0.00021850294,0.00021760116,0.0002191695,0.0002229916,0.000224683,0.00022292041,0.00022348901,0.00023026818,0.0002384042,0.00024141322,0.00024030558,0.0002404507,0.00024423926,0.00025024178,0.0002550178,0.00025559083,0.00025175195,0.00024647886,0.00024405401,0.00024647886,0.00025175195,0.00025559083,0.0002550178,0.00025024178,0.00024423926,0.0002404507,0.0002403056,0.0002414132,0.0002384042,0.00023026817,0.00022348901,0.0002229204,0.00022468301,0.00022299161,0.0002191695,0.00021760116,0.00021850294,0.00021989689,0.0002210575,0.00022079938,0.00021649626,0.00020911198,0.00020428254,0.00020328519,0.00020105824,0.00019498017,0.0001874455,0.00018112671,0.00017745228,0.00017606223,0.000173587,0.0001684363,0.00016211647,0.00015276064,0.00013849534,0.00012409643,0.00011405419,0.00010697652,0.00010048478,9.4853436e-05,9.356612e-05,9.9323894e-05,0.00010638381,0.00010592326,9.862931e-05,9.108748e-05,8.498184e-05,7.794908e-05,7.229089e-05
18,7.5654985e-05,7.932031e-05,8.0167636e-05,8.0428275e-05,8.726326e-05,9.9591896e-05,0.00010804434,0.00010854061,0.00010686477,0.00010800761,0.00011201304,0.00011861538,0.00012740945,0.0001365742,0.00014519191,0.00015327595,0.0001615955,0.00017096617,0.0001786755,0.00018163188,0.00018210775,0.00018479081,0.00019271948,0.00020553079,0.00021745311,0.00022285472,0.00022467203,0.00022947536,0.00023666132,0.00024101153,0.00024112515,0.00023964423,0.00023902203,0.00023980891,0.00024199876,0.00024448495,0.0002449449,0.00024435483,0.00024705735,0.00025457,0.00026309726,0.0002672503,0.00026613416,0.0002641924,0.00026541535,0.00027058614,0.00027686905,0.00027903577,0.00027527715,0.00026971544,0.0002672868,0.00026971544,0.00027527713,0.00027903577,0.00027686905,0.00027058614,0.00026541535,0.0002641924,0.00026613416,0.0002672503,0.00026309726,0.00025457,0.00024705735,0.00024435483,0.0002449449,0.00024448495,0.00024199876,0.00023980893,0.00023902203,0.00023964423,0.00024112516,0.00024101154,0.0002366613,0.00022947535,0.00022467204,0.00022285472,0.00021745311,0.00020553079,0.00019271948,0.00018479081,0.00018210776,0.00018163188,0.00017867552,0.00017096617,0.0001615955,0.00015327595,0.00014519191,0.0001365742,0.00012740945,0.00011861538,0.00011201303,0.00010800761,0.00010686477,0.00010854061,0.00010804433,9.9591896e-05,8.726326e-05,8.0428275e-05,8.0167636e-05,7.932031e-05,7.5654985e-05
19,7.9938e-05,8.223933e-05,7.859564e-05,7.490808e-05,8.070069e-05,9.539262e-05,0.000109520624,0.000116619965,0.00011824876,0.0001192155,0.00012405403,0.00013486884,0.0001479884,0.00015598604,0.00015667238,0.00015628201,0.00016200406,0.00017347059,0.00018329552,0.00018715023,0.0001882744,0.00019183915,0.00020103494,0.00021514627,0.00022802403,0.00023470544,0.00023890198,0.00024665546,0.00025650044,0.0002622978,0.00026158904,0.00025822502,0.00025768275,0.00026090682,0.0002645451,0.0002653821,0.0002640677,0.00026487478,0.00027050782,0.00027972338,0.00028970913,0.00029643168,0.00029718893,0.00029453094,0.00029356696,0.00029777517,0.00030529272,0.00030952765,0.00030800104,0.00030500873,0.00030391433,0.00030500873,0.00030800104,0.00030952765,0.00030529272,0.00029777517,0.00029356696,0.00029453094,0.00029718893,0.00029643168,0.00028970913,0.00027972338,0.00027050782,0.00026487478,0.00026406773,0.00026538214,0.0002645451,0.00026090685,0.00025768275,0.00025822502,0.00026158904,0.0002622978,0.00025650044,0.00024665546,0.00023890196,0.00023470544,0.00022802403,0.00021514625,0.00020103496,0.00019183915,0.0001882744,0.00018715023,0.00018329552,0.00017347059,0.00016200406,0.00015628201,0.00015667238,0.00015598604,0.00014798841,0.00013486884,0.00012405403,0.00011921552,0.00011824876,0.00011661996,0.00010952062,9.5392614e-05,8.070069e-05,7.490808e-05,7.8595636e-05,8.223932e-05,7.9938e-05
20,8.258916e-05,8.703924e-05,8.431177e-05,8.1019614e-05,8.5887834e-05,9.8629345e-05,0.00011253107,0.00012190805,0.00012571813,0.00012821151,0.00013628526,0.00015181466,0.000167616,0.00017410715,0.00017030808,0.0001656189,0.00016933057,0.0001802546,0.00018973622,0.00019366207,0.00019584555,0.00020103362,0.00021069791,0.0002228931,0.0002333745,0.00024056112,0.00024819246,0.000259708,0.00027246005,0.00027992803,0.00027868085,0.00027338834,0.0002722704,0.00027695726,0.0002814951,0.0002813859,0.0002794325,0.00028143718,0.00028940392,0.00030148297,0.00031485577,0.00032533196,0.00032890376,0.00032660677,0.00032396114,0.00032599765,0.00033201405,0.0003365957,0.00033859425,0.0003411097,0.00034282243,0.0003411097,0.00033859428,0.0003365957,0.00033201405,0.00032599765,0.00032396114,0.00032660677,0.00032890376,0.00032533196,0.0003148558,0.00030148297,0.00028940392,0.00028143718,0.0002794325,0.0002813859,0.0002814951,0.0002769573,0.0002722704,0.00027338834,0.00027868082,0.00027992803,0.00027246005,0.00025970803,0.00024819246,0.00024056112,0.0002333745,0.0002228931,0.00021069791,0.0002010336,0.00019584555,0.00019366207,0.00018973622,0.0001802546,0.00016933057,0.0001656189,0.00017030808,0.00017410715,0.00016761602,0.00015181466,0.00013628525,0.00012821151,0.00012571813,0.000121908044,0.00011253107,9.862934e-05,8.5887834e-05,8.101962e-05,8.431177e-05,8.703923e-05,8.258916e-05
21,7.901892e-05,8.9279936e-05,9.24705e-05,9.345569e-05,9.845783e-05,0.00010706135,0.000116349955,0.0001245709,0.00013076577,0.00013706696,0.00014837374,0.00016468472,0.00017842014,0.0001828046,0.00017938297,0.00017606767,0.00017929966,0.00018767659,0.00019494176,0.00019902343,0.00020365076,0.00021187984,0.00022286893,0.00023341783,0.00024135069,0.00024871668,0.00025919185,0.00027294672,0.00028598067,0.00029286585,0.00029086863,0.000284664,0.00028329442,0.0002887122,0.0002939615,0.0002947731,0.00029448862,0.00029789144,0.00030731596,0.00032232667,0.00033946132,0.0003531355,0.00035895858,0.00035752245,0.0003537556,0.00035266604,0.00035511967,0.0003591496,0.00036554786,0.00037462715,0.00037947274,0.00037462718,0.00036554786,0.0003591496,0.00035511967,0.00035266604,0.00035375557,0.00035752245,0.0003589586,0.0003531355,0.00033946132,0.00032232667,0.00030731596,0.00029789144,0.00029448862,0.0002947731,0.0002939615,0.0002887122,0.00028329442,0.000284664,0.00029086863,0.00029286585,0.00028598067,0.00027294672,0.00025919185,0.00024871665,0.00024135069,0.00023341781,0.00022286893,0.00021187984,0.00020365076,0.00019902343,0.00019494176,0.0001876766,0.00017929965,0.00017606767,0.00017938297,0.0001828046,0.00017842016,0.00016468472,0.00014837374,0.00013706696,0.00013076578,0.00012457088,0.000116349955,0.00010706135,9.845784e-05,9.3455696e-05,9.2470495e-05,8.927994e-05,7.901892e-05
22,7.069559e-05,8.563694e-05,9.4582276e-05,0.00010076743,0.0001082679,0.00011534921,0.00012070397,0.00012678647,0.000134938,0.00014489432,0.00015710061,0.0001698761,0.00017858793,0.00018130029,0.00018081935,0.00018130775,0.0001854717,0.00019194314,0.00019747631,0.0002026814,0.00021143579,0.00022476038,0.00023934379,0.0002506522,0.00025776913,0.00026515295,0.0002765766,0.0002897574,0.00029964297,0.00030332524,0.0003005308,0.00029503336,0.00029449834,0.0003009841,0.00030798055,0.00031173445,0.00031474407,0.0003199799,0.00033043147,0.00034735532,0.00036662543,0.0003816619,0.00038884324,0.0003890397,0.00038556143,0.00038196647,0.00038061125,0.0003835969,0.00039343012,0.00040734684,0.00041433054,0.00040734684,0.00039343012,0.0003835969,0.00038061128,0.00038196647,0.00038556143,0.0003890397,0.00038884324,0.0003816619,0.00036662543,0.00034735532,0.0003304315,0.0003199799,0.0003147441,0.00031173445,0.00030798055,0.0003009841,0.00029449837,0.00029503336,0.0003005308,0.00030332524,0.00029964297,0.0002897574,0.0002765766,0.00026515295,0.00025776913,0.0002506522,0.00023934379,0.00022476038,0.00021143578,0.0002026814,0.00019747631,0.00019194314,0.0001854717,0.00018130775,0.00018081935,0.0001813003,0.00017858793,0.00016987609,0.00015710061,0.00014489432,0.000134938,0.00012678647,0.00012070396,0.00011534922,0.00010826791,0.00010076743,9.4582276e-05,8.5636944e-05,7.069559e-05
23,6.628832e-05,8.123167e-05,9.191568e-05,0.00010168163,0.000113344504,0.00012275064,0.0001274108,0.00013165601,0.00013980738,0.00015098185,0.00016189236,0.00017010886,0.0001748831,0.00017747938,0.00017939616,0.00018199108,0.00018705781,0.00019383023,0.00020010868,0.00020773118,0.00022099022,0.00023999088,0.00025931458,0.0002729233,0.0002805409,0.00028774978,0.00029794575,0.00030778808,0.00031257333,0.00031264758,0.00031038534,0.00030763473,0.00030934595,0.000317861,0.00032800657,0.0003358625,0.0003419207,0.00034808659,0.00035889968,0.00037702662,0.00039753292,0.0004129079,0.00042073723,0.00042294263,0.0004212351,0.00041681685,0.00041217427,0.00041249453,0.00042234187,0.00043751128,0.00044510342,0.00043751128,0.00042234187,0.00041249453,0.00041217427,0.00041681685,0.0004212351,0.0004229426,0.00042073723,0.0004129079,0.00039753292,0.00037702662,0.00035889968,0.0003480866,0.0003419207,0.00033586248,0.00032800657,0.000317861,0.00030934595,0.00030763476,0.00031038534,0.00031264758,0.00031257333,0.00030778808,0.00029794575,0.00028774978,0.0002805409,0.00027292332,0.00025931458,0.00023999088,0.00022099023,0.00020773118,0.00020010868,0.00019383023,0.0001870578,0.00018199108,0.00017939616,0.00017747938,0.0001748831,0.00017010885,0.00016189236,0.00015098187,0.0001398074,0.00013165602,0.0001274108,0.00012275066,0.000113344504,0.00010168163,9.191569e-05,8.123167e-05,6.628832e-05
24,7.2178525e-05,8.414333e-05,9.297627e-05,0.00010341056,0.000117888456,0.00013042263,0.00013624922,0.0001392838,0.00014577375,0.00015575421,0.00016451429,0.00016994047,0.00017425275,0.00017898627,0.00018227502,0.00018404245,0.00018813976,0.00019580139,0.00020478983,0.00021591847,0.0002329403,0.0002560104,0.00027897218,0.00029471662,0.00030295888,0.00030942587,0.0003170785,0.00032267475,0.0003231035,0.00032148306,0.00032166924,0.0003232217,0.00032780497,0.00033784215,0.0003507235,0.00036270032,0.00037143915,0.00037754077,0.00038766454,0.00040664148,0.00042863254,0.00044412317,0.0004513683,0.00045438643,0.0004548126,0.0004515919,0.00044562225,0.0004427044,0.00044898287,0.0004613144,0.00046775895,0.0004613144,0.00044898287,0.00044270436,0.00044562225,0.0004515919,0.00045481263,0.00045438643,0.0004513683,0.00044412317,0.00042863254,0.00040664148,0.00038766454,0.00037754077,0.00037143915,0.00036270032,0.0003507235,0.00033784215,0.00032780497,0.0003232217,0.00032166924,0.00032148306,0.00032310348,0.00032267475,0.0003170785,0.00030942587,0.00030295888,0.00029471662,0.00027897218,0.0002560104,0.0002329403,0.00021591845,0.00020478983,0.00019580137,0.00018813978,0.00018404247,0.00018227502,0.00017898627,0.00017425274,0.00016994047,0.00016451429,0.00015575421,0.00014577375,0.0001392838,0.00013624923,0.00013042263,0.000117888456,0.00010341055,9.297627e-05,8.414332e-05,7.2178525e-05
25,8.519217e-05,9.399542e-05,9.945959e-05,0.00010744341,0.000121516125,0.00013550086,0.00014256281,0.00014512322,0.00014999905,0.00015793405,0.00016429367,0.000168498,0.00017518438,0.00018495177,0.00019196415,0.00019419628,0.00019707363,0.00020402984,0.0002136697,0.00022628818,0.00024467416,0.00026871832,0.0002926766,0.00030946388,0.00031813717,0.00032401574,0.00033020173,0.00033409384,0.00033369695,0.00033306907,0.0003362145,0.00034137152,0.0003474818,0.00035670202,0.0003699356,0.00038531687,0.0003977345,0.00040460104,0.00041312614,0.00043113454,0.0004535547,0.000469241,0.00047610645,0.0004794155,0.00048159953,0.00048103012,0.0004769169,0.0004729614,0.00047439538,0.0004804777,0.0004839944,0.0004804777,0.00047439538,0.0004729614,0.0004769169,0.00048103012,0.00048159956,0.0004794155,0.00047610645,0.000469241,0.0004535547,0.00043113454,0.00041312614,0.00040460104,0.0003977345,0.00038531685,0.0003699356,0.00035670202,0.0003474818,0.00034137152,0.0003362145,0.00033306907,0.00033369695,0.00033409384,0.00033020173,0.00032401574,0.00031813717,0.00030946385,0.0002926766,0.00026871834,0.00024467416,0.00022628819,0.0002136697,0.00020402986,0.00019707363,0.00019419628,0.00019196415,0.00018495179,0.00017518438,0.000168498,0.00016429368,0.00015793403,0.00014999905,0.00014512322,0.00014256281,0.00013550086,0.000121516125,0.00010744342,9.945959e-05,9.399542e-05,8.519218e-05
26,9.627212e-05,0.000103507875,0.00010683887,0.00011128115,0.00012212628,0.00013537961,0.00014370804,0.00014768429,0.00015277701,0.0001591398,0.00016293518,0.00016612918,0.00017571318,0.00019171624,0.00020571341,0.00021343071,0.00021849206,0.0002235113,0.00022874874,0.00023768768,0.00025424713,0.00027700444,0.0002998131,0.00031633145,0.00032529474,0.0003315465,0.00033868238,0.00034472274,0.00034774625,0.00035045863,0.00035581354,0.00036240672,0.00036841776,0.0003756007,0.00038756488,0.00040480692,0.00042081505,0.00042934364,0.00043586025,0.0004503569,0.00047083443,0.00048722496,0.00049640035,0.0005020017,0.00050635834,0.00050893956,0.00050853705,0.0005058796,0.00050374446,0.00050350773,0.00050381187,0.00050350773,0.00050374446,0.0005058796,0.00050853705,0.0005089395,0.00050635834,0.0005020017,0.00049640035,0.00048722496,0.00047083443,0.0004503569,0.00043586025,0.00042934364,0.00042081502,0.00040480692,0.00038756488,0.0003756007,0.00036841776,0.00036240672,0.00035581354,0.00035045863,0.00034774627,0.00034472274,0.00033868238,0.00033154653,0.00032529474,0.00031633145,0.0002998131,0.00027700444,0.00025424713,0.0002376877,0.00022874874,0.0002235113,0.00021849207,0.00021343071,0.00020571343,0.00019171624,0.00017571318,0.00016612918,0.00016293516,0.0001591398,0.00015277701,0.00014768427,0.00014370802,0.00013537961,0.0001221263,0.00011128115,0.00010683886,0.000103507875,9.627212e-05
27,9.908585e-05,0.00010740172,0.0001123497,0.000115552386,0.00012248642,0.00013334856,0.0001434038,0.00015135587,0.000158885,0.0001645253,0.00016604556,0.00016838161,0.00017990517,0.00019987179,0.00021959464,0.00023424489,0.0002439245,0.00024747197,0.00024629003,0.00024923545,0.00026318626,0.00028489274,0.00030653775,0.00032250682,0.0003318144,0.000338601,0.0003469687,0.00035659026,0.00036539312,0.00037308031,0.0003807411,0.00038837522,0.00039490566,0.00040130896,0.00041150657,0.0004272846,0.00044289697,0.00045143397,0.0004564325,0.00046730993,0.00048498093,0.0005026501,0.00051669567,0.00052759575,0.0005359001,0.00054160046,0.0005439278,0.00054239563,0.0005387742,0.0005357028,0.0005345556,0.0005357028,0.0005387742,0.00054239563,0.0005439278,0.00054160046,0.0005359001,0.00052759575,0.00051669567,0.0005026501,0.00048498096,0.00046730996,0.0004564325,0.00045143397,0.00044289697,0.0004272846,0.00041150657,0.00040130896,0.00039490566,0.0003883752,0.0003807411,0.00037308031,0.00036539315,0.0003565903,0.0003469687,0.000338601,0.0003318144,0.00032250682,0.00030653775,0.00028489277,0.00026318623,0.00024923545,0.00024629003,0.00024747197,0.00024392451,0.00023424489,0.00021959464,0.0001998718,0.00017990517,0.00016838161,0.00016604556,0.0001645253,0.000158885,0.00015135587,0.0001434038,0.00013334856,0.00012248642,0.000115552386,0.00011234969,0.00010740172,9.908585e-05
28,9.689136e-05,0.00010714943,0.00011563751,0.000120646815,0.0001258904,0.00013471302,0.0001461571,0.00015783912,0.00016767942,0.00017300664,0.00017349364,0.00017595667,0.00018845708,0.00020916651,0.00023039183,0.0002481108,0.00026018973,0.0002632555,0.00025973332,0.0002609556,0.00027450372,0.00029595118,0.00031716208,0.00033355464,0.00034379648,0.000350234,0.00035806373,0.000370619,0.00038597244,0.00039957475,0.00041042652,0.0004203978,0.0004292971,0.00043646412,0.00044434617,0.0004552112,0.00046585314,0.0004720355,0.00047672694,0.0004864289,0.0005023635,0.00052109006,0.0005401692,0.0005577737,0.0005710172,0.0005785936,0.0005812004,0.00057982106,0.00057668524,0.00057433086,0.0005735466,0.00057433086,0.00057668524,0.00057982106,0.00058120035,0.0005785936,0.0005710172,0.0005577737,0.0005401692,0.00052109006,0.0005023635,0.0004864289,0.00047672694,0.0004720355,0.00046585314,0.00045521118,0.00044434617,0.00043646412,0.0004292971,0.00042039776,0.00041042652,0.00039957475,0.00038597244,0.000370619,0.00035806373,0.000350234,0.00034379648,0.00033355464,0.00031716208,0.00029595118,0.00027450372,0.0002609556,0.00025973332,0.0002632555,0.00026018973,0.0002481108,0.00023039184,0.0002091665,0.00018845708,0.00017595668,0.00017349364,0.00017300663,0.00016767942,0.00015783911,0.0001461571,0.00013471302,0.0001258904,0.000120646815,0.00011563751,0.00010714943,9.689136e-05
29,9.951512e-05,0.000109130866,0.00011815159,0.00012494711,0.00013151778,0.00014055526,0.00015191859,0.00016330584,0.00017215412,0.00017673546,0.00017826229,0.00018301202,0.00019672984,0.00021688777,0.00023726893,0.0002543654,0.00026556145,0.0002692064,0.00026938124,0.00027474415,0.000289466,0.0003097245,0.00032989698,0.00034673774,0.00035791422,0.00036390984,0.00037155248,0.00038794824,0.00041051468,0.00043011887,0.00044401025,0.0004560929,0.00046718668,0.00047529797,0.00048166473,0.0004887997,0.0004953364,0.00049951056,0.00050445757,0.00051408855,0.00052861316,0.00054683664,0.0005685744,0.00059131644,0.00060848263,0.0006164007,0.0006178428,0.00061671366,0.0006156138,0.0006156881,0.00061599206,0.0006156881,0.0006156138,0.00061671366,0.0006178428,0.0006164007,0.00060848263,0.00059131644,0.0005685744,0.00054683664,0.00052861316,0.00051408855,0.00050445757,0.00049951056,0.0004953364,0.0004887997,0.00048166473,0.000475298,0.00046718668,0.0004560929,0.00044401025,0.00043011885,0.00041051468,0.00038794824,0.0003715525,0.00036390984,0.00035791422,0.00034673774,0.000329897,0.0003097245,0.000289466,0.00027474415,0.00026938127,0.0002692064,0.00026556145,0.0002543654,0.00023726893,0.00021688777,0.00019672984,0.00018301202,0.0001782623,0.00017673546,0.0001721541,0.00016330584,0.00015191859,0.00014055526,0.0001315178,0.00012494711,0.00011815158,0.00010913086,9.951511e-05
30,0.00011086748,0.00011682103,0.00012262477,0.00012924467,0.00013811245,0.00014839636,0.000157486,0.00016410544,0.00016867308,0.0001724564,0.00017786282,0.00018805175,0.00020421165,0.00022353738,0.0002424798,0.00025820563,0.00026817236,0.0002737696,0.00028008106,0.00029056653,0.0003054086,0.0003230474,0.00034086645,0.00035638525,0.00036748862,0.0003750648,0.00038690635,0.00040996354,0.00043927343,0.00046325088,0.00047881497,0.000491258,0.0005024516,0.00051074417,0.0005179772,0.0005266207,0.0005343749,0.0005391564,0.0005441748,0.0005529321,0.0005653141,0.0005811929,0.0006024965,0.0006274838,0.0006474698,0.0006562167,0.0006569673,0.000655907,0.00065653125,0.0006588625,0.0006601861,0.0006588625,0.00065653125,0.0006559069,0.0006569673,0.0006562167,0.0006474698,0.0006274838,0.0006024965,0.0005811929,0.0005653141,0.0005529321,0.0005441748,0.0005391564,0.0005343749,0.0005266207,0.0005179772,0.00051074417,0.0005024516,0.000491258,0.00047881494,0.00046325088,0.00043927343,0.00040996354,0.00038690635,0.0003750648,0.00036748862,0.00035638525,0.00034086645,0.0003230474,0.0003054086,0.00029056653,0.00028008106,0.0002737696,0.00026817236,0.0002582056,0.00024247981,0.0002235374,0.00020421167,0.00018805175,0.00017786282,0.00017245639,0.0001686731,0.00016410544,0.000157486,0.00014839636,0.00013811243,0.00012924467,0.00012262477,0.00011682103,0.00011086748
31,0.00012571114,0.00012775019,0.00013079398,0.00013684509,0.00014640075,0.00015550164,0.00015973087,0.0001601559,0.00016086354,0.00016591843,0.00017788948,0.00019511594,0.00021328793,0.00023027201,0.00024692123,0.00026203776,0.00027260778,0.00028083386,0.0002913456,0.00030420197,0.00031814183,0.0003335049,0.0003489372,0.00036227395,0.00037331716,0.00038563035,0.00040607914,0.00043659733,0.00046932223,0.00049445627,0.00051065214,0.0005228632,0.00053293863,0.0005407648,0.0005500123,0.0005631249,0.0005757089,0.00058381027,0.0005903375,0.00059914344,0.00061012956,0.00062362733,0.00064323493,0.00066856045,0.00069081195,0.00070223195,0.00070444384,0.00070379744,0.0007049475,0.0007081807,0.0007100059,0.0007081807,0.00070494757,0.00070379744,0.00070444384,0.00070223195,0.00069081195,0.00066856045,0.00064323493,0.00062362733,0.00061012956,0.00059914344,0.00059033744,0.00058381027,0.00057570887,0.0005631249,0.0005500123,0.00054076477,0.00053293863,0.0005228632,0.00051065214,0.00049445627,0.00046932223,0.0004365973,0.00040607914,0.00038563035,0.00037331716,0.00036227395,0.00034893717,0.0003335049,0.00031814183,0.00030420197,0.0002913456,0.00028083386,0.00027260778,0.00026203776,0.00024692123,0.00023027201,0.00021328793,0.00019511592,0.00017788948,0.00016591843,0.00016086354,0.0001601559,0.00015973087,0.00015550162,0.00014640077,0.0001368451,0.000130794,0.00012775019,0.00012571116
32,0.00013767154,0.0001377342,0.00014129102,0.00014815622,0.00015629405,0.00016091063,0.00015949215,0.00015606394,0.00015618601,0.00016452745,0.00018244272,0.00020397533,0.00022152218,0.00023492007,0.00024933,0.00026511145,0.0002779452,0.00028837076,0.00030027743,0.00031376618,0.00032770168,0.00034237586,0.00035679026,0.00036980852,0.00038320245,0.00040228,0.00043101193,0.00046533303,0.00049665506,0.0005202614,0.00053715066,0.0005499635,0.00055953074,0.0005676224,0.0005790368,0.00059570064,0.00061261526,0.0006253876,0.0006362869,0.00064825534,0.000660669,0.00067452894,0.0006940497,0.0007188362,0.000741595,0.0007562754,0.0007631802,0.00076604745,0.000768298,0.00077093136,0.0007722451,0.00077093136,0.000768298,0.00076604745,0.0007631802,0.0007562754,0.000741595,0.0007188362,0.0006940497,0.00067452894,0.000660669,0.0006482553,0.0006362869,0.0006253876,0.00061261526,0.00059570064,0.0005790368,0.0005676224,0.00055953074,0.0005499635,0.00053715066,0.00052026135,0.00049665506,0.00046533303,0.00043101193,0.00040227998,0.00038320245,0.00036980852,0.00035679026,0.0003423759,0.00032770168,0.00031376618,0.00030027743,0.00028837076,0.0002779452,0.00026511142,0.00024933004,0.00023492007,0.00022152218,0.00020397532,0.00018244273,0.00016452745,0.00015618601,0.00015606394,0.00015949216,0.00016091064,0.00015629406,0.00014815622,0.000141291,0.0001377342,0.00013767154
33,0.00014580913,0.00014549191,0.00015104635,0.0001593543,0.00016557393,0.00016604757,0.00016190352,0.00015844133,0.00015999132,0.00017037096,0.00018975834,0.00021074017,0.00022624686,0.00023791779,0.00025174336,0.00026806124,0.0002824266,0.00029433763,0.00030726584,0.00032223162,0.0003375425,0.00035218467,0.00036671368,0.00038264715,0.00040201496,0.00042774287,0.0004598519,0.00049212185,0.00051911495,0.0005413962,0.00056056364,0.0005756761,0.0005865213,0.00059691194,0.0006113417,0.0006300219,0.0006489826,0.00066612154,0.00068320194,0.00070051244,0.00071698613,0.0007349711,0.00075740006,0.00078140764,0.0008021336,0.0008186369,0.000831709,0.00084075,0.0008448226,0.00084527885,0.00084497686,0.00084527885,0.0008448226,0.00084075,0.00083170907,0.00081863685,0.0008021336,0.00078140764,0.00075740006,0.0007349711,0.00071698613,0.00070051244,0.00068320194,0.00066612154,0.0006489826,0.0006300219,0.00061134173,0.00059691194,0.0005865213,0.0005756761,0.00056056364,0.0005413962,0.00051911495,0.00049212185,0.00045985187,0.00042774287,0.00040201496,0.00038264715,0.0003667137,0.00035218467,0.00033754253,0.00032223162,0.00030726584,0.00029433766,0.0002824266,0.00026806124,0.00025174336,0.00023791779,0.00022624685,0.00021074018,0.00018975834,0.00017037094,0.00015999134,0.00015844134,0.0001619035,0.00016604757,0.00016557395,0.0001593543,0.00015104635,0.0001454919,0.00014580913
34,0.00015347038,0.000153317,0.0001593047,0.0001677999,0.00017336142,0.00017355627,0.00017084065,0.00016905059,0.00017059078,0.00017946553,0.00019634835,0.00021482648,0.00023011673,0.00024394122,0.00025907689,0.00027438268,0.0002878009,0.0003005109,0.0003153321,0.0003325187,0.00034919227,0.00036379535,0.00037947344,0.00040077863,0.00042804767,0.00045852852,0.0004889479,0.0005157291,0.0005390575,0.00056266686,0.00058638584,0.0006057748,0.0006200525,0.000634381,0.00065252173,0.000672793,0.0006925709,0.0007132609,0.000736437,0.00075896847,0.00077982363,0.00080360746,0.0008309492,0.0008553668,0.0008738684,0.00089046673,0.000907285,0.0009204883,0.000925463,0.0009237502,0.0009219639,0.0009237502,0.000925463,0.00092048827,0.000907285,0.00089046673,0.00087386847,0.0008553668,0.0008309492,0.00080360746,0.00077982363,0.00075896847,0.000736437,0.0007132609,0.0006925709,0.000672793,0.00065252173,0.000634381,0.0006200525,0.0006057748,0.0005863858,0.00056266686,0.0005390574,0.0005157291,0.0004889479,0.00045852852,0.00042804767,0.00040077863,0.00037947344,0.00036379535,0.00034919224,0.0003325187,0.0003153321,0.0003005109,0.0002878009,0.00027438268,0.0002590769,0.00024394122,0.00023011673,0.00021482646,0.00019634834,0.00017946554,0.00017059079,0.00016905059,0.00017084065,0.00017355627,0.0001733614,0.0001677999,0.00015930469,0.000153317,0.00015347038
35,0.00016214632,0.00016299993,0.00016739607,0.0001741972,0.00018031112,0.00018332637,0.00018383938,0.00018298134,0.00018236291,0.00018774343,0.00020154605,0.0002186377,0.00023562604,0.0002535858,0.00027160248,0.00028639988,0.00029838126,0.00031141646,0.00032764676,0.0003458853,0.00036316126,0.00037871453,0.00039727765,0.00042441432,0.00045822017,0.00049138116,0.0005191647,0.0005417261,0.000563711,0.0005896144,0.00061727874,0.0006410093,0.0006602315,0.00067976746,0.00070203113,0.0007242558,0.0007450252,0.00076872983,0.00079696794,0.0008236152,0.000847801,0.0008764214,0.00090893346,0.0009362179,0.0009552307,0.00097149436,0.0009881038,0.0010016403,0.0010077073,0.0010074509,0.0010063857,0.0010074509,0.0010077073,0.0010016402,0.0009881038,0.00097149436,0.0009552307,0.0009362179,0.00090893346,0.00087642146,0.000847801,0.00082361524,0.00079696794,0.00076872983,0.00074502523,0.0007242558,0.00070203113,0.00067976746,0.0006602315,0.0006410093,0.00061727874,0.0005896144,0.000563711,0.0005417261,0.0005191647,0.00049138116,0.00045822017,0.00042441432,0.00039727765,0.00037871453,0.00036316126,0.0003458853,0.00032764676,0.00031141643,0.00029838126,0.00028639988,0.00027160248,0.0002535858,0.00023562602,0.0002186377,0.00020154606,0.00018774343,0.00018236291,0.00018298134,0.00018383938,0.00018332637,0.00018031112,0.0001741972,0.00016739607,0.00016299992,0.00016214632
36,0.00016897553,0.00017199894,0.000174549,0.0001788003,0.00018496033,0.0001904659,0.00019398754,0.00019477827,0.00019387176,0.00019761584,0.00020965925,0.0002259673,0.0002437633,0.00026434942,0.0002853173,0.00030146708,0.00031365125,0.0003270119,0.00034348352,0.00036173494,0.00038001768,0.00039850042,0.0004212859,0.00045251974,0.0004894354,0.00052457134,0.0005530212,0.00057542213,0.00059718883,0.0006227391,0.00065045315,0.0006766205,0.0007013661,0.0007271727,0.00075395894,0.0007788525,0.0008021381,0.0008297133,0.0008626708,0.00089318136,0.0009203593,0.0009525007,0.0009893817,0.0010209717,0.0010426554,0.0010586928,0.001073387,0.0010866949,0.001096479,0.0011020234,0.0011038288,0.0011020234,0.001096479,0.0010866949,0.001073387,0.0010586928,0.0010426554,0.0010209718,0.0009893816,0.0009525006,0.00092035934,0.0008931814,0.0008626708,0.0008297133,0.0008021381,0.0007788525,0.00075395894,0.0007271727,0.0007013661,0.0006766205,0.00065045315,0.0006227391,0.00059718883,0.00057542213,0.0005530212,0.00052457134,0.0004894354,0.00045251974,0.00042128592,0.00039850042,0.00038001768,0.00036173494,0.00034348352,0.0003270119,0.00031365125,0.00030146708,0.0002853173,0.00026434942,0.00024376331,0.00022596732,0.00020965927,0.00019761584,0.00019387176,0.00019477827,0.00019398754,0.0001904659,0.00018496033,0.0001788003,0.000174549,0.00017199892,0.00016897553
37,0.00017042522,0.0001755078,0.00017740998,0.00018005469,0.00018549373,0.0001919175,0.00019817031,0.00020284945,0.00020575736,0.00021131392,0.00022299547,0.0002384095,0.00025569843,0.0002767566,0.00029932547,0.0003173838,0.00033086044,0.00034425527,0.0003597362,0.00037769135,0.0003983421,0.00042175697,0.00044933386,0.0004821861,0.0005184105,0.00055456336,0.0005865361,0.00061184715,0.0006334624,0.0006561391,0.00068161695,0.00070986507,0.0007404196,0.0007720561,0.0008028636,0.0008317433,0.0008608685,0.0008951695,0.0009337569,0.0009686121,0.0009995528,0.0010349834,0.0010749778,0.0011099679,0.0011342309,0.0011506209,0.0011648039,0.0011798756,0.0011948042,0.0012064143,0.0012109607,0.0012064143,0.0011948042,0.0011798756,0.0011648039,0.0011506209,0.0011342309,0.0011099679,0.0010749778,0.0010349834,0.0009995528,0.00096861203,0.0009337569,0.0008951695,0.0008608685,0.0008317433,0.0008028636,0.0007720561,0.0007404196,0.000709865,0.00068161695,0.0006561391,0.0006334624,0.00061184715,0.000586536,0.00055456336,0.0005184105,0.0004821861,0.0004493339,0.00042175694,0.00039834206,0.00037769135,0.0003597362,0.00034425524,0.00033086044,0.0003173838,0.00029932547,0.0002767566,0.0002556984,0.00023840951,0.00022299548,0.00021131392,0.00020575736,0.00020284945,0.00019817031,0.0001919175,0.00018549373,0.00018005469,0.00017740997,0.00017550781,0.00017042522
38,0.00016696568,0.0001728888,0.00017573834,0.00017897256,0.00018460208,0.00019194372,0.00020036628,0.00020831218,0.00021529975,0.0002237965,0.00023611146,0.00025135622,0.0002686437,0.00028984883,0.00031347602,0.00033394693,0.00034942816,0.0003622672,0.00037553732,0.0003928059,0.0004165005,0.00044599385,0.00047885271,0.000512151,0.0005448962,0.0005791992,0.0006135853,0.0006424647,0.00066493603,0.0006855472,0.00070994406,0.0007413122,0.0007773121,0.00081340305,0.0008480111,0.00088293373,0.00092109636,0.0009644456,0.0010095119,0.0010493826,0.0010854648,0.0011250435,0.001167251,0.0012040862,0.0012308853,0.0012497621,0.001266354,0.0012845023,0.0013030174,0.0013176267,0.0013233385,0.0013176267,0.0013030174,0.0012845024,0.001266354,0.0012497621,0.0012308853,0.0012040862,0.001167251,0.0011250435,0.0010854648,0.0010493826,0.0010095119,0.0009644456,0.00092109636,0.00088293373,0.00084801106,0.00081340305,0.0007773121,0.0007413122,0.00070994406,0.0006855472,0.000664936,0.0006424647,0.0006135853,0.0005791992,0.0005448962,0.000512151,0.00047885271,0.00044599385,0.0004165005,0.0003928059,0.00037553732,0.00036226716,0.00034942813,0.00033394693,0.00031347602,0.00028984883,0.0002686437,0.00025135625,0.00023611147,0.00022379648,0.00021529973,0.00020831218,0.00020036628,0.00019194372,0.00018460209,0.00017897256,0.00017573834,0.0001728888,0.00016696568
39,0.00016076527,0.0001670805,0.00017235707,0.00017838804,0.0001861289,0.00019525857,0.000204851,0.00021325011,0.00022125457,0.00023127887,0.00024431245,0.0002598375,0.00027771748,0.00029935912,0.00032403786,0.00034740928,0.00036571993,0.00037858356,0.00039004584,0.00040685452,0.0004333513,0.00046851073,0.0005067541,0.00054111105,0.00057015946,0.00060034293,0.00063455553,0.0006667531,0.00069227756,0.00071361,0.00073817605,0.0007715232,0.00081099104,0.0008510657,0.00089101406,0.00093405833,0.0009823926,0.0010351095,0.0010871645,0.0011332976,0.0011764742,0.0012221208,0.0012675719,0.0013067243,0.0013374935,0.0013618148,0.0013835568,0.0014052619,0.0014256237,0.001440832,0.0014466022,0.001440832,0.0014256237,0.0014052618,0.0013835568,0.0013618148,0.0013374935,0.0013067243,0.0012675719,0.0012221208,0.0011764742,0.0011332976,0.0010871645,0.0010351095,0.0009823926,0.00093405833,0.00089101406,0.0008510656,0.00081099104,0.0007715232,0.00073817605,0.00071361,0.00069227756,0.0006667531,0.00063455553,0.00060034293,0.00057015946,0.00054111105,0.0005067541,0.00046851073,0.0004333513,0.00040685452,0.00039004584,0.00037858356,0.00036571993,0.00034740928,0.00032403786,0.00029935912,0.00027771748,0.00025983754,0.00024431245,0.00023127889,0.00022125457,0.00021325011,0.00020485099,0.00019525857,0.0001861289,0.00017838803,0.00017235707,0.0001670805,0.00016076525
40,0.00015162863,0.00015927898,0.00016810882,0.00017822158,0.00018888777,0.00019934378,0.00020884945,0.00021653471,0.00022462697,0.00023575914,0.00024939328,0.00026470516,0.00028253894,0.0003041184,0.00032883437,0.00035355389,0.00037429278,0.00038895622,0.00040109784,0.00041865985,0.00044727247,0.00048629005,0.0005288041,0.000565555,0.00059395726,0.0006218604,0.00065535126,0.0006898307,0.0007187803,0.0007422619,0.0007673815,0.0008012161,0.00084270927,0.0008869755,0.0009334137,0.0009851528,0.0010435153,0.0011058375,0.0011662141,0.0012206113,0.0012728743,0.0013269637,0.0013789453,0.001423804,0.0014614031,0.0014939337,0.0015230605,0.0015490787,0.0015707919,0.0015856444,0.0015909628,0.0015856444,0.0015707919,0.0015490787,0.0015230605,0.0014939338,0.0014614031,0.001423804,0.0013789454,0.0013269637,0.0012728743,0.0012206112,0.0011662141,0.0011058375,0.0010435153,0.0009851528,0.0009334137,0.00088697555,0.00084270927,0.0008012161,0.0007673815,0.0007422619,0.0007187803,0.0006898307,0.00065535126,0.0006218604,0.00059395726,0.000565555,0.0005288041,0.00048629005,0.00044727247,0.00041865985,0.00040109784,0.00038895622,0.00037429278,0.0003535539,0.00032883434,0.0003041184,0.00028253894,0.00026470516,0.00024939328,0.00023575916,0.00022462697,0.00021653471,0.00020884945,0.00019934378,0.00018888779,0.00017822158,0.00016810882,0.00015927896,0.00015162863
41,0.00013992887,0.00015066237,0.00016374786,0.00017794908,0.0001905505,0.00020021843,0.0002079646,0.00021518047,0.00022483047,0.00023842882,0.00025355286,0.000268814,0.00028590983,0.0003066095,0.00033020126,0.00035413067,0.00037602088,0.0003942526,0.00041026127,0.0004301016,0.0004598187,0.0004998431,0.0005439638,0.00058347406,0.00061545824,0.00064601045,0.0006802511,0.0007146261,0.00074401376,0.0007687193,0.0007956004,0.00083191635,0.00087690767,0.0009256479,0.0009777045,0.0010369373,0.0011047396,0.0011770796,0.0012471601,0.0013115567,0.0013743426,0.001438921,0.0015014184,0.0015572285,0.0016062879,0.001650399,0.0016890817,0.0017205686,0.0017442766,0.0017592107,0.0017642528,0.0017592107,0.0017442766,0.0017205686,0.0016890817,0.001650399,0.0016062879,0.0015572284,0.0015014184,0.001438921,0.0013743426,0.0013115567,0.0012471601,0.0011770796,0.0011047396,0.0010369373,0.0009777045,0.0009256479,0.00087690767,0.0008319163,0.0007956004,0.0007687193,0.00074401376,0.0007146261,0.0006802511,0.00064601045,0.00061545824,0.00058347406,0.00054396386,0.0004998431,0.0004598187,0.0004301016,0.00041026124,0.0003942526,0.00037602088,0.0003541307,0.0003302013,0.0003066095,0.00028590983,0.000268814,0.00025355286,0.00023842882,0.00022483047,0.00021518048,0.00020796458,0.00020021843,0.0001905505,0.00017794908,0.00016374787,0.00015066237,0.00013992887
42,0.00013030342,0.00014514424,0.00016234929,0.0001796059,0.00019278232,0.00020045188,0.00020563138,0.00021220114,0.00022344931,0.00023948296,0.0002567166,0.00027286267,0.0002891301,0.00030821428,0.0003304237,0.00035339172,0.00037634076,0.00039919157,0.00042110914,0.0004445325,0.00047466683,0.00051306566,0.0005554687,0.0005958386,0.0006322469,0.00066825224,0.0007050343,0.0007382586,0.00076569984,0.00079083594,0.0008215724,0.00086404907,0.00091545325,0.0009698158,0.0010271372,0.0010924619,0.0011680205,0.0012492696,0.0013288843,0.0014038116,0.0014781844,0.0015554064,0.0016326852,0.0017056316,0.001772383,0.0018324023,0.0018831933,0.0019223336,0.0019506434,0.0019685004,0.0019746372,0.0019685004,0.0019506434,0.0019223336,0.0018831933,0.0018324023,0.001772383,0.0017056316,0.0016326852,0.0015554064,0.0014781844,0.0014038116,0.0013288842,0.0012492696,0.0011680205,0.0010924619,0.0010271372,0.0009698158,0.00091545325,0.00086404907,0.0008215724,0.00079083594,0.00076569984,0.0007382586,0.00070503436,0.00066825224,0.00063224696,0.0005958386,0.0005554687,0.00051306566,0.00047466683,0.0004445325,0.00042110914,0.00039919154,0.00037634076,0.0003533917,0.0003304237,0.00030821428,0.0002891301,0.00027286267,0.0002567166,0.00023948296,0.00022344931,0.00021220114,0.00020563138,0.00020045186,0.00019278232,0.00017960591,0.00016234929,0.00014514424,0.00013030342
43,0.00012858906,0.00014554092,0.00016487637,0.00018398298,0.00019806389,0.00020555417,0.00020983572,0.00021585997,0.0002272668,0.00024393626,0.00026227767,0.000278709,0.00029311574,0.0003096106,0.00033055036,0.00035360773,0.00037796918,0.0004046113,0.00043193955,0.00045962646,0.0004908178,0.00052685506,0.00056532497,0.0006032582,0.0006407,0.0006804238,0.000720585,0.0007548341,0.00078233704,0.00080979744,0.00084634894,0.00089648296,0.0009555648,0.0010172981,0.0010814269,0.0011526201,0.0012341155,0.0013226504,0.0014112536,0.0014971702,0.0015847058,0.0016776896,0.0017747191,0.0018715181,0.0019627751,0.0020439017,0.0021110768,0.0021627592,0.0022009087,0.0022260714,0.0022351297,0.0022260714,0.0022009087,0.0021627592,0.0021110768,0.0020439017,0.0019627751,0.0018715181,0.0017747191,0.0016776896,0.0015847058,0.0014971702,0.0014112536,0.0013226504,0.0012341155,0.0011526201,0.0010814269,0.0010172981,0.0009555648,0.00089648296,0.00084634894,0.00080979744,0.00078233704,0.0007548341,0.000720585,0.00068042375,0.0006407,0.0006032582,0.00056532497,0.00052685506,0.0004908178,0.00045962646,0.00043193955,0.0004046113,0.00037796918,0.00035360773,0.00033055036,0.00030961062,0.00029311574,0.000278709,0.00026227767,0.00024393626,0.0002272668,0.00021585995,0.0002098357,0.00020555417,0.0001980639,0.00018398298,0.00016487637,0.00014554092,0.00012858908
44,0.00013456015,0.00014992579,0.00016839692,0.00018823138,0.00020486691,0.00021571424,0.00022214581,0.00022871519,0.00024007473,0.00025713877,0.00027615746,0.0002915472,0.00030252888,0.00031550505,0.0003347851,0.00035754175,0.00038181245,0.00040900492,0.00043877022,0.00047006123,0.00050322834,0.00053758814,0.00057175546,0.0006055278,0.0006410619,0.0006816258,0.00072457193,0.0007625066,0.00079444743,0.0008275833,0.00087055296,0.0009267373,0.0009921286,0.0010617109,0.0011343638,0.0012129489,0.0013012227,0.0013976957,0.0014962256,0.001594975,0.001698995,0.00181225,0.0019342091,0.0020607552,0.002183427,0.0022934047,0.0023855874,0.0024585174,0.0025132159,0.0025490685,0.0025619173,0.0025490685,0.0025132159,0.0024585174,0.0023855872,0.0022934047,0.002183427,0.0020607552,0.0019342091,0.00181225,0.001698995,0.001594975,0.0014962256,0.0013976957,0.0013012227,0.0012129489,0.0011343638,0.0010617109,0.0009921286,0.0009267373,0.000870553,0.0008275833,0.00079444743,0.0007625066,0.00072457193,0.0006816258,0.0006410619,0.0006055278,0.00057175546,0.00053758814,0.00050322834,0.0004700612,0.00043877022,0.00040900492,0.00038181245,0.00035754175,0.0003347851,0.00031550505,0.0003025289,0.0002915472,0.00027615746,0.00025713877,0.00024007473,0.00022871519,0.00022214581,0.00021571424,0.00020486693,0.00018823138,0.00016839692,0.0001499258,0.00013456016
45,0.00014339942,0.0001559175,0.00017192193,0.00019129418,0.0002106478,0.00022613097,0.00023613677,0.00024411886,0.00025615538,0.0002751065,0.00029660395,0.00031249694,0.0003215446,0.00033178664,0.000348569,0.00036888686,0.00039030585,0.00041468054,0.00044326048,0.00047555708,0.00050970516,0.00054283417,0.00057400134,0.00060494774,0.00063914864,0.00067972345,0.0007241771,0.00076627755,0.0008047635,0.0008448974,0.0008932596,0.0009529806,0.0010224786,0.0010987913,0.0011798948,0.0012672176,0.0013648752,0.0014720006,0.0015829349,0.0016979442,0.0018237388,0.0019634035,0.0021157323,0.002277915,0.0024416726,0.002595769,0.0027311845,0.0028405145,0.0029183389,0.002963703,0.0029785,0.002963703,0.002918339,0.0028405145,0.0027311845,0.002595769,0.0024416726,0.002277915,0.0021157323,0.0019634035,0.0018237388,0.0016979442,0.0015829349,0.0014720006,0.0013648752,0.0012672176,0.0011798948,0.0010987913,0.0010224786,0.0009529806,0.0008932596,0.0008448974,0.00080476346,0.00076627755,0.0007241771,0.00067972345,0.00063914864,0.00060494774,0.00057400134,0.00054283417,0.00050970516,0.00047555708,0.00044326048,0.00041468054,0.00039030585,0.00036888686,0.000348569,0.00033178664,0.0003215446,0.00031249694,0.00029660395,0.0002751065,0.00025615538,0.00024411886,0.00023613677,0.00022613097,0.0002106478,0.00019129418,0.00017192193,0.0001559175,0.00014339942
46,0.00015158909,0.00016267749,0.00017709663,0.00019561409,0.00021585777,0.00023362791,0.0002458831,0.00025487633,0.00026720038,0.00028796692,0.0003134224,0.0003335809,0.00034549396,0.00035619515,0.00037085885,0.00038748933,0.0004048988,0.00042542216,0.00045063114,0.00048063658,0.00051348354,0.00054548524,0.0005752944,0.0006054057,0.000640044,0.00068148505,0.0007273569,0.0007731889,0.0008174148,0.0008632673,0.0009160169,0.0009785038,0.0010507589,0.0011315498,0.0012186387,0.0013131655,0.0014200939,0.0015389809,0.0016646796,0.0017996257,0.0019523688,0.0021250842,0.0023155909,0.0025242995,0.002749128,0.002982095,0.0032078275,0.0033932796,0.0035034644,0.003542193,0.003547713,0.003542193,0.0035034644,0.0033932796,0.0032078275,0.002982095,0.002749128,0.0025242995,0.0023155909,0.0021250844,0.0019523688,0.0017996257,0.0016646796,0.0015389809,0.0014200939,0.0013131655,0.0012186387,0.0011315498,0.0010507589,0.0009785038,0.0009160169,0.0008632673,0.0008174148,0.0007731889,0.0007273569,0.00068148505,0.000640044,0.0006054057,0.0005752944,0.00054548524,0.00051348354,0.00048063658,0.00045063114,0.00042542213,0.0004048988,0.00038748933,0.00037085882,0.00035619515,0.00034549396,0.0003335809,0.0003134224,0.00028796692,0.00026720038,0.00025487633,0.0002458831,0.00023362791,0.00021585777,0.00019561408,0.00017709663,0.00016267749,0.0001515891
47,0.00015697876,0.00016803434,0.00018300381,0.00020141741,0.00022055845,0.00023709862,0.00024910632,0.00025827606,0.00027012895,0.00029126758,0.00032024298,0.00034697884,0.00036577883,0.00038019576,0.000394451,0.00040843393,0.00042287793,0.00044040047,0.0004618723,0.0004879702,0.0005185089,0.0005499724,0.00057918485,0.00060846715,0.00064344093,0.0006863256,0.00073468435,0.00078451395,0.00083310326,0.0008831452,0.00094047654,0.0010068062,0.0010814081,0.0011643913,0.0012543375,0.0013526058,0.0014650828,0.0015928027,0.0017326202,0.0018885629,0.0020701601,0.0022806246,0.002519742,0.002794685,0.0031201087,0.0035140654,0.0039598816,0.0043388163,0.0045002443,0.0044648373,0.004417646,0.0044648373,0.0045002443,0.0043388163,0.0039598816,0.0035140654,0.0031201087,0.002794685,0.002519742,0.0022806246,0.0020701601,0.0018885629,0.0017326201,0.0015928027,0.0014650828,0.0013526058,0.0012543375,0.0011643913,0.0010814081,0.0010068062,0.00094047654,0.0008831452,0.00083310326,0.00078451395,0.00073468435,0.0006863256,0.00064344093,0.00060846715,0.00057918485,0.0005499724,0.0005185089,0.0004879702,0.0004618723,0.0004404005,0.00042287793,0.00040843393,0.000394451,0.00038019574,0.00036577886,0.00034697884,0.00032024298,0.00029126758,0.00027012895,0.0002582761,0.00024910635,0.00023709862,0.00022055846,0.00020141742,0.00018300381,0.00016803434,0.00015697876
48,0.00015900045,0.00017012325,0.000186381,0.00020513505,0.00022242455,0.00023595411,0.00024607545,0.0002550535,0.00026703055,0.00028861215,0.00032054397,0.00035377042,0.00037982565,0.00039813895,0.0004123078,0.00042477238,0.0004379858,0.00045438495,0.00047371938,0.00049671467,0.000525537,0.00055729103,0.0005862514,0.0006137439,0.00064714166,0.0006901776,0.00074107957,0.0007950328,0.00084714335,0.0009001331,0.0009614923,0.0010317296,0.0011087414,0.0011938957,0.0012863616,0.0013863288,0.001499711,0.001630643,0.0017802722,0.0019542107,0.0021621112,0.0024104146,0.0027054802,0.0030673454,0.0035487297,0.0042422083,0.005150639,0.0059504677,0.006188512,0.005925318,0.005729013,0.005925318,0.006188512,0.0059504677,0.005150639,0.0042422083,0.0035487297,0.0030673454,0.0027054802,0.0024104146,0.0021621112,0.0019542107,0.0017802722,0.001630643,0.001499711,0.0013863288,0.0012863616,0.0011938957,0.0011087414,0.0010317296,0.0009614923,0.0009001331,0.00084714335,0.0007950328,0.00074107957,0.0006901776,0.0006471416,0.0006137439,0.0005862514,0.00055729103,0.000525537,0.00049671467,0.00047371938,0.00045438495,0.0004379858,0.00042477238,0.0004123078,0.00039813895,0.00037982565,0.00035377042,0.00032054394,0.00028861215,0.00026703053,0.00025505348,0.00024607542,0.00023595411,0.00022242455,0.00020513505,0.000186381,0.00017012324,0.00015900045
49,0.00015904877,0.00016931834,0.00018549513,0.00020427727,0.00022053235,0.00023183294,0.00024011293,0.00024902532,0.00026226946,0.0002854905,0.00032015948,0.00035805395,0.00038870622,0.00040848204,0.00042127472,0.00043223397,0.00044531803,0.00046271866,0.0004825932,0.00050459546,0.00053253386,0.0005647526,0.0005937872,0.0006193789,0.0006497845,0.00069110346,0.0007433668,0.0008006831,0.00085533014,0.00090952055,0.00097233884,0.0010443782,0.0011235308,0.0012123939,0.0013090847,0.001410517,0.0015219045,0.0016514652,0.0018056588,0.001991682,0.0022189114,0.0024972449,0.0028411276,0.0032873582,0.003942182,0.0050094873,0.006532538,0.007900699,0.008220249,0.0076071764,0.0071875863,0.0076071764,0.008220249,0.007900699,0.006532538,0.0050094873,0.003942182,0.0032873582,0.0028411276,0.0024972449,0.0022189114,0.001991682,0.0018056587,0.0016514652,0.0015219045,0.001410517,0.0013090847,0.0012123939,0.0011235308,0.0010443782,0.00097233884,0.00090952055,0.00085533014,0.0008006831,0.0007433668,0.00069110346,0.0006497845,0.0006193789,0.0005937872,0.0005647526,0.00053253386,0.0005045955,0.0004825932,0.00046271866,0.00044531803,0.00043223397,0.00042127472,0.00040848204,0.00038870625,0.00035805395,0.00032015948,0.0002854905,0.00026226943,0.00024902532,0.00024011293,0.00023183294,0.00022053235,0.00020427727,0.00018549513,0.00016931836,0.00015904877
50,0.00015879721,0.00016834936,0.0001839897,0.0002026727,0.0002187882,0.0002294341,0.00023700933,0.00024596648,0.0002600589,0.0002843633,0.0003202903,0.0003598744,0.00039191026,0.0004116974,0.00042344528,0.0004335823,0.00044675954,0.00046510348,0.00048590242,0.0005079725,0.0005356316,0.0005680014,0.00059711677,0.0006218946,0.00065069774,0.0006908566,0.00074345287,0.00080213475,0.00085770705,0.00091199094,0.0009747417,0.0010469734,0.0011270249,0.0012180556,0.0013172362,0.0014194422,0.0015294543,0.001657601,0.001812896,0.0020032236,0.002237785,0.0025279506,0.0028918355,0.003374627,0.004110315,0.005361332,0.0071941265,0.008850437,0.00920682,0.008407758,0.007870502,0.008407758,0.00920682,0.008850437,0.0071941265,0.005361332,0.004110315,0.003374627,0.0028918355,0.0025279506,0.002237785,0.0020032236,0.001812896,0.0016576009,0.0015294543,0.0014194422,0.0013172362,0.0012180556,0.001127025,0.0010469734,0.0009747417,0.00091199094,0.000857707,0.00080213475,0.00074345287,0.0006908566,0.00065069774,0.0006218946,0.00059711677,0.0005680014,0.0005356316,0.0005079725,0.00048590242,0.0004651035,0.0004467595,0.0004335823,0.00042344528,0.0004116974,0.00039191026,0.0003598744,0.00032029027,0.00028436334,0.0002600589,0.00024596648,0.00023700934,0.0002294341,0.0002187882,0.0002026727,0.00018398969,0.00016834935,0.00015879721
51,0.00015904877,0.00016931834,0.00018549513,0.00020427727,0.00022053235,0.00023183294,0.00024011293,0.00024902532,0.00026226943,0.0002854905,0.00032015948,0.00035805395,0.00038870622,0.00040848204,0.00042127472,0.00043223397,0.000445318,0.00046271866,0.00048259317,0.00050459546,0.00053253386,0.0005647526,0.0005937872,0.0006193789,0.0006497845,0.00069110346,0.0007433668,0.0008006831,0.00085533014,0.00090952055,0.00097233884,0.0010443782,0.0011235308,0.0012123939,0.0013090847,0.001410517,0.0015219045,0.0016514652,0.0018056588,0.001991682,0.0022189114,0.0024972449,0.0028411276,0.0032873582,0.003942182,0.0050094873,0.006532538,0.007900699,0.008220249,0.0076071764,0.0071875863,0.0076071764,0.008220249,0.007900699,0.006532538,0.0050094873,0.003942182,0.0032873582,0.0028411276,0.0024972449,0.0022189114,0.001991682,0.0018056588,0.0016514653,0.0015219045,0.001410517,0.0013090847,0.0012123939,0.0011235308,0.0010443782,0.00097233884,0.00090952055,0.00085533014,0.0008006831,0.0007433668,0.00069110346,0.0006497845,0.0006193789,0.0005937872,0.0005647526,0.00053253386,0.0005045955,0.0004825932,0.00046271866,0.00044531803,0.00043223397,0.00042127472,0.00040848204,0.00038870625,0.00035805395,0.00032015948,0.0002854905,0.00026226943,0.00024902532,0.00024011292,0.00023183294,0.00022053235,0.00020427727,0.00018549513,0.00016931836,0.00015904877
52,0.00015900045,0.00017012325,0.000186381,0.00020513505,0.00022242454,0.0002359541,0.00024607545,0.0002550535,0.00026703053,0.00028861215,0.00032054397,0.00035377042,0.00037982565,0.00039813895,0.0004123078,0.00042477238,0.0004379858,0.00045438495,0.00047371938,0.00049671467,0.000525537,0.00055729103,0.0005862514,0.0006137439,0.00064714166,0.0006901776,0.00074107957,0.0007950328,0.00084714335,0.0009001331,0.0009614923,0.0010317296,0.0011087414,0.0011938957,0.0012863616,0.0013863288,0.001499711,0.001630643,0.0017802722,0.0019542107,0.0021621112,0.0024104146,0.0027054802,0.0030673454,0.0035487297,0.0042422083,0.005150639,0.0059504677,0.006188512,0.005925318,0.005729013,0.005925318,0.006188512,0.0059504677,0.005150639,0.0042422083,0.0035487297,0.0030673454,0.0027054802,0.0024104146,0.0021621112,0.0019542107,0.0017802722,0.001630643,0.001499711,0.0013863288,0.0012863616,0.0011938957,0.0011087414,0.0010317296,0.0009614923,0.0009001331,0.00084714335,0.0007950328,0.00074107957,0.0006901776,0.0006471416,0.0006137439,0.0005862514,0.00055729103,0.000525537,0.00049671467,0.00047371938,0.00045438495,0.0004379858,0.00042477238,0.0004123078,0.00039813895,0.00037982565,0.00035377042,0.00032054394,0.00028861215,0.00026703053,0.00025505348,0.00024607542,0.00023595411,0.00022242455,0.00020513506,0.000186381,0.00017012325,0.00015900045
53,0.00015697876,0.00016803434,0.0001830038,0.00020141741,0.00022055845,0.00023709862,0.00024910632,0.00025827606,0.00027012895,0.00029126758,0.000320243,0.00034697884,0.00036577883,0.00038019576,0.000394451,0.00040843393,0.00042287793,0.0004404005,0.0004618723,0.0004879702,0.0005185089,0.0005499724,0.00057918485,0.00060846715,0.00064344093,0.0006863256,0.00073468435,0.00078451395,0.00083310326,0.0008831452,0.00094047654,0.0010068062,0.0010814081,0.0011643913,0.0012543375,0.0013526058,0.0014650828,0.0015928027,0.0017326201,0.0018885629,0.0020701601,0.0022806246,0.002519742,0.002794685,0.0031201087,0.0035140654,0.0039598816,0.0043388163,0.0045002443,0.0044648373,0.004417646,0.0044648373,0.0045002443,0.0043388163,0.0039598816,0.0035140654,0.0031201087,0.002794685,0.002519742,0.0022806246,0.0020701601,0.0018885629,0.0017326202,0.0015928027,0.0014650828,0.0013526058,0.0012543375,0.0011643913,0.0010814081,0.0010068062,0.00094047654,0.0008831452,0.00083310326,0.00078451395,0.00073468435,0.0006863256,0.00064344093,0.00060846715,0.00057918485,0.0005499724,0.0005185089,0.0004879702,0.0004618723,0.00044040047,0.00042287793,0.00040843393,0.000394451,0.00038019576,0.00036577883,0.00034697884,0.00032024298,0.00029126758,0.00027012895,0.0002582761,0.00024910635,0.00023709862,0.00022055845,0.00020141742,0.00018300381,0.00016803434,0.00015697876
54,0.00015158909,0.00016267749,0.00017709663,0.00019561408,0.00021585777,0.00023362791,0.0002458831,0.00025487633,0.00026720038,0.00028796692,0.0003134224,0.0003335809,0.00034549396,0.00035619515,0.00037085885,0.00038748933,0.0004048988,0.00042542213,0.00045063114,0.00048063658,0.00051348354,0.00054548524,0.0005752944,0.0006054057,0.000640044,0.00068148505,0.0007273569,0.0007731889,0.0008174148,0.0008632673,0.0009160169,0.0009785038,0.0010507589,0.0011315498,0.0012186387,0.0013131655,0.0014200939,0.0015389809,0.0016646796,0.0017996257,0.0019523688,0.0021250842,0.0023155909,0.0025242995,0.002749128,0.002982095,0.0032078275,0.0033932796,0.0035034644,0.003542193,0.003547713,0.003542193,0.0035034644,0.0033932796,0.0032078275,0.002982095,0.002749128,0.0025242995,0.0023155909,0.0021250844,0.0019523686,0.0017996257,0.0016646796,0.0015389809,0.0014200939,0.0013131655,0.0012186387,0.0011315498,0.0010507589,0.0009785038,0.0009160169,0.0008632673,0.0008174148,0.0007731889,0.0007273569,0.00068148505,0.000640044,0.0006054057,0.0005752944,0.00054548524,0.00051348354,0.00048063658,0.00045063114,0.00042542213,0.0004048988,0.00038748933,0.00037085882,0.00035619515,0.00034549396,0.0003335809,0.0003134224,0.00028796692,0.00026720038,0.00025487633,0.0002458831,0.00023362791,0.00021585778,0.00019561408,0.00017709663,0.00016267749,0.0001515891
55,0.00014339942,0.0001559175,0.00017192193,0.00019129418,0.0002106478,0.00022613099,0.00023613675,0.00024411886,0.00025615538,0.0002751065,0.00029660395,0.00031249694,0.0003215446,0.00033178664,0.000348569,0.00036888686,0.00039030585,0.00041468054,0.00044326048,0.00047555708,0.00050970516,0.00054283417,0.00057400134,0.00060494774,0.00063914864,0.00067972345,0.0007241771,0.00076627755,0.0008047635,0.0008448974,0.0008932596,0.0009529806,0.0010224786,0.0010987913,0.0011798948,0.0012672176,0.0013648752,0.0014720006,0.0015829349,0.0016979442,0.0018237388,0.0019634035,0.0021157323,0.002277915,0.0024416726,0.002595769,0.0027311845,0.0028405145,0.002918339,0.002963703,0.0029785,0.002963703,0.002918339,0.0028405145,0.0027311845,0.002595769,0.0024416726,0.002277915,0.0021157323,0.0019634035,0.0018237388,0.0016979442,0.0015829349,0.0014720006,0.0013648752,0.0012672176,0.0011798948,0.0010987913,0.0010224786,0.0009529806,0.0008932596,0.0008448974,0.00080476346,0.00076627755,0.0007241771,0.00067972345,0.00063914864,0.00060494774,0.00057400134,0.00054283417,0.00050970516,0.00047555708,0.00044326048,0.00041468054,0.00039030585,0.00036888683,0.000348569,0.00033178664,0.0003215446,0.00031249694,0.00029660395,0.0002751065,0.00025615538,0.00024411886,0.00023613675,0.00022613099,0.0002106478,0.00019129418,0.00017192193,0.0001559175,0.00014339943
56,0.00013456015,0.00014992579,0.00016839692,0.00018823138,0.00020486691,0.00021571424,0.00022214581,0.00022871519,0.00024007473,0.00025713877,0.00027615746,0.0002915472,0.00030252888,0.00031550505,0.0003347851,0.00035754175,0.00038181245,0.00040900492,0.00043877022,0.00047006123,0.00050322834,0.00053758814,0.00057175546,0.0006055278,0.0006410619,0.0006816258,0.00072457193,0.0007625066,0.00079444743,0.0008275833,0.00087055296,0.0009267373,0.0009921286,0.0010617108,0.0011343638,0.0012129489,0.0013012227,0.0013976957,0.0014962256,0.001594975,0.001698995,0.00181225,0.0019342091,0.0020607552,0.002183427,0.0022934047,0.0023855874,0.0024585174,0.0025132159,0.0025490685,0.0025619173,0.0025490685,0.0025132159,0.0024585174,0.0023855872,0.0022934047,0.002183427,0.0020607552,0.0019342091,0.00181225,0.001698995,0.001594975,0.0014962256,0.0013976957,0.0013012227,0.0012129489,0.0011343638,0.0010617109,0.0009921286,0.0009267373,0.00087055296,0.0008275833,0.00079444743,0.0007625066,0.00072457193,0.0006816258,0.0006410619,0.0006055278,0.00057175546,0.00053758814,0.00050322834,0.0004700612,0.0004387702,0.00040900492,0.00038181245,0.00035754175,0.0003347851,0.00031550505,0.00030252888,0.0002915472,0.00027615746,0.00025713877,0.00024007473,0.00022871519,0.00022214581,0.00021571424,0.00020486693,0.00018823138,0.00016839692,0.0001499258,0.00013456016
57,0.00012858906,0.00014554092,0.00016487637,0.00018398298,0.0001980639,0.00020555417,0.0002098357,0.00021585997,0.0002272668,0.00024393626,0.00026227767,0.000278709,0.00029311574,0.0003096106,0.00033055036,0.00035360773,0.00037796918,0.0004046113,0.00043193955,0.00045962646,0.0004908178,0.00052685506,0.00056532497,0.0006032582,0.0006407,0.0006804238,0.000720585,0.0007548341,0.00078233704,0.00080979744,0.00084634894,0.00089648296,0.0009555647,0.0010172981,0.0010814269,0.0011526201,0.0012341155,0.0013226504,0.0014112536,0.0014971702,0.0015847058,0.0016776896,0.0017747191,0.0018715181,0.0019627751,0.0020439017,0.0021110768,0.0021627592,0.0022009087,0.0022260714,0.0022351297,0.0022260714,0.0022009087,0.0021627592,0.0021110768,0.0020439017,0.0019627751,0.0018715181,0.0017747191,0.0016776896,0.0015847058,0.0014971702,0.0014112536,0.0013226504,0.0012341155,0.0011526201,0.0010814269,0.0010172981,0.0009555648,0.00089648296,0.00084634894,0.00080979744,0.00078233704,0.0007548341,0.000720585,0.0006804238,0.0006407,0.0006032582,0.00056532497,0.00052685506,0.0004908178,0.00045962646,0.00043193955,0.0004046113,0.00037796918,0.00035360773,0.00033055036,0.00030961062,0.00029311574,0.000278709,0.00026227767,0.00024393626,0.0002272668,0.00021585997,0.0002098357,0.00020555417,0.0001980639,0.00018398298,0.00016487637,0.00014554092,0.00012858908
58,0.00013030344,0.00014514424,0.00016234929,0.00017960591,0.00019278232,0.00020045188,0.00020563137,0.00021220112,0.00022344931,0.00023948296,0.0002567166,0.00027286267,0.0002891301,0.00030821428,0.0003304237,0.00035339172,0.0003763408,0.00039919154,0.00042110914,0.0004445325,0.00047466683,0.00051306566,0.0005554687,0.0005958386,0.0006322469,0.00066825224,0.0007050343,0.00073825865,0.00076569984,0.00079083594,0.0008215724,0.00086404907,0.00091545325,0.0009698158,0.0010271372,0.0010924619,0.0011680205,0.0012492696,0.0013288843,0.0014038116,0.0014781844,0.0015554064,0.0016326852,0.0017056316,0.001772383,0.0018324023,0.0018831933,0.0019223336,0.0019506434,0.0019685004,0.0019746372,0.0019685004,0.0019506433,0.0019223336,0.0018831933,0.0018324023,0.001772383,0.0017056316,0.0016326852,0.0015554064,0.0014781844,0.0014038116,0.0013288842,0.0012492696,0.0011680205,0.0010924619,0.0010271372,0.0009698158,0.00091545325,0.00086404907,0.0008215724,0.00079083594,0.00076569984,0.00073825865,0.0007050343,0.00066825224,0.00063224696,0.0005958386,0.0005554687,0.00051306566,0.00047466683,0.0004445325,0.00042110914,0.00039919154,0.00037634076,0.0003533917,0.0003304237,0.00030821428,0.0002891301,0.00027286267,0.0002567166,0.00023948296,0.00022344931,0.00021220114,0.00020563138,0.00020045186,0.00019278232,0.00017960591,0.00016234929,0.00014514424,0.00013030342
59,0.00013992887,0.00015066237,0.00016374786,0.00017794908,0.00019055052,0.00020021843,0.0002079646,0.00021518047,0.00022483047,0.00023842882,0.00025355286,0.000268814,0.0002859098,0.0003066095,0.00033020126,0.00035413067,0.00037602088,0.0003942526,0.00041026127,0.0004301016,0.0004598187,0.0004998431,0.0005439638,0.00058347406,0.00061545824,0.00064601045,0.0006802511,0.0007146261,0.00074401376,0.0007687193,0.0007956004,0.00083191635,0.00087690767,0.0009256479,0.0009777045,0.0010369373,0.0011047396,0.0011770796,0.0012471601,0.0013115567,0.0013743426,0.0014389211,0.0015014184,0.0015572285,0.0016062879,0.001650399,0.0016890817,0.0017205686,0.0017442766,0.0017592107,0.0017642528,0.0017592107,0.0017442766,0.0017205686,0.0016890817,0.001650399,0.0016062879,0.0015572284,0.0015014184,0.0014389211,0.0013743426,0.0013115567,0.0012471601,0.0011770796,0.0011047396,0.0010369373,0.0009777045,0.0009256479,0.00087690767,0.00083191635,0.0007956004,0.0007687193,0.00074401376,0.0007146261,0.0006802511,0.00064601045,0.00061545824,0.00058347406,0.00054396386,0.0004998431,0.0004598187,0.0004301016,0.00041026127,0.0003942526,0.00037602088,0.0003541307,0.00033020126,0.0003066095,0.00028590983,0.000268814,0.00025355286,0.00023842882,0.00022483047,0.00021518048,0.00020796458,0.00020021843,0.0001905505,0.00017794908,0.00016374787,0.00015066237,0.00013992887
60,0.00015162863,0.00015927898,0.00016810882,0.00017822158,0.00018888779,0.00019934378,0.00020884945,0.00021653471,0.00022462697,0.00023575916,0.00024939328,0.00026470516,0.00028253894,0.0003041184,0.00032883437,0.00035355389,0.0003742928,0.00038895622,0.00040109784,0.00041865985,0.00044727247,0.00048629002,0.0005288041,0.000565555,0.00059395726,0.0006218604,0.00065535126,0.0006898307,0.0007187803,0.0007422619,0.0007673815,0.0008012161,0.00084270927,0.0008869755,0.0009334137,0.0009851528,0.0010435153,0.0011058375,0.0011662141,0.0012206113,0.0012728743,0.0013269637,0.0013789453,0.001423804,0.0014614031,0.0014939337,0.0015230605,0.0015490787,0.0015707919,0.0015856444,0.0015909628,0.0015856444,0.0015707919,0.0015490787,0.0015230605,0.0014939337,0.0014614031,0.001423804,0.0013789454,0.0013269637,0.0012728743,0.0012206112,0.0011662141,0.0011058375,0.0010435153,0.0009851528,0.00093341374,0.00088697555,0.00084270927,0.0008012161,0.0007673815,0.0007422619,0.0007187803,0.0006898307,0.00065535126,0.0006218604,0.00059395726,0.000565555,0.0005288041,0.00048629005,0.00044727247,0.00041865985,0.00040109787,0.00038895622,0.00037429278,0.0003535539,0.00032883434,0.0003041184,0.00028253894,0.00026470516,0.00024939328,0.00023575916,0.00022462697,0.00021653471,0.00020884947,0.00019934378,0.00018888779,0.00017822158,0.00016810882,0.00015927896,0.00015162863
61,0.00016076527,0.00016708052,0.00017235707,0.00017838804,0.00018612892,0.00019525857,0.00020485099,0.00021325011,0.00022125457,0.00023127887,0.00024431245,0.0002598375,0.00027771748,0.00029935912,0.00032403786,0.00034740928,0.00036571993,0.00037858356,0.00039004584,0.00040685452,0.0004333513,0.00046851073,0.0005067541,0.00054111105,0.00057015946,0.00060034293,0.00063455553,0.00066675304,0.00069227756,0.00071361,0.00073817605,0.0007715232,0.00081099104,0.0008510657,0.0008910141,0.00093405833,0.0009823926,0.0010351095,0.0010871645,0.0011332976,0.0011764742,0.0012221208,0.0012675719,0.0013067243,0.0013374935,0.0013618148,0.0013835568,0.0014052619,0.0014256237,0.001440832,0.0014466022,0.001440832,0.0014256237,0.0014052618,0.0013835568,0.0013618148,0.0013374935,0.0013067243,0.0012675719,0.0012221208,0.0011764742,0.0011332976,0.0010871645,0.0010351095,0.0009823926,0.00093405833,0.00089101406,0.0008510656,0.00081099104,0.0007715232,0.00073817605,0.00071361,0.00069227756,0.0006667531,0.00063455553,0.00060034293,0.00057015946,0.00054111105,0.0005067541,0.00046851073,0.0004333513,0.00040685452,0.00039004584,0.00037858356,0.00036571993,0.00034740928,0.00032403786,0.00029935912,0.00027771748,0.00025983754,0.00024431245,0.00023127889,0.00022125457,0.00021325011,0.000204851,0.00019525857,0.0001861289,0.00017838803,0.00017235707,0.00016708052,0.00016076525
62,0.00016696568,0.0001728888,0.00017573834,0.00017897256,0.00018460209,0.00019194372,0.0002003663,0.00020831218,0.00021529975,0.0002237965,0.00023611146,0.00025135625,0.0002686437,0.00028984883,0.00031347602,0.00033394693,0.00034942816,0.0003622672,0.00037553732,0.0003928059,0.0004165005,0.00044599385,0.00047885271,0.000512151,0.0005448962,0.0005791992,0.0006135853,0.0006424647,0.000664936,0.0006855472,0.00070994406,0.0007413122,0.0007773121,0.00081340305,0.0008480111,0.00088293373,0.00092109636,0.00096444564,0.0010095119,0.0010493826,0.0010854648,0.0011250435,0.001167251,0.0012040862,0.0012308853,0.0012497621,0.001266354,0.0012845023,0.0013030174,0.0013176267,0.0013233385,0.0013176267,0.0013030174,0.0012845024,0.001266354,0.0012497621,0.0012308853,0.0012040862,0.001167251,0.0011250435,0.0010854648,0.0010493826,0.0010095119,0.0009644456,0.00092109636,0.0008829337,0.0008480111,0.00081340305,0.0007773121,0.0007413122,0.00070994406,0.0006855472,0.000664936,0.0006424647,0.0006135853,0.0005791992,0.0005448962,0.000512151,0.00047885271,0.00044599385,0.0004165005,0.0003928059,0.00037553732,0.0003622672,0.00034942813,0.00033394693,0.00031347602,0.00028984883,0.0002686437,0.00025135625,0.00023611147,0.00022379648,0.00021529975,0.00020831218,0.00020036628,0.00019194372,0.00018460209,0.00017897258,0.00017573834,0.0001728888,0.00016696568
63,0.00017042522,0.0001755078,0.00017740997,0.00018005469,0.00018549373,0.0001919175,0.00019817031,0.00020284945,0.00020575736,0.00021131392,0.00022299547,0.0002384095,0.00025569843,0.0002767566,0.00029932547,0.0003173838,0.00033086044,0.00034425524,0.0003597362,0.00037769135,0.00039834206,0.00042175694,0.0004493339,0.0004821861,0.0005184105,0.00055456336,0.0005865361,0.00061184715,0.0006334624,0.0006561391,0.00068161695,0.00070986507,0.0007404196,0.0007720561,0.0008028636,0.0008317433,0.0008608685,0.0008951695,0.0009337569,0.0009686121,0.0009995528,0.0010349834,0.0010749778,0.0011099679,0.0011342309,0.0011506209,0.0011648039,0.0011798756,0.0011948042,0.0012064143,0.0012109607,0.0012064143,0.0011948042,0.0011798756,0.0011648039,0.0011506209,0.0011342309,0.0011099679,0.0010749778,0.0010349834,0.0009995528,0.00096861203,0.0009337569,0.0008951695,0.0008608685,0.0008317433,0.0008028636,0.0007720561,0.0007404196,0.000709865,0.00068161695,0.0006561391,0.0006334624,0.00061184715,0.000586536,0.00055456336,0.0005184105,0.0004821861,0.0004493339,0.00042175694,0.00039834206,0.00037769135,0.0003597362,0.00034425524,0.00033086044,0.0003173838,0.00029932547,0.0002767566,0.0002556984,0.0002384095,0.00022299548,0.00021131392,0.00020575737,0.00020284945,0.00019817031,0.0001919175,0.00018549371,0.0001800547,0.00017740997,0.00017550781,0.00017042522
64,0.00016897553,0.00017199894,0.000174549,0.0001788003,0.00018496033,0.0001904659,0.00019398754,0.00019477827,0.00019387176,0.00019761584,0.00020965927,0.0002259673,0.0002437633,0.00026434942,0.0002853173,0.00030146708,0.00031365122,0.0003270119,0.00034348352,0.00036173494,0.00038001768,0.00039850042,0.0004212859,0.00045251974,0.0004894354,0.00052457134,0.0005530212,0.00057542213,0.00059718883,0.0006227391,0.00065045315,0.0006766205,0.0007013661,0.0007271727,0.00075395894,0.0007788525,0.0008021381,0.0008297133,0.0008626708,0.00089318136,0.0009203593,0.0009525007,0.0009893817,0.0010209717,0.0010426554,0.0010586928,0.001073387,0.0010866949,0.001096479,0.0011020234,0.0011038288,0.0011020234,0.001096479,0.0010866949,0.001073387,0.0010586928,0.0010426554,0.0010209718,0.0009893816,0.0009525006,0.00092035934,0.0008931814,0.0008626708,0.0008297133,0.0008021381,0.0007788525,0.00075395894,0.0007271727,0.0007013661,0.0006766205,0.00065045315,0.0006227391,0.00059718883,0.00057542213,0.0005530212,0.00052457134,0.0004894354,0.00045251974,0.00042128592,0.00039850042,0.00038001768,0.00036173494,0.00034348352,0.0003270119,0.00031365125,0.00030146708,0.0002853173,0.00026434942,0.00024376331,0.0002259673,0.00020965925,0.00019761584,0.00019387176,0.00019477827,0.00019398754,0.00019046589,0.00018496033,0.0001788003,0.000174549,0.00017199892,0.00016897553
65,0.00016214632,0.00016299992,0.00016739607,0.0001741972,0.00018031111,0.00018332637,0.00018383938,0.00018298134,0.00018236291,0.00018774343,0.00020154605,0.0002186377,0.00023562604,0.0002535858,0.00027160248,0.00028639988,0.00029838126,0.00031141646,0.0003276468,0.0003458853,0.00036316126,0.00037871453,0.00039727765,0.00042441432,0.0004582202,0.00049138116,0.0005191647,0.0005417261,0.000563711,0.0005896144,0.00061727874,0.0006410093,0.0006602315,0.00067976746,0.00070203113,0.0007242558,0.0007450252,0.00076872983,0.00079696794,0.0008236152,0.000847801,0.0008764214,0.00090893346,0.0009362179,0.0009552307,0.00097149436,0.0009881037,0.0010016403,0.0010077073,0.0010074509,0.0010063857,0.0010074509,0.0010077073,0.0010016402,0.0009881038,0.00097149436,0.0009552307,0.0009362179,0.00090893346,0.0008764214,0.000847801,0.0008236152,0.00079696794,0.00076872983,0.00074502523,0.0007242558,0.00070203113,0.00067976746,0.0006602315,0.0006410093,0.00061727874,0.0005896144,0.000563711,0.0005417261,0.0005191647,0.00049138116,0.0004582202,0.00042441432,0.00039727765,0.00037871453,0.00036316126,0.0003458853,0.00032764676,0.00031141643,0.00029838126,0.00028639988,0.00027160248,0.0002535858,0.00023562602,0.0002186377,0.00020154606,0.00018774343,0.00018236291,0.00018298134,0.00018383938,0.00018332637,0.00018031112,0.0001741972,0.00016739607,0.00016299993,0.00016214632
66,0.00015347038,0.000153317,0.0001593047,0.0001677999,0.00017336142,0.00017355627,0.00017084065,0.00016905059,0.00017059079,0.00017946554,0.00019634835,0.00021482646,0.00023011674,0.00024394122,0.0002590769,0.00027438268,0.0002878009,0.0003005109,0.0003153321,0.0003325187,0.00034919227,0.00036379535,0.0003794734,0.00040077866,0.00042804767,0.00045852852,0.0004889479,0.0005157291,0.0005390575,0.00056266686,0.00058638584,0.0006057748,0.0006200525,0.000634381,0.00065252173,0.000672793,0.0006925709,0.0007132609,0.000736437,0.00075896847,0.00077982363,0.00080360746,0.0008309492,0.0008553668,0.0008738684,0.00089046673,0.000907285,0.0009204883,0.000925463,0.0009237502,0.0009219639,0.0009237502,0.000925463,0.00092048827,0.000907285,0.0008904667,0.0008738684,0.0008553668,0.0008309492,0.00080360746,0.00077982363,0.00075896847,0.000736437,0.0007132609,0.0006925709,0.000672793,0.00065252173,0.000634381,0.0006200525,0.0006057748,0.0005863858,0.00056266686,0.0005390574,0.0005157291,0.0004889479,0.00045852852,0.00042804767,0.00040077863,0.00037947344,0.00036379535,0.00034919224,0.0003325187,0.0003153321,0.0003005109,0.0002878009,0.00027438268,0.0002590769,0.00024394122,0.00023011673,0.00021482646,0.00019634834,0.00017946554,0.00017059079,0.00016905059,0.00017084063,0.00017355627,0.0001733614,0.0001677999,0.00015930469,0.000153317,0.00015347038
67,0.00014580913,0.00014549191,0.00015104635,0.0001593543,0.00016557395,0.00016604757,0.00016190352,0.00015844133,0.00015999132,0.00017037094,0.00018975834,0.00021074017,0.00022624686,0.00023791779,0.00025174336,0.00026806124,0.0002824266,0.00029433763,0.00030726584,0.00032223162,0.0003375425,0.00035218467,0.00036671368,0.00038264715,0.00040201496,0.00042774287,0.0004598519,0.00049212185,0.00051911495,0.0005413962,0.00056056364,0.0005756761,0.0005865213,0.00059691194,0.00061134173,0.0006300219,0.0006489826,0.00066612154,0.000683202,0.00070051244,0.00071698613,0.0007349711,0.00075740006,0.00078140764,0.0008021336,0.00081863685,0.000831709,0.00084074994,0.0008448226,0.00084527885,0.00084497686,0.00084527885,0.0008448226,0.00084075,0.00083170907,0.00081863685,0.0008021336,0.00078140764,0.00075740006,0.0007349711,0.00071698613,0.00070051244,0.00068320194,0.00066612154,0.0006489826,0.0006300219,0.00061134173,0.00059691194,0.0005865213,0.0005756761,0.00056056364,0.0005413962,0.00051911495,0.00049212185,0.0004598519,0.00042774287,0.00040201496,0.00038264715,0.0003667137,0.00035218467,0.0003375425,0.00032223162,0.00030726584,0.00029433766,0.0002824266,0.00026806124,0.00025174336,0.00023791779,0.00022624686,0.00021074017,0.00018975833,0.00017037094,0.00015999134,0.00015844133,0.00016190352,0.00016604757,0.00016557395,0.0001593543,0.00015104635,0.0001454919,0.00014580914
68,0.00013767154,0.0001377342,0.00014129102,0.00014815622,0.00015629405,0.00016091064,0.00015949215,0.00015606394,0.00015618601,0.00016452745,0.00018244272,0.00020397533,0.00022152218,0.00023492007,0.00024933004,0.00026511145,0.0002779452,0.00028837076,0.00030027743,0.00031376618,0.00032770168,0.00034237586,0.00035679026,0.00036980852,0.00038320245,0.00040228,0.00043101193,0.00046533303,0.00049665506,0.0005202614,0.00053715066,0.0005499635,0.00055953074,0.0005676224,0.0005790368,0.00059570064,0.00061261526,0.0006253876,0.0006362869,0.0006482553,0.000660669,0.00067452894,0.0006940497,0.0007188362,0.000741595,0.0007562754,0.0007631802,0.00076604745,0.000768298,0.00077093136,0.0007722451,0.00077093136,0.000768298,0.00076604745,0.0007631802,0.0007562754,0.000741595,0.0007188362,0.0006940497,0.00067452894,0.000660669,0.0006482553,0.0006362869,0.0006253876,0.00061261526,0.00059570064,0.0005790368,0.0005676224,0.00055953074,0.0005499635,0.00053715066,0.00052026135,0.00049665506,0.00046533303,0.00043101193,0.00040227998,0.00038320245,0.00036980852,0.00035679026,0.0003423759,0.00032770168,0.00031376618,0.00030027743,0.00028837076,0.0002779452,0.00026511142,0.00024933004,0.00023492007,0.00022152218,0.00020397533,0.00018244272,0.00016452745,0.000156186,0.00015606394,0.00015949215,0.00016091064,0.00015629406,0.00014815624,0.000141291,0.0001377342,0.00013767154
69,0.00012571114,0.00012775019,0.00013079398,0.00013684509,0.00014640075,0.00015550164,0.00015973087,0.0001601559,0.00016086354,0.00016591843,0.00017788948,0.00019511592,0.00021328795,0.00023027201,0.00024692123,0.00026203776,0.00027260778,0.00028083386,0.0002913456,0.00030420197,0.00031814183,0.0003335049,0.0003489372,0.00036227395,0.00037331716,0.00038563035,0.00040607914,0.00043659733,0.00046932223,0.00049445627,0.00051065214,0.0005228632,0.00053293863,0.0005407648,0.0005500123,0.0005631249,0.0005757089,0.00058381027,0.0005903375,0.00059914344,0.00061012956,0.00062362733,0.00064323493,0.00066856045,0.00069081195,0.00070223195,0.00070444384,0.00070379744,0.0007049475,0.0007081807,0.0007100059,0.0007081807,0.0007049475,0.00070379744,0.00070444384,0.00070223195,0.00069081195,0.00066856045,0.00064323493,0.00062362733,0.00061012956,0.00059914344,0.00059033744,0.00058381027,0.00057570887,0.0005631249,0.0005500123,0.00054076477,0.00053293863,0.0005228632,0.00051065214,0.00049445627,0.00046932223,0.0004365973,0.00040607914,0.00038563035,0.00037331716,0.00036227395,0.0003489372,0.0003335049,0.00031814183,0.00030420197,0.0002913456,0.00028083386,0.00027260778,0.00026203776,0.00024692123,0.00023027201,0.00021328793,0.00019511592,0.00017788947,0.00016591843,0.00016086354,0.0001601559,0.00015973087,0.00015550164,0.00014640077,0.0001368451,0.000130794,0.00012775019,0.00012571116
70,0.00011086748,0.00011682103,0.00012262477,0.00012924467,0.00013811245,0.00014839636,0.000157486,0.00016410544,0.00016867308,0.00017245639,0.00017786282,0.00018805175,0.00020421165,0.00022353738,0.00024247981,0.00025820563,0.00026817236,0.0002737696,0.00028008106,0.00029056653,0.0003054086,0.0003230474,0.00034086645,0.00035638525,0.00036748862,0.0003750648,0.00038690635,0.00040996354,0.00043927343,0.00046325088,0.00047881497,0.000491258,0.0005024516,0.00051074417,0.0005179772,0.0005266207,0.0005343749,0.0005391564,0.0005441748,0.0005529321,0.0005653141,0.0005811929,0.0006024965,0.0006274838,0.0006474698,0.0006562167,0.0006569673,0.000655907,0.00065653125,0.0006588625,0.0006601861,0.0006588625,0.00065653125,0.0006559069,0.0006569673,0.0006562167,0.0006474698,0.0006274838,0.0006024965,0.0005811929,0.0005653141,0.0005529321,0.0005441748,0.0005391564,0.0005343749,0.0005266207,0.0005179772,0.00051074417,0.0005024517,0.000491258,0.00047881494,0.00046325085,0.00043927343,0.00040996354,0.00038690635,0.0003750648,0.00036748865,0.00035638525,0.00034086645,0.0003230474,0.0003054086,0.00029056653,0.00028008106,0.0002737696,0.00026817236,0.0002582056,0.0002424798,0.0002235374,0.00020421167,0.00018805175,0.00017786282,0.00017245639,0.0001686731,0.00016410544,0.000157486,0.00014839636,0.00013811243,0.00012924467,0.00012262477,0.00011682103,0.00011086748
71,9.951512e-05,0.000109130866,0.00011815159,0.00012494711,0.00013151778,0.00014055526,0.00015191859,0.00016330584,0.00017215412,0.00017673546,0.00017826229,0.00018301202,0.00019672984,0.00021688777,0.00023726892,0.0002543654,0.00026556145,0.0002692064,0.00026938124,0.00027474415,0.000289466,0.0003097245,0.000329897,0.00034673774,0.00035791422,0.00036390984,0.00037155248,0.00038794824,0.00041051468,0.00043011887,0.00044401025,0.0004560929,0.00046718668,0.000475298,0.00048166476,0.0004887997,0.0004953364,0.00049951056,0.0005044575,0.00051408855,0.00052861316,0.00054683664,0.0005685744,0.00059131644,0.00060848263,0.0006164007,0.0006178428,0.00061671366,0.0006156138,0.0006156881,0.00061599206,0.0006156881,0.0006156138,0.00061671366,0.0006178428,0.0006164007,0.00060848263,0.00059131644,0.0005685744,0.00054683664,0.00052861316,0.00051408855,0.00050445757,0.00049951056,0.0004953364,0.0004887997,0.00048166473,0.000475298,0.00046718668,0.0004560929,0.00044401025,0.00043011885,0.00041051468,0.00038794824,0.0003715525,0.00036390984,0.00035791422,0.00034673774,0.000329897,0.0003097245,0.000289466,0.00027474415,0.00026938127,0.0002692064,0.00026556145,0.0002543654,0.00023726893,0.00021688777,0.00019672984,0.00018301202,0.0001782623,0.00017673546,0.0001721541,0.00016330584,0.00015191859,0.00014055526,0.0001315178,0.00012494711,0.00011815158,0.00010913086,9.951511e-05
72,9.689136e-05,0.00010714943,0.00011563751,0.000120646815,0.0001258904,0.00013471302,0.0001461571,0.00015783911,0.00016767943,0.00017300664,0.00017349364,0.00017595667,0.00018845708,0.00020916651,0.00023039184,0.0002481108,0.00026018973,0.0002632555,0.00025973332,0.0002609556,0.00027450372,0.00029595118,0.00031716208,0.00033355464,0.00034379648,0.000350234,0.00035806373,0.000370619,0.00038597244,0.00039957475,0.00041042652,0.0004203978,0.0004292971,0.00043646412,0.00044434617,0.0004552112,0.00046585314,0.0004720355,0.00047672694,0.00048642894,0.0005023635,0.00052109006,0.0005401692,0.0005577737,0.0005710172,0.0005785936,0.0005812004,0.00057982106,0.00057668524,0.00057433086,0.0005735466,0.00057433086,0.00057668524,0.00057982106,0.00058120035,0.0005785936,0.0005710172,0.0005577737,0.0005401692,0.00052109006,0.0005023635,0.00048642894,0.00047672694,0.0004720355,0.00046585314,0.00045521118,0.00044434617,0.00043646415,0.0004292971,0.00042039776,0.00041042652,0.00039957475,0.00038597244,0.000370619,0.00035806373,0.000350234,0.00034379648,0.00033355464,0.00031716208,0.00029595118,0.00027450372,0.0002609556,0.00025973332,0.0002632555,0.0002601897,0.0002481108,0.00023039184,0.0002091665,0.00018845708,0.00017595668,0.00017349364,0.00017300664,0.00016767943,0.00015783911,0.0001461571,0.00013471302,0.0001258904,0.000120646815,0.00011563751,0.00010714943,9.689136e-05
73,9.908585e-05,0.00010740172,0.00011234969,0.000115552386,0.00012248642,0.00013334856,0.0001434038,0.00015135587,0.000158885,0.0001645253,0.00016604556,0.00016838161,0.00017990517,0.00019987179,0.00021959466,0.00023424489,0.0002439245,0.00024747197,0.00024629003,0.00024923545,0.00026318626,0.00028489274,0.00030653775,0.00032250682,0.0003318144,0.000338601,0.0003469687,0.00035659026,0.00036539312,0.00037308031,0.0003807411,0.00038837522,0.00039490566,0.00040130896,0.00041150657,0.0004272846,0.00044289697,0.00045143397,0.0004564325,0.00046730996,0.00048498093,0.0005026501,0.00051669567,0.00052759575,0.0005359001,0.00054160046,0.0005439278,0.00054239563,0.0005387742,0.0005357028,0.0005345556,0.0005357028,0.0005387742,0.00054239563,0.0005439278,0.00054160046,0.0005359001,0.00052759575,0.00051669567,0.0005026501,0.00048498096,0.00046730996,0.0004564325,0.00045143397,0.00044289697,0.0004272846,0.00041150657,0.00040130896,0.00039490566,0.00038837522,0.0003807411,0.00037308031,0.00036539315,0.0003565903,0.0003469687,0.000338601,0.00033181437,0.00032250682,0.00030653775,0.00028489277,0.00026318626,0.00024923545,0.00024629003,0.00024747197,0.00024392451,0.00023424489,0.00021959466,0.0001998718,0.00017990517,0.00016838161,0.00016604556,0.0001645253,0.000158885,0.00015135587,0.0001434038,0.00013334856,0.00012248642,0.00011555238,0.00011234969,0.00010740173,9.908585e-05
74,9.627212e-05,0.00010350787,0.00010683887,0.00011128115,0.0001221263,0.00013537961,0.00014370804,0.00014768429,0.00015277701,0.0001591398,0.00016293518,0.00016612918,0.00017571318,0.00019171624,0.00020571341,0.00021343071,0.00021849207,0.0002235113,0.00022874874,0.0002376877,0.00025424713,0.00027700444,0.0002998131,0.00031633145,0.00032529474,0.0003315465,0.00033868238,0.00034472274,0.00034774625,0.00035045863,0.00035581354,0.00036240672,0.00036841776,0.0003756007,0.00038756488,0.00040480692,0.00042081505,0.00042934364,0.00043586025,0.00045035692,0.00047083443,0.00048722498,0.00049640035,0.0005020017,0.00050635834,0.00050893956,0.00050853705,0.0005058796,0.00050374446,0.00050350773,0.00050381187,0.00050350773,0.00050374446,0.0005058796,0.00050853705,0.00050893956,0.00050635834,0.0005020017,0.00049640035,0.00048722496,0.00047083443,0.0004503569,0.00043586025,0.00042934364,0.00042081502,0.00040480692,0.00038756488,0.0003756007,0.00036841776,0.00036240672,0.00035581354,0.00035045863,0.00034774627,0.00034472274,0.00033868238,0.00033154653,0.00032529474,0.00031633145,0.0002998131,0.00027700444,0.00025424713,0.0002376877,0.00022874874,0.0002235113,0.00021849207,0.00021343071,0.00020571343,0.00019171624,0.00017571317,0.00016612918,0.00016293516,0.0001591398,0.00015277701,0.00014768427,0.00014370804,0.00013537961,0.0001221263,0.000111281144,0.00010683886,0.000103507875,9.627211e-05
75,8.519217e-05,9.399542e-05,9.945959e-05,0.00010744341,0.000121516125,0.00013550086,0.00014256281,0.00014512322,0.00014999905,0.00015793405,0.00016429367,0.000168498,0.00017518438,0.00018495179,0.00019196415,0.00019419628,0.00019707363,0.00020402984,0.00021366969,0.00022628819,0.00024467416,0.00026871832,0.0002926766,0.00030946385,0.00031813717,0.00032401574,0.00033020173,0.00033409384,0.00033369695,0.00033306907,0.0003362145,0.00034137152,0.0003474818,0.00035670202,0.0003699356,0.00038531685,0.00039773452,0.00040460104,0.00041312614,0.00043113454,0.00045355473,0.000469241,0.00047610645,0.0004794155,0.00048159953,0.00048103012,0.0004769169,0.0004729614,0.0004743954,0.0004804777,0.0004839944,0.0004804777,0.00047439538,0.0004729614,0.0004769169,0.00048103012,0.00048159956,0.00047941547,0.00047610648,0.000469241,0.0004535547,0.00043113454,0.00041312614,0.00040460104,0.00039773452,0.00038531687,0.0003699356,0.00035670202,0.0003474818,0.00034137152,0.0003362145,0.00033306907,0.00033369695,0.00033409384,0.00033020173,0.00032401574,0.00031813717,0.00030946385,0.0002926766,0.00026871834,0.00024467416,0.00022628819,0.00021366969,0.00020402986,0.00019707365,0.0001941963,0.00019196415,0.00018495177,0.00017518438,0.00016849798,0.00016429368,0.00015793403,0.00014999905,0.00014512322,0.00014256281,0.00013550086,0.000121516125,0.00010744341,9.945959e-05,9.399542e-05,8.519218e-05
76,7.2178525e-05,8.414333e-05,9.297627e-05,0.00010341056,0.000117888456,0.00013042263,0.00013624922,0.0001392838,0.00014577375,0.00015575421,0.00016451429,0.00016994047,0.00017425275,0.00017898627,0.00018227502,0.00018404247,0.00018813978,0.00019580139,0.00020478985,0.00021591847,0.0002329403,0.0002560104,0.00027897218,0.00029471662,0.00030295888,0.00030942587,0.0003170785,0.00032267475,0.0003231035,0.00032148306,0.00032166924,0.0003232217,0.00032780497,0.00033784215,0.0003507235,0.00036270032,0.00037143918,0.00037754077,0.00038766454,0.00040664148,0.00042863254,0.00044412317,0.0004513683,0.00045438643,0.0004548126,0.0004515919,0.00044562225,0.0004427044,0.00044898287,0.0004613144,0.00046775895,0.0004613144,0.00044898287,0.00044270436,0.00044562225,0.0004515919,0.0004548126,0.00045438643,0.0004513683,0.00044412317,0.00042863254,0.00040664148,0.00038766454,0.00037754077,0.00037143915,0.00036270032,0.0003507235,0.00033784218,0.00032780497,0.0003232217,0.00032166924,0.00032148306,0.00032310348,0.00032267475,0.0003170785,0.00030942587,0.00030295888,0.00029471662,0.00027897218,0.0002560104,0.0002329403,0.00021591847,0.00020478985,0.00019580137,0.00018813978,0.00018404247,0.00018227502,0.00017898627,0.00017425274,0.00016994047,0.00016451429,0.00015575421,0.00014577375,0.0001392838,0.00013624923,0.00013042263,0.000117888456,0.00010341055,9.297627e-05,8.414333e-05,7.2178525e-05
77,6.628832e-05,8.123167e-05,9.191568e-05,0.00010168163,0.000113344504,0.00012275064,0.0001274108,0.00013165601,0.0001398074,0.00015098185,0.00016189236,0.00017010886,0.0001748831,0.00017747938,0.00017939616,0.00018199108,0.0001870578,0.00019383023,0.00020010868,0.00020773118,0.00022099022,0.00023999088,0.00025931458,0.0002729233,0.0002805409,0.00028774978,0.00029794575,0.00030778808,0.00031257333,0.00031264758,0.00031038534,0.00030763473,0.00030934595,0.000317861,0.00032800657,0.0003358625,0.00034192074,0.00034808659,0.00035889968,0.00037702662,0.00039753292,0.0004129079,0.00042073723,0.0004229426,0.0004212351,0.00041681685,0.00041217427,0.00041249453,0.00042234187,0.00043751128,0.00044510342,0.00043751128,0.00042234187,0.00041249453,0.00041217427,0.00041681685,0.0004212351,0.0004229426,0.00042073723,0.0004129079,0.00039753292,0.00037702665,0.00035889968,0.0003480866,0.0003419207,0.00033586248,0.00032800657,0.000317861,0.00030934595,0.00030763476,0.00031038534,0.0003126476,0.00031257333,0.00030778808,0.00029794575,0.00028774978,0.0002805409,0.0002729233,0.00025931458,0.00023999088,0.00022099023,0.00020773118,0.00020010868,0.00019383024,0.0001870578,0.00018199108,0.00017939616,0.00017747938,0.00017488308,0.00017010885,0.00016189236,0.00015098187,0.0001398074,0.00013165601,0.0001274108,0.00012275066,0.00011334451,0.00010168163,9.191569e-05,8.123167e-05,6.6288325e-05
78,7.069559e-05,8.5636944e-05,9.4582276e-05,0.00010076743,0.00010826791,0.00011534921,0.00012070396,0.00012678647,0.000134938,0.00014489432,0.00015710061,0.0001698761,0.00017858793,0.00018130029,0.00018081935,0.00018130774,0.0001854717,0.00019194312,0.00019747631,0.0002026814,0.00021143579,0.00022476038,0.00023934379,0.0002506522,0.00025776913,0.00026515295,0.0002765766,0.0002897574,0.00029964297,0.00030332524,0.0003005308,0.00029503336,0.00029449837,0.0003009841,0.00030798055,0.00031173445,0.00031474407,0.0003199799,0.00033043147,0.00034735532,0.00036662543,0.0003816619,0.00038884324,0.00038903966,0.0003855614,0.00038196647,0.00038061128,0.0003835969,0.00039343012,0.00040734684,0.00041433054,0.00040734682,0.00039343012,0.0003835969,0.00038061128,0.00038196647,0.0003855614,0.0003890397,0.00038884324,0.0003816619,0.00036662543,0.00034735532,0.0003304315,0.0003199799,0.0003147441,0.00031173445,0.00030798055,0.0003009841,0.00029449837,0.0002950334,0.0003005308,0.00030332524,0.00029964297,0.0002897574,0.0002765766,0.00026515295,0.00025776913,0.0002506522,0.00023934379,0.00022476038,0.00021143579,0.0002026814,0.00019747633,0.00019194314,0.0001854717,0.00018130775,0.00018081935,0.00018130029,0.00017858793,0.00016987609,0.00015710061,0.00014489432,0.000134938,0.00012678647,0.00012070397,0.00011534922,0.00010826791,0.00010076743,9.4582276e-05,8.5636944e-05,7.069559e-05
79,7.901892e-05,8.927994e-05,9.2470495e-05,9.345569e-05,9.845783e-05,0.00010706135,0.00011634995,0.0001245709,0.00013076577,0.00013706696,0.00014837374,0.00016468472,0.00017842014,0.0001828046,0.00017938297,0.00017606767,0.00017929966,0.0001876766,0.00019494176,0.00019902343,0.00020365076,0.00021187984,0.00022286894,0.00023341783,0.00024135067,0.00024871668,0.00025919185,0.00027294672,0.00028598067,0.00029286585,0.00029086863,0.00028466404,0.00028329442,0.0002887122,0.0002939615,0.0002947731,0.00029448862,0.00029789144,0.00030731596,0.00032232667,0.00033946132,0.0003531355,0.00035895858,0.00035752245,0.00035375557,0.00035266604,0.00035511964,0.0003591496,0.00036554786,0.00037462715,0.00037947274,0.00037462718,0.00036554786,0.0003591496,0.00035511967,0.00035266604,0.00035375557,0.00035752245,0.0003589586,0.0003531355,0.00033946132,0.00032232667,0.00030731596,0.00029789144,0.00029448862,0.0002947731,0.0002939615,0.0002887122,0.00028329442,0.000284664,0.00029086863,0.00029286585,0.00028598067,0.00027294672,0.00025919185,0.00024871665,0.00024135069,0.00023341781,0.00022286893,0.00021187984,0.00020365076,0.00019902343,0.00019494176,0.0001876766,0.00017929966,0.00017606767,0.00017938297,0.0001828046,0.00017842016,0.00016468472,0.00014837374,0.00013706696,0.00013076578,0.00012457088,0.000116349955,0.00010706135,9.845784e-05,9.3455696e-05,9.2470495e-05,8.927994e-05,7.901892e-05
80,8.258916e-05,8.703924e-05,8.4311774e-05,8.1019614e-05,8.5887834e-05,9.8629345e-05,0.00011253107,0.000121908044,0.00012571813,0.00012821151,0.00013628526,0.00015181466,0.000167616,0.00017410715,0.00017030808,0.0001656189,0.00016933057,0.0001802546,0.00018973622,0.00019366207,0.00019584555,0.00020103362,0.00021069791,0.0002228931,0.00023337449,0.00024056112,0.00024819246,0.000259708,0.00027246005,0.00027992803,0.00027868085,0.00027338834,0.0002722704,0.00027695726,0.0002814951,0.0002813859,0.0002794325,0.00028143718,0.00028940392,0.00030148297,0.0003148558,0.00032533196,0.00032890376,0.00032660677,0.00032396114,0.00032599765,0.00033201405,0.0003365957,0.00033859428,0.00034110967,0.00034282243,0.0003411097,0.00033859425,0.0003365957,0.00033201405,0.00032599765,0.00032396114,0.00032660677,0.00032890376,0.000325332,0.0003148558,0.00030148297,0.00028940392,0.00028143718,0.0002794325,0.0002813859,0.0002814951,0.0002769573,0.0002722704,0.00027338834,0.00027868082,0.00027992803,0.00027246005,0.00025970803,0.00024819246,0.00024056112,0.0002333745,0.0002228931,0.00021069791,0.0002010336,0.00019584555,0.00019366207,0.00018973622,0.0001802546,0.00016933057,0.0001656189,0.00017030808,0.00017410715,0.00016761602,0.00015181466,0.00013628525,0.00012821151,0.00012571813,0.00012190805,0.00011253107,9.862934e-05,8.5887834e-05,8.101962e-05,8.431177e-05,8.703923e-05,8.258916e-05
81,7.9938e-05,8.223933e-05,7.8595636e-05,7.490808e-05,8.070069e-05,9.539262e-05,0.000109520624,0.00011661996,0.00011824876,0.0001192155,0.00012405403,0.00013486884,0.0001479884,0.00015598604,0.00015667238,0.00015628201,0.00016200406,0.00017347059,0.00018329552,0.00018715023,0.0001882744,0.00019183914,0.00020103494,0.00021514625,0.00022802403,0.00023470543,0.00023890198,0.00024665546,0.00025650044,0.0002622978,0.00026158904,0.00025822502,0.00025768275,0.00026090685,0.0002645451,0.0002653821,0.0002640677,0.00026487478,0.00027050782,0.00027972338,0.00028970913,0.00029643168,0.00029718893,0.00029453094,0.00029356696,0.00029777517,0.00030529272,0.00030952765,0.00030800104,0.00030500873,0.00030391433,0.00030500873,0.00030800104,0.00030952765,0.00030529272,0.00029777517,0.00029356696,0.00029453094,0.00029718893,0.00029643168,0.00028970913,0.00027972338,0.00027050782,0.00026487478,0.0002640677,0.00026538214,0.0002645451,0.00026090685,0.00025768275,0.00025822502,0.00026158904,0.0002622978,0.00025650044,0.00024665546,0.00023890198,0.00023470544,0.00022802403,0.00021514625,0.00020103496,0.00019183914,0.0001882744,0.00018715023,0.00018329552,0.00017347059,0.00016200406,0.00015628201,0.00015667238,0.00015598604,0.00014798841,0.00013486884,0.00012405403,0.00011921552,0.00011824877,0.00011661996,0.00010952062,9.5392614e-05,8.070069e-05,7.490808e-05,7.8595636e-05,8.223933e-05,7.993801e-05
82,7.5654985e-05,7.932031e-05,8.0167636e-05,8.042828e-05,8.7263266e-05,9.9591896e-05,0.00010804433,0.00010854061,0.00010686477,0.0001080076,0.00011201303,0.00011861538,0.00012740945,0.0001365742,0.00014519191,0.00015327595,0.0001615955,0.00017096617,0.0001786755,0.00018163188,0.00018210776,0.00018479081,0.00019271948,0.00020553079,0.00021745311,0.00022285472,0.00022467203,0.00022947535,0.00023666132,0.00024101153,0.00024112515,0.00023964423,0.00023902203,0.00023980891,0.00024199876,0.00024448495,0.0002449449,0.00024435483,0.00024705735,0.00025457,0.00026309726,0.0002672503,0.00026613416,0.0002641924,0.00026541535,0.00027058614,0.00027686905,0.00027903577,0.00027527715,0.00026971544,0.0002672868,0.00026971544,0.00027527715,0.00027903577,0.00027686905,0.00027058614,0.00026541535,0.0002641924,0.00026613416,0.0002672503,0.00026309726,0.00025457,0.00024705735,0.00024435483,0.0002449449,0.00024448495,0.00024199876,0.00023980893,0.00023902203,0.00023964423,0.00024112516,0.00024101153,0.0002366613,0.00022947535,0.00022467204,0.00022285472,0.00021745311,0.0002055308,0.00019271948,0.00018479083,0.00018210776,0.00018163188,0.00017867552,0.00017096617,0.0001615955,0.00015327595,0.00014519191,0.0001365742,0.00012740945,0.00011861539,0.00011201304,0.00010800761,0.00010686477,0.00010854061,0.00010804433,9.9591896e-05,8.726326e-05,8.0428275e-05,8.0167636e-05,7.932031e-05,7.5654985e-05
83,7.229089e-05,7.794909e-05,8.498183e-05,9.108748e-05,9.8629316e-05,0.00010592326,0.00010638382,9.932389e-05,9.356612e-05,9.4853436e-05,0.00010048478,0.00010697651,0.00011405419,0.00012409643,0.00013849532,0.00015276065,0.00016211648,0.0001684363,0.000173587,0.00017606223,0.00017745227,0.00018112671,0.0001874455,0.00019498015,0.00020105822,0.00020328519,0.00020428255,0.00020911198,0.00021649626,0.00022079938,0.00022105749,0.00021989689,0.00021850294,0.00021760116,0.0002191695,0.0002229916,0.000224683,0.00022292041,0.00022348903,0.00023026818,0.0002384042,0.00024141322,0.00024030558,0.00024045068,0.00024423926,0.00025024178,0.0002550178,0.00025559083,0.00025175195,0.00024647886,0.00024405401,0.00024647886,0.00025175195,0.00025559083,0.0002550178,0.00025024178,0.00024423926,0.00024045068,0.00024030558,0.0002414132,0.0002384042,0.00023026818,0.00022348901,0.00022292041,0.000224683,0.00022299161,0.0002191695,0.00021760115,0.00021850294,0.00021989689,0.0002210575,0.00022079938,0.00021649626,0.00020911198,0.00020428255,0.00020328519,0.00020105824,0.00019498017,0.0001874455,0.00018112671,0.00017745228,0.00017606223,0.000173587,0.0001684363,0.00016211647,0.00015276064,0.00013849534,0.00012409643,0.00011405419,0.00010697652,0.00010048479,9.4853436e-05,9.356612e-05,9.9323894e-05,0.00010638381,0.00010592326,9.8629316e-05,9.108749e-05,8.498184e-05,7.794908e-05,7.229089e-05
84,6.9531736e-05,7.585115e-05,8.718227e-05,9.820878e-05,0.000105930514,0.000107900276,0.00010204511,9.069164e-05,8.2689745e-05,8.3950625e-05,9.204701e-05,0.000101862955,0.000110789406,0.000120952034,0.00013499694,0.00014878671,0.0001566924,0.00016086233,0.00016499171,0.0001683929,0.00017222075,0.00017833759,0.0001837987,0.00018539191,0.0001837294,0.00018167795,0.00018348217,0.00019177736,0.00020207613,0.00020654079,0.00020476722,0.00020177462,0.00019997942,0.00020005816,0.00020319849,0.00020803799,0.00020969479,0.00020702236,0.00020624124,0.00021196011,0.00021944167,0.00022269058,0.00022371403,0.00022681552,0.00023281712,0.00024007975,0.00024547108,0.00024714775,0.00024499258,0.00024054361,0.00023813918,0.0002405436,0.0002449926,0.00024714775,0.00024547108,0.00024007975,0.00023281712,0.00022681554,0.00022371403,0.00022269058,0.00021944167,0.00021196011,0.00020624124,0.00020702236,0.00020969477,0.00020803799,0.00020319849,0.00020005817,0.00019997942,0.00020177462,0.00020476722,0.00020654078,0.00020207613,0.00019177736,0.00018348217,0.00018167794,0.0001837294,0.00018539192,0.0001837987,0.00017833759,0.00017222075,0.0001683929,0.00016499171,0.00016086233,0.00015669239,0.00014878671,0.00013499694,0.000120952034,0.000110789406,0.000101862955,9.204701e-05,8.3950625e-05,8.268975e-05,9.069164e-05,0.00010204512,0.000107900276,0.000105930514,9.820878e-05,8.718228e-05,7.585115e-05,6.9531736e-05
85,6.73243e-05,7.2431205e-05,8.497412e-05,9.878625e-05,0.000106729276,0.00010532725,9.642528e-05,8.4751984e-05,7.728433e-05,7.876932e-05,8.8220324e-05,0.000101370424,0.000113432994,0.00012331438,0.00013347191,0.00014300426,0.00014843425,0.00015124245,0.0001546515,0.00015832041,0.00016331938,0.0001709327,0.0001768689,0.0001762548,0.00017028514,0.00016585848,0.00016980802,0.00018229855,0.00019485032,0.00019815976,0.00019332833,0.00018837902,0.0001872331,0.0001896094,0.00019491103,0.0002006752,0.00020255274,0.0002000155,0.00019836928,0.00020208128,0.00020824157,0.00021245671,0.00021631733,0.00022189382,0.00022916774,0.0002378698,0.00024562515,0.00024963793,0.00024812887,0.00024246378,0.00023914292,0.00024246378,0.00024812887,0.00024963793,0.00024562515,0.0002378698,0.00022916774,0.00022189382,0.00021631732,0.0002124567,0.00020824157,0.00020208128,0.00019836928,0.0002000155,0.00020255274,0.00020067522,0.00019491102,0.0001896094,0.00018723312,0.00018837902,0.00019332833,0.00019815976,0.00019485032,0.00018229855,0.000169808,0.00016585848,0.00017028514,0.00017625482,0.0001768689,0.00017093269,0.00016331938,0.00015832041,0.0001546515,0.00015124246,0.00014843425,0.00014300426,0.00013347191,0.00012331438,0.00011343299,0.00010137043,8.822032e-05,7.876931e-05,7.728433e-05,8.4751984e-05,9.6425276e-05,0.00010532725,0.000106729276,9.878625e-05,8.497413e-05,7.2431205e-05,6.73243e-05
86,6.394966e-05,6.74468e-05,7.967923e-05,9.4842966e-05,0.00010385182,0.000102215905,9.361033e-05,8.4204876e-05,7.910567e-05,8.082839e-05,8.932999e-05,0.000102727674,0.00011621921,0.00012606643,0.00013370859,0.00014041357,0.00014409033,0.00014514665,0.00014627806,0.00014800833,0.00015185162,0.00015927962,0.00016658095,0.00016781027,0.00016246592,0.00015876138,0.00016499561,0.00017907855,0.00019031699,0.00019075847,0.00018397994,0.00017922555,0.00017990393,0.00018370806,0.0001890799,0.00019468679,0.00019791657,0.00019818856,0.00019817441,0.00020086845,0.00020549545,0.0002098208,0.00021458672,0.00022045744,0.00022761944,0.0002370633,0.0002466256,0.00025156495,0.0002484576,0.00023989966,0.00023516489,0.00023989964,0.0002484576,0.00025156495,0.0002466256,0.0002370633,0.00022761946,0.00022045744,0.00021458673,0.0002098208,0.00020549547,0.00020086845,0.00019817441,0.00019818856,0.00019791658,0.00019468679,0.00018907989,0.00018370806,0.00017990393,0.00017922555,0.00018397994,0.00019075847,0.000190317,0.00017907855,0.0001649956,0.0001587614,0.00016246593,0.00016781027,0.00016658097,0.00015927962,0.00015185162,0.00014800833,0.00014627806,0.00014514665,0.00014409033,0.00014041355,0.00013370859,0.00012606643,0.00011621922,0.000102727674,8.932999e-05,8.082839e-05,7.910567e-05,8.420487e-05,9.361033e-05,0.00010221591,0.00010385182,9.4842966e-05,7.967923e-05,6.74468e-05,6.394966e-05
87,5.708849e-05,6.0477574e-05,7.249678e-05,8.822894e-05,9.889232e-05,9.967552e-05,9.423393e-05,8.870177e-05,8.647107e-05,8.811634e-05,9.4201205e-05,0.000105169594,0.00011775286,0.00012769943,0.00013521963,0.00014156319,0.00014466475,0.00014404673,0.0001422845,0.00014123095,0.00014304102,0.00014917272,0.00015680943,0.00016013696,0.00015742512,0.00015624921,0.00016401884,0.00017671008,0.00018388021,0.00018096564,0.00017369613,0.00017063122,0.00017357226,0.00017821827,0.00018192717,0.00018525877,0.00018903421,0.0001938105,0.00019907448,0.00020387511,0.00020800685,0.00021143036,0.0002146429,0.0002185189,0.000224366,0.00023300157,0.00024185318,0.00024559427,0.00024050541,0.00022995475,0.00022436451,0.00022995473,0.00024050543,0.00024559427,0.00024185318,0.00023300159,0.000224366,0.0002185189,0.0002146429,0.00021143038,0.00020800685,0.00020387513,0.00019907448,0.00019381051,0.00018903421,0.00018525877,0.00018192719,0.00017821827,0.00017357225,0.00017063122,0.00017369613,0.00018096564,0.0001838802,0.00017671008,0.00016401886,0.00015624921,0.00015742512,0.00016013696,0.00015680943,0.00014917272,0.00014304102,0.00014123096,0.0001422845,0.00014404673,0.00014466475,0.00014156319,0.00013521963,0.00012769943,0.00011775286,0.00010516959,9.42012e-05,8.811634e-05,8.647106e-05,8.870177e-05,9.423393e-05,9.967552e-05,9.889233e-05,8.822893e-05,7.2496776e-05,6.0477578e-05,5.7088488e-05
88,4.9407092e-05,5.3386477e-05,6.381949e-05,7.771413e-05,8.930358e-05,9.449537e-05,9.475184e-05,9.377532e-05,9.35559e-05,9.480033e-05,9.916343e-05,0.00010805411,0.00011956738,0.00012992448,0.00013809759,0.0001448419,0.00014844921,0.00014763433,0.00014396361,0.00014009843,0.00013930822,0.00014295238,0.00014849073,0.00015142647,0.00015062686,0.00015199454,0.00016005329,0.00016968817,0.00017297622,0.00016880942,0.00016272896,0.00016090345,0.00016469018,0.00016985078,0.00017235051,0.00017303058,0.00017595048,0.00018396851,0.0001947347,0.00020325367,0.00020840904,0.00021148627,0.00021286626,0.00021423917,0.00021822799,0.00022479246,0.00023097298,0.0002326722,0.00022706666,0.00021695864,0.00021165871,0.00021695864,0.00022706666,0.0002326722,0.00023097298,0.00022479246,0.000218228,0.00021423916,0.00021286626,0.00021148627,0.00020840904,0.00020325367,0.0001947347,0.00018396851,0.00017595047,0.00017303058,0.0001723505,0.0001698508,0.00016469017,0.00016090345,0.00016272896,0.00016880942,0.0001729762,0.00016968817,0.00016005329,0.00015199452,0.00015062686,0.00015142649,0.00014849073,0.00014295238,0.00013930822,0.00014009843,0.00014396363,0.00014763433,0.00014844921,0.00014484189,0.0001380976,0.00012992448,0.000119567376,0.00010805411,9.916343e-05,9.4800314e-05,9.35559e-05,9.377532e-05,9.475184e-05,9.449538e-05,8.930358e-05,7.771413e-05,6.381949e-05,5.3386477e-05,4.9407092e-05
89,4.7043162e-05,5.0306997e-05,5.5933266e-05,6.415192e-05,7.484182e-05,8.543846e-05,9.261067e-05,9.533559e-05,9.55296e-05,9.634866e-05,0.00010050632,0.0001090272,0.00012063416,0.00013177526,0.00014023259,0.00014714108,0.00015250735,0.00015393176,0.0001498931,0.00014284009,0.00013827653,0.00013861322,0.00014108168,0.00014204365,0.00014136307,0.00014328252,0.0001497284,0.00015590947,0.00015739087,0.00015519228,0.0001520417,0.00015045585,0.00015261679,0.00015696594,0.00015937838,0.0001599807,0.00016338722,0.00017274846,0.00018536026,0.00019531278,0.00020087873,0.00020361245,0.00020391737,0.00020372558,0.00020608307,0.00021059287,0.00021464171,0.00021570575,0.00021176325,0.00020433405,0.00020033488,0.00020433404,0.00021176325,0.00021570575,0.00021464172,0.00021059287,0.00020608306,0.00020372556,0.00020391736,0.00020361246,0.00020087871,0.00019531278,0.00018536026,0.00017274846,0.00016338723,0.0001599807,0.00015937838,0.00015696594,0.00015261679,0.00015045585,0.0001520417,0.00015519226,0.00015739087,0.00015590947,0.00014972838,0.00014328252,0.00014136307,0.00014204363,0.00014108169,0.00013861322,0.00013827653,0.00014284009,0.00014989311,0.00015393176,0.00015250735,0.00014714108,0.00014023259,0.00013177526,0.00012063417,0.0001090272,0.00010050632,9.634866e-05,9.552959e-05,9.533559e-05,9.261067e-05,8.543846e-05,7.4841824e-05,6.415192e-05,5.5933262e-05,5.0306997e-05,4.7043166e-05
90,5.195716e-05,5.326087e-05,5.207948e-05,5.239985e-05,6.051697e-05,7.569022e-05,8.8906825e-05,9.374334e-05,9.31541e-05,9.367097e-05,9.8438526e-05,0.00010711414,0.00011829913,0.00012891614,0.00013640177,0.0001426856,0.00015003639,0.00015537001,0.00015320703,0.00014425104,0.00013624092,0.00013406384,0.00013504611,0.0001350058,0.00013355934,0.00013382346,0.00013700659,0.00013991339,0.00014094013,0.00014164207,0.00014154868,0.00013993662,0.0001394472,0.00014138181,0.00014372915,0.00014671084,0.00015296752,0.00016298426,0.0001738783,0.00018136704,0.00018425105,0.00018457252,0.00018388097,0.00018380741,0.00018602182,0.00018970517,0.00019334404,0.00019599972,0.00019569462,0.00019218333,0.000189909,0.00019218332,0.00019569462,0.0001959997,0.00019334404,0.00018970516,0.00018602183,0.0001838074,0.00018388097,0.0001845725,0.00018425105,0.00018136702,0.0001738783,0.00016298426,0.00015296752,0.00014671084,0.00014372915,0.00014138181,0.0001394472,0.00013993662,0.00014154866,0.00014164207,0.00014094013,0.00013991339,0.0001370066,0.00013382346,0.00013355934,0.0001350058,0.0001350461,0.00013406384,0.00013624092,0.00014425104,0.00015320705,0.00015537001,0.00015003639,0.00014268559,0.00013640177,0.00012891614,0.00011829913,0.00010711414,9.843852e-05,9.367097e-05,9.315411e-05,9.374334e-05,8.8906825e-05,7.569022e-05,6.051697e-05,5.239985e-05,5.207948e-05,5.326087e-05,5.1957155e-05
91,5.8776877e-05,5.7870082e-05,5.0903574e-05,4.4471002e-05,4.972128e-05,6.780445e-05,8.5691e-05,9.227747e-05,9.08646e-05,9.060894e-05,9.503701e-05,0.0001025465,0.000111240995,0.00011925292,0.00012491069,0.0001300741,0.00013786106,0.00014579577,0.00014665324,0.00013878215,0.0001298677,0.00012691368,0.00012849411,0.0001298179,0.00012911187,0.00012793466,0.00012741164,0.00012665175,0.00012650249,0.00012861223,0.00013085503,0.0001306656,0.00012907716,0.00012817392,0.00012942402,0.00013461153,0.0001437813,0.00015403579,0.00016176981,0.00016444543,0.0001624958,0.00015940142,0.00015828095,0.00016010844,0.00016413571,0.00016837422,0.00017219542,0.00017642479,0.00017938612,0.0001790087,0.00017795473,0.0001790087,0.00017938612,0.00017642477,0.00017219542,0.00016837423,0.00016413571,0.00016010844,0.00015828095,0.00015940142,0.0001624958,0.00016444543,0.00016176983,0.0001540358,0.0001437813,0.00013461155,0.000129424,0.00012817391,0.00012907718,0.0001306656,0.00013085503,0.00012861223,0.00012650249,0.00012665176,0.00012741164,0.00012793465,0.00012911187,0.0001298179,0.00012849411,0.00012691368,0.0001298677,0.00013878214,0.00014665324,0.00014579577,0.00013786106,0.0001300741,0.00012491069,0.000119252916,0.000111240995,0.0001025465,9.5037e-05,9.060894e-05,9.08646e-05,9.227747e-05,8.569099e-05,6.780445e-05,4.972128e-05,4.4471e-05,5.0903574e-05,5.7870082e-05,5.8776874e-05
92,6.1432234e-05,5.8695678e-05,4.8802653e-05,3.904265e-05,4.208884e-05,6.0793118e-05,8.155726e-05,9.0426416e-05,8.911102e-05,8.728827e-05,8.930553e-05,9.393499e-05,9.947291e-05,0.00010515269,0.000110254885,0.00011535662,0.00012202008,0.0001285808,0.00012980029,0.00012379707,0.00011629272,0.000114277886,0.00011782741,0.0001223294,0.00012435105,0.00012312143,0.00011947306,0.000115092145,0.00011323651,0.00011583307,0.000120484605,0.00012354605,0.00012316294,0.00012061145,0.00012062528,0.00012694855,0.0001377516,0.00014769248,0.00015223541,0.0001503728,0.00014486426,0.00014022196,0.00013933002,0.00014234369,0.00014780342,0.0001532409,0.00015727291,0.00016111383,0.00016406704,0.00016361679,0.00016235467,0.00016361679,0.00016406705,0.00016111383,0.0001572729,0.0001532409,0.00014780342,0.00014234369,0.00013933,0.00014022196,0.00014486426,0.0001503728,0.00015223543,0.00014769248,0.0001377516,0.00012694855,0.00012062528,0.00012061145,0.00012316296,0.00012354605,0.0001204846,0.00011583308,0.00011323651,0.000115092145,0.000119473065,0.00012312141,0.00012435106,0.00012232941,0.00011782741,0.00011427788,0.00011629273,0.00012379707,0.00012980029,0.00012858078,0.00012202008,0.00011535661,0.000110254885,0.00010515269,9.947292e-05,9.3934985e-05,8.9305526e-05,8.728827e-05,8.9111025e-05,9.0426416e-05,8.155726e-05,6.0793118e-05,4.2088843e-05,3.904265e-05,4.8802653e-05,5.869568e-05,6.1432234e-05
93,6.2131796e-05,5.8608133e-05,4.8187994e-05,3.7622467e-05,3.801962e-05,5.326474e-05,7.291969e-05,8.326548e-05,8.31816e-05,8.058394e-05,8.03124e-05,8.26279e-05,8.679859e-05,9.248731e-05,9.8824894e-05,0.00010443918,0.00010841525,0.00010986301,0.00010772736,0.00010229569,9.687015e-05,9.634084e-05,0.000102007354,0.00011019655,0.00011547788,0.00011475308,0.000109256776,0.00010307182,0.00010094828,0.000104883315,0.00011214475,0.000118133335,0.00011957746,0.0001175968,0.00011823865,0.00012559055,0.00013670174,0.00014530633,0.00014734066,0.00014371728,0.00013849174,0.00013462763,0.00013274753,0.00013318709,0.00013702505,0.00014334009,0.00014883158,0.0001522362,0.00015291285,0.00014973377,0.0001471716,0.00014973377,0.00015291285,0.0001522362,0.00014883156,0.0001433401,0.00013702505,0.00013318709,0.00013274753,0.00013462763,0.00013849174,0.00014371728,0.00014734066,0.00014530633,0.00013670175,0.00012559055,0.00011823865,0.0001175968,0.00011957745,0.000118133335,0.00011214475,0.000104883315,0.00010094828,0.00010307182,0.000109256776,0.00011475307,0.00011547789,0.00011019656,0.000102007354,9.634084e-05,9.687015e-05,0.000102295686,0.00010772736,0.00010986301,0.000108415246,0.00010443918,9.882491e-05,9.248731e-05,8.679858e-05,8.26279e-05,8.031239e-05,8.058394e-05,8.31816e-05,8.326548e-05,7.291969e-05,5.326474e-05,3.801962e-05,3.762247e-05,4.8187998e-05,5.860813e-05,6.2131796e-05
94,6.7028705e-05,6.372479e-05,5.370639e-05,4.2975124e-05,3.9407325e-05,4.6944602e-05,6.0532566e-05,6.9896276e-05,7.173972e-05,7.0790666e-05,7.097883e-05,7.336249e-05,7.836675e-05,8.5610605e-05,9.2977534e-05,9.716113e-05,9.643289e-05,9.203906e-05,8.681954e-05,8.216652e-05,7.8245386e-05,7.7726974e-05,8.397454e-05,9.5142736e-05,0.00010367019,0.00010406507,9.8148565e-05,9.170799e-05,9.032844e-05,9.5969386e-05,0.00010516289,0.00011262379,0.000115910436,0.000116864016,0.000120138444,0.00012798009,0.00013695643,0.00014205955,0.00014199787,0.00013983443,0.00013832429,0.00013644496,0.00013253404,0.00012849626,0.00012891449,0.00013532689,0.0001434646,0.00014862906,0.00014858853,0.00014381725,0.00014057802,0.00014381725,0.00014858853,0.00014862906,0.0001434646,0.00013532689,0.00012891449,0.00012849626,0.00013253404,0.00013644496,0.00013832429,0.00013983442,0.00014199787,0.00014205955,0.00013695643,0.00012798009,0.000120138444,0.00011686401,0.00011591044,0.00011262379,0.00010516289,9.5969386e-05,9.032844e-05,9.170799e-05,9.8148565e-05,0.00010406506,0.00010367018,9.5142736e-05,8.397454e-05,7.7726974e-05,7.8245386e-05,8.216652e-05,8.6819535e-05,9.203905e-05,9.6432894e-05,9.716112e-05,9.297753e-05,8.5610605e-05,7.836674e-05,7.336249e-05,7.097883e-05,7.079066e-05,7.173972e-05,6.9896276e-05,6.0532566e-05,4.6944602e-05,3.9407325e-05,4.2975124e-05,5.3706386e-05,6.372479e-05,6.70287e-05
95,7.5769836e-05,7.261645e-05,6.319717e-05,5.2877145e-05,4.5860153e-05,4.5065422e-05,5.0437255e-05,5.6598106e-05,5.9773058e-05,6.141819e-05,6.332261e-05,6.6667344e-05,7.284378e-05,8.0985556e-05,8.750666e-05,8.859877e-05,8.375205e-05,7.6829085e-05,7.230281e-05,6.99228e-05,6.666742e-05,6.437357e-05,6.8980284e-05,8.0955026e-05,9.1587266e-05,9.335128e-05,8.783295e-05,8.167628e-05,8.0555175e-05,8.617031e-05,9.572241e-05,0.00010494879,0.00011210382,0.00011776432,0.00012315798,0.00012882863,0.0001326891,0.00013254411,0.00013045275,0.00013066528,0.00013341173,0.00013408305,0.00012993762,0.0001243148,0.00012325117,0.00012922019,0.00013845516,0.00014538318,0.000146911,0.00014389915,0.00014169313,0.00014389915,0.000146911,0.00014538318,0.00013845516,0.00012922019,0.00012325117,0.0001243148,0.00012993762,0.00013408303,0.00013341173,0.00013066528,0.00013045275,0.00013254411,0.0001326891,0.00012882863,0.00012315798,0.00011776431,0.00011210383,0.000104948784,9.572241e-05,8.617031e-05,8.055518e-05,8.167628e-05,8.783296e-05,9.335128e-05,9.158727e-05,8.095502e-05,6.8980284e-05,6.437356e-05,6.666742e-05,6.99228e-05,7.2302806e-05,7.682908e-05,8.375206e-05,8.859877e-05,8.750666e-05,8.0985556e-05,7.284377e-05,6.6667344e-05,6.332261e-05,6.141819e-05,5.9773058e-05,5.6598106e-05,5.0437255e-05,4.5065422e-05,4.5860153e-05,5.2877145e-05,6.319717e-05,7.261645e-05,7.5769836e-05
96,8.047945e-05,7.7830315e-05,7.024644e-05,6.174571e-05,5.366208e-05,4.777966e-05,4.6816556e-05,4.922886e-05,5.1661984e-05,5.3245843e-05,5.4522578e-05,5.7716898e-05,6.4481006e-05,7.221548e-05,7.676876e-05,7.610035e-05,7.143962e-05,6.725806e-05,6.684297e-05,6.7303285e-05,6.426064e-05,5.9889422e-05,6.136586e-05,7.065286e-05,7.9627236e-05,8.054591e-05,7.521449e-05,7.0357004e-05,6.974646e-05,7.385082e-05,8.287204e-05,9.57737e-05,0.000109566616,0.00012020818,0.00012513992,0.00012554272,0.00012311063,0.00011888213,0.000116170275,0.00011839268,0.00012390569,0.00012697518,0.00012479273,0.00012095224,0.00012094881,0.00012603629,0.00013274586,0.00013767567,0.00013994484,0.00014033524,0.00014024098,0.00014033524,0.00013994484,0.00013767567,0.00013274586,0.00012603629,0.00012094881,0.000120952245,0.00012479273,0.00012697518,0.00012390569,0.00011839268,0.00011617027,0.00011888213,0.00012311061,0.00012554273,0.00012513992,0.00012020817,0.000109566616,9.57737e-05,8.287203e-05,7.385082e-05,6.9746464e-05,7.0357004e-05,7.521449e-05,8.054591e-05,7.9627236e-05,7.065285e-05,6.136586e-05,5.9889422e-05,6.426063e-05,6.7303285e-05,6.684297e-05,6.725805e-05,7.1439616e-05,7.610035e-05,7.676876e-05,7.221548e-05,6.4481006e-05,5.7716894e-05,5.4522574e-05,5.3245847e-05,5.1661988e-05,4.9228864e-05,4.6816553e-05,4.7779664e-05,5.366208e-05,6.174572e-05,7.024644e-05,7.7830315e-05,8.047945e-05
97,7.5340206e-05,7.505913e-05,7.145485e-05,6.6063956e-05,5.870354e-05,5.1197996e-05,4.730629e-05,4.6939935e-05,4.6390476e-05,4.3797696e-05,4.1541894e-05,4.4333217e-05,5.251512e-05,6.0342085e-05,6.384058e-05,6.380842e-05,6.291964e-05,6.457468e-05,6.926953e-05,7.209887e-05,6.936892e-05,6.389122e-05,6.1911596e-05,6.537227e-05,6.8159294e-05,6.514287e-05,5.9741575e-05,5.7547502e-05,5.8554644e-05,6.1803075e-05,7.1078895e-05,8.862589e-05,0.00010914157,0.00012319995,0.00012577842,0.000120476005,0.000113451955,0.000108480235,0.00010814009,0.000112954716,0.00011963873,0.00012322508,0.00012180358,0.000119165314,0.00012029697,0.0001245001,0.00012701612,0.00012676377,0.00012718127,0.0001298706,0.0001316397,0.00012987062,0.00012718127,0.00012676377,0.00012701612,0.00012450012,0.00012029697,0.000119165314,0.00012180359,0.00012322508,0.00011963874,0.000112954716,0.0001081401,0.000108480235,0.00011345195,0.000120476005,0.00012577843,0.00012319995,0.00010914157,8.862589e-05,7.10789e-05,6.1803075e-05,5.8554644e-05,5.75475e-05,5.9741575e-05,6.514287e-05,6.815929e-05,6.537227e-05,6.1911596e-05,6.3891224e-05,6.936892e-05,7.209887e-05,6.926953e-05,6.457468e-05,6.291963e-05,6.380842e-05,6.384058e-05,6.0342085e-05,5.2515123e-05,4.4333217e-05,4.1541898e-05,4.3797696e-05,4.6390476e-05,4.693994e-05,4.7306294e-05,5.1197992e-05,5.8703536e-05,6.6063956e-05,7.145485e-05,7.505913e-05,7.53402e-05
98,6.603892e-05,6.870937e-05,6.877718e-05,6.598779e-05,5.9682956e-05,5.2397594e-05,4.8005902e-05,4.5936657e-05,4.134443e-05,3.308479e-05,2.7453108e-05,3.1215142e-05,4.2106585e-05,5.1441948e-05,5.5403438e-05,5.6562312e-05,5.8816586e-05,6.527256e-05,7.4327836e-05,7.957489e-05,7.804312e-05,7.253321e-05,6.747433e-05,6.411823e-05,5.924322e-05,5.211922e-05,4.7790272e-05,4.8875936e-05,5.170704e-05,5.5179218e-05,6.514632e-05,8.534681e-05,0.00010939053,0.00012486972,0.00012580777,0.00011778243,0.0001096216,0.00010654688,0.0001099194,0.000117178366,0.00012335725,0.00012471006,0.00012099747,0.0001169871,0.000118095726,0.00012217482,0.00012225256,0.00011763055,0.000115161914,0.00011819033,0.000120832294,0.00011819032,0.00011516191,0.00011763056,0.00012225256,0.00012217482,0.000118095726,0.000116987096,0.00012099747,0.00012471006,0.00012335727,0.000117178366,0.00010991939,0.000106546875,0.0001096216,0.00011778243,0.00012580777,0.00012486972,0.00010939053,8.534681e-05,6.514632e-05,5.517922e-05,5.170704e-05,4.8875936e-05,4.7790276e-05,5.211922e-05,5.924322e-05,6.411823e-05,6.747433e-05,7.253321e-05,7.804312e-05,7.957489e-05,7.432785e-05,6.527255e-05,5.8816586e-05,5.6562316e-05,5.540344e-05,5.144195e-05,4.2106585e-05,3.1215142e-05,2.7453107e-05,3.308479e-05,4.134443e-05,4.5936657e-05,4.8005902e-05,5.2397594e-05,5.9682956e-05,6.598779e-05,6.877719e-05,6.870937e-05,6.603891e-05
99,6.209848e-05,6.568858e-05,6.6467044e-05,6.474571e-05,5.9422997e-05,5.2752945e-05,4.8131013e-05,4.423782e-05,3.6180572e-05,2.4712499e-05,1.8612533e-05,2.4117622e-05,3.690311e-05,4.7880214e-05,5.326679e-05,5.5122116e-05,5.771888e-05,6.535928e-05,7.66893e-05,8.462501e-05,8.52303e-05,8.0138016e-05,7.276223e-05,6.47223e-05,5.5524793e-05,4.7416674e-05,4.510098e-05,4.8120288e-05,5.1637e-05,5.5611377e-05,6.542253e-05,8.446256e-05,0.000107701024,0.00012324972,0.00012475456,0.00011781686,0.000111729205,0.00011147149,0.00011714469,0.00012467039,0.00012868122,0.00012675583,0.00012007886,0.0001140571,0.000114296374,0.00011812684,0.000117753145,0.000111933376,0.00010811385,0.000110724555,0.00011347368,0.00011072457,0.00010811385,0.00011193338,0.000117753145,0.00011812684,0.000114296374,0.0001140571,0.00012007887,0.00012675583,0.00012868122,0.00012467038,0.000117144686,0.00011147149,0.000111729205,0.000117816846,0.00012475456,0.00012324972,0.000107701024,8.446256e-05,6.542253e-05,5.5611377e-05,5.1637e-05,4.8120288e-05,4.510098e-05,4.7416674e-05,5.5524797e-05,6.47223e-05,7.276223e-05,8.0138016e-05,8.523029e-05,8.462501e-05,7.66893e-05,6.535929e-05,5.771888e-05,5.5122116e-05,5.326679e-05,4.7880214e-05,3.690311e-05,2.4117622e-05,1.8612533e-05,2.4712499e-05,3.618057e-05,4.4237822e-05,4.813101e-05,5.2752945e-05,5.9422993e-05,6.474572e-05,6.6467044e-05,6.568858e-05,6.209848e-05
100,6.277073e-05,6.514244e-05,6.5006476e-05,6.4289095e-05,6.033454e-05,5.3341915e-05,4.6499597e-05,3.9853196e-05,3.067853e-05,2.087776e-05,1.766495e-05,2.4297715e-05,3.6334364e-05,4.7639518e-05,5.4985478e-05,5.780399e-05,5.8858863e-05,6.374089e-05,7.3684554e-05,8.274013e-05,8.535151e-05,8.13554e-05,7.404577e-05,6.612405e-05,5.8412457e-05,5.276585e-05,5.151747e-05,5.317606e-05,5.519716e-05,5.9285987e-05,6.854988e-05,8.410224e-05,0.00010314059,0.00011731591,0.00012047606,0.000116386356,0.000113289825,0.000115697825,0.00012284513,0.00012982737,0.00013156977,0.0001272395,0.00011914746,0.00011211089,0.00011068779,0.00011258189,0.00011153409,0.00010653859,0.00010372985,0.00010680834,0.00010967106,0.000106808344,0.00010372985,0.00010653859,0.00011153409,0.00011258189,0.00011068779,0.00011211089,0.00011914746,0.00012723952,0.00013156977,0.00012982739,0.00012284513,0.000115697825,0.00011328982,0.00011638635,0.000120476056,0.0001173159,0.000103140585,8.410224e-05,6.854988e-05,5.9285987e-05,5.5197157e-05,5.317606e-05,5.151747e-05,5.276584e-05,5.841246e-05,6.612404e-05,7.404577e-05,8.13554e-05,8.535151e-05,8.274013e-05,7.3684554e-05,6.374089e-05,5.885886e-05,5.7803987e-05,5.4985474e-05,4.763952e-05,3.6334364e-05,2.4297713e-05,1.766495e-05,2.0877764e-05,3.067853e-05,3.9853196e-05,4.6499597e-05,5.3341915e-05,6.0334536e-05,6.4289095e-05,6.5006476e-05,6.514244e-05,6.277073e-05
